keyword_id,raw_keyword,normalized_keyword,language,category,topic,content_pillar,search_intent,keyword_cluster,primary_secondary,korean_term,english_meaning,koree_fit,content_potential,youtube_potential,blog_potential,quiz_potential,short_potential,expansion_potential,review_status,priority,source,notes
gwaenchanha-01,,괜찮아,ko,nuance,괜찮아,P2,"NUANCE (inferred from content structure, not real search data)",,,괜찮아,It's okay / I'm fine — but the emotional temperature depends entirely on tone and context.,5,5,5,5,4,5,5,AUTO_CLASSIFIED,P1,K-drama,korean accuracy not yet human-verified (separate axis from content strategy fit)
daebak-01,,대박,ko,slang,대박,P3,"MEANING (inferred from content structure, not real search data)",,,대박,Jackpot / no way! / that's amazing — an all-purpose exclamation of surprise.,5,5,5,5,4,5,5,AUTO_CLASSIFIED,P1,K-pop / slang,korean accuracy not yet human-verified (separate axis from content strategy fit)
gaseulaiting-01,,가스라이팅,ko,neologism,가스라이팅,P3,"MEANING (inferred from content structure, not real search data)",,,가스라이팅,Gaslighting — psychological manipulation where someone deliberately distorts facts so the other person doubts their own memory or judgment.,5,4,4,4,4,4,4,AUTO_CLASSIFIED,P1,Naver 오픈사전 (신조어),korean accuracy not yet human-verified (separate axis from content strategy fit)
eokka-01,,억까,ko,neologism,억까,P3,"MEANING (inferred from content structure, not real search data)",,,억까,"To criticize or hate on something unfairly, for reasons that don't really hold up.",4,2,2,2,4,2,2,AUTO_CLASSIFIED,P3,Naver 오픈사전 (신조어),"dictionary-style only, no nuance/example yet; korean accuracy not yet human-verified (separate axis from content strategy fit)"
700-01,,700,ko,neologism,700,P3,"MEANING (inferred from content structure, not real search data)",,,700,"Cute! — the digits ""700"" visually resemble ㄱㅇㅇ, the initial consonants of 귀여워 (""cute""), so it's typed as a quick reaction to something adorable.",5,4,4,4,4,4,4,AUTO_CLASSIFIED,P1,Naver 오픈사전 (신조어),korean accuracy not yet human-verified (separate axis from content strategy fit)
ohiryeojoa-01,,오히려좋아,ko,neologism,오히려좋아,P3,"MEANING (inferred from content structure, not real search data)",,,오히려좋아,"""Actually, this is better"" — spinning a setback into a silver lining, sincerely or ironically.",5,4,4,4,4,4,4,AUTO_CLASSIFIED,P1,Naver 오픈사전 (신조어),korean accuracy not yet human-verified (separate axis from content strategy fit)
aljaldakkalsen-01,,알잘딱깔센,ko,neologism,알잘딱깔센,P3,"MEANING (inferred from content structure, not real search data)",,,알잘딱깔센,"Shorthand for ""just handle it well, cleanly, and with good sense"" — trusting someone to get something right without detailed instructions.",4,2,2,2,4,2,2,AUTO_CLASSIFIED,P3,Naver 오픈사전 (신조어),"dictionary-style only, no nuance/example yet; korean accuracy not yet human-verified (separate axis from content strategy fit)"
junggkkeokma-01,,중꺾마,ko,neologism,중꺾마,P3,"MEANING (inferred from content structure, not real search data)",,,중꺾마,"""What matters is a heart that doesn't break"" — shorthand for staying resilient no matter the outcome.",5,4,4,4,4,4,4,AUTO_CLASSIFIED,P1,Naver 오픈사전 (신조어),korean accuracy not yet human-verified (separate axis from content strategy fit)
iwaejin-01,,이왜진,ko,neologism,이왜진,P3,"MEANING (inferred from content structure, not real search data)",,,이왜진,"""Wait, why is this actually true?!"" — reacting to a surprising twist that turns out to be real.",4,2,2,2,4,2,2,AUTO_CLASSIFIED,P3,Naver 오픈사전 (신조어),"dictionary-style only, no nuance/example yet; korean accuracy not yet human-verified (separate axis from content strategy fit)"
wikku-01,,위꾸,ko,neologism,위꾸,P3,"MEANING (inferred from content structure, not real search data)",,,위꾸,"""Stomach dress-up"" — slang for eating (dressing up your stomach with food).",4,2,2,2,4,2,2,AUTO_CLASSIFIED,P3,Naver 오픈사전 (신조어),"dictionary-style only, no nuance/example yet; korean accuracy not yet human-verified (separate axis from content strategy fit)"
noekku-01,,뇌꾸,ko,neologism,뇌꾸,P3,"MEANING (inferred from content structure, not real search data)",,,뇌꾸,"""Brain dress-up"" — slang for studying (dressing up your brain).",4,2,2,2,4,2,2,AUTO_CLASSIFIED,P3,Naver 오픈사전 (신조어),"dictionary-style only, no nuance/example yet; korean accuracy not yet human-verified (separate axis from content strategy fit)"
himsumjjin-01,,힘숨찐,ko,neologism,힘숨찐,P3,"MEANING (inferred from content structure, not real search data)",,,힘숨찐,"Someone hiding real strength or skill behind an unassuming appearance — looks ordinary, is secretly impressive.",4,2,2,2,4,2,2,AUTO_CLASSIFIED,P3,Naver 오픈사전 (신조어),"dictionary-style only, no nuance/example yet; korean accuracy not yet human-verified (separate axis from content strategy fit)"
hyeonta-01,,현타,ko,neologism,현타,P3,"MEANING (inferred from content structure, not real search data)",,,현타,"Short for ""reality-check time"" — the sudden moment you're forced to face an uncomfortable truth about your situation.",4,2,2,2,4,2,2,AUTO_CLASSIFIED,P3,Naver 오픈사전 (신조어),"dictionary-style only, no nuance/example yet; korean accuracy not yet human-verified (separate axis from content strategy fit)"
ingeupdong-01,,인급동,ko,neologism,인급동,P3,"MEANING (inferred from content structure, not real search data)",,,인급동,"Short for ""trending video"" (인기 급상승 동영상) — a video blowing up on YouTube.",4,2,2,2,4,2,2,AUTO_CLASSIFIED,P3,Naver 오픈사전 (신조어),"dictionary-style only, no nuance/example yet; korean accuracy not yet human-verified (separate axis from content strategy fit)"
tongmojjahotdogeu-01,,통모짜핫도그,ko,neologism,통모짜핫도그,P3,"MEANING (inferred from content structure, not real search data)",,,통모짜핫도그,"Punning on a hot dog brand name to mean ""so sleep-deprived you're exhausted"" — from 통 못 자 (""couldn't sleep a wink""), which sounds like 통모짜.",5,4,4,4,4,4,4,AUTO_CLASSIFIED,P1,Naver 오픈사전 (신조어),korean accuracy not yet human-verified (separate axis from content strategy fit)
boksepyeonsal-01,,복세편살,ko,neologism,복세편살,P3,"MEANING (inferred from content structure, not real search data)",,,복세편살,"""Let's live comfortably in this complicated world"" — a laid-back life motto.",4,2,2,2,4,2,2,AUTO_CLASSIFIED,P3,Naver 오픈사전 (신조어),"dictionary-style only, no nuance/example yet; korean accuracy not yet human-verified (separate axis from content strategy fit)"
neomwodwae-01,,너뭐돼,ko,neologism,너뭐돼,P3,"MEANING (inferred from content structure, not real search data)",,,너뭐돼,"""Who even are you [to say that]?"" — a sharp pushback when someone acts self-important.",4,2,2,2,4,2,2,AUTO_CLASSIFIED,P3,Naver 오픈사전 (신조어),"dictionary-style only, no nuance/example yet; korean accuracy not yet human-verified (separate axis from content strategy fit)"
sbn-01,,sbn,ko,neologism,sbn,P3,"MEANING (inferred from content structure, not real search data)",,,sbn,"Short for ""sunbae-nim"" (respected senior) — often tacked onto a crush's name.",4,2,2,2,4,2,2,AUTO_CLASSIFIED,P3,Naver 오픈사전 (신조어),"dictionary-style only, no nuance/example yet; korean accuracy not yet human-verified (separate axis from content strategy fit)"
eokten-01,,억텐,ko,neologism,억텐,P3,"MEANING (inferred from content structure, not real search data)",,,억텐,"""Forced tension"" — the fake-cheerful reaction you put on in an awkward group or situation.",4,2,2,2,4,2,2,AUTO_CLASSIFIED,P3,Naver 오픈사전 (신조어),"dictionary-style only, no nuance/example yet; korean accuracy not yet human-verified (separate axis from content strategy fit)"
eomgeunjin-01,,엄근진,ko,neologism,엄근진,P3,"MEANING (inferred from content structure, not real search data)",,,엄근진,"Shorthand for ""strict, stern, and serious"" — describing an overly no-nonsense mood or person.",4,2,2,2,4,2,2,AUTO_CLASSIFIED,P3,Naver 오픈사전 (신조어),"dictionary-style only, no nuance/example yet; korean accuracy not yet human-verified (separate axis from content strategy fit)"
choechoechacha-01,,최최차차,ko,neologism,최최차차,P3,"MEANING (inferred from content structure, not real search data)",,,최최차차,"""My bias is my bias, and [actor] Cha Eun-woo is Cha Eun-woo"" — admitting someone else is objectively good-looking without betraying your own favorite.",4,2,2,2,4,2,2,AUTO_CLASSIFIED,P3,Naver 오픈사전 (신조어),"dictionary-style only, no nuance/example yet; korean accuracy not yet human-verified (separate axis from content strategy fit)"
sikjipsa-01,,식집사,ko,neologism,식집사,P3,"MEANING (inferred from content structure, not real search data)",,,식집사,"""Plant butler"" — someone who keeps and cares for houseplants.",4,2,2,2,4,2,2,AUTO_CLASSIFIED,P3,Naver 오픈사전 (신조어),"dictionary-style only, no nuance/example yet; korean accuracy not yet human-verified (separate axis from content strategy fit)"
godabi-01,,고답이,ko,neologism,고답이,P3,"MEANING (inferred from content structure, not real search data)",,,고답이,"Someone who acts as frustratingly slow or unclear as if they'd eaten too much sweet potato (고구마) — the opposite of a quick, satisfying reaction.",4,2,2,2,4,2,2,AUTO_CLASSIFIED,P3,Naver 오픈사전 (신조어),"dictionary-style only, no nuance/example yet; korean accuracy not yet human-verified (separate axis from content strategy fit)"
kkabanggwon-01,,까방권,ko,neologism,까방권,P3,"MEANING (inferred from content structure, not real search data)",,,까방권,"""Immunity pass from criticism"" — earned after doing something impressive enough that people stop calling you out.",4,2,2,2,4,2,2,AUTO_CLASSIFIED,P3,Naver 오픈사전 (신조어),"dictionary-style only, no nuance/example yet; korean accuracy not yet human-verified (separate axis from content strategy fit)"
eojjeoltibi-01,,어쩔티비,ko,neologism,어쩔티비,P3,"MEANING (inferred from content structure, not real search data)",,,어쩔티비,"A dismissive ""so what, go watch TV"" — a mock-childish comeback to a complaint.",4,2,2,2,4,2,2,AUTO_CLASSIFIED,P3,Naver 오픈사전 (신조어),"dictionary-style only, no nuance/example yet; korean accuracy not yet human-verified (separate axis from content strategy fit)"
jagangducheon-01,,자강두천,ko,neologism,자강두천,P3,"MEANING (inferred from content structure, not real search data)",,,자강두천,"Short for ""a clash of two proud geniuses"" — used for a matchup between two evenly matched, highly confident rivals.",5,4,4,4,4,4,4,AUTO_CLASSIFIED,P1,Naver 오픈사전 (신조어),korean accuracy not yet human-verified (separate axis from content strategy fit)
bunjoka-01,,분조카,ko,neologism,분조카,P3,"MEANING (inferred from content structure, not real search data)",,,분조카,"A café with ""good vibes"" — a pun blending 분위기 좋은 (good atmosphere) and 카페 (café).",4,2,2,2,4,2,2,AUTO_CLASSIFIED,P3,Naver 오픈사전 (신조어),"dictionary-style only, no nuance/example yet; korean accuracy not yet human-verified (separate axis from content strategy fit)"
chubereup-01,,츄베릅,ko,neologism,츄베릅,P3,"MEANING (inferred from content structure, not real search data)",,,츄베릅,An expression evoking the sound of savoring or drooling over delicious food.,5,4,4,4,4,4,4,AUTO_CLASSIFIED,P1,Naver 오픈사전 (신조어),korean accuracy not yet human-verified (separate axis from content strategy fit)
eosa-01,,어사,ko,neologism,어사,P3,"MEANING (inferred from content structure, not real search data)",,,어사,"Short for ""awkward relationship"" (어색한 사이).",4,2,2,2,4,2,2,AUTO_CLASSIFIED,P3,Naver 오픈사전 (신조어),"dictionary-style only, no nuance/example yet; korean accuracy not yet human-verified (separate axis from content strategy fit)"
kaenggeorujok-01,,캥거루족,ko,neologism,캥거루족,P3,"MEANING (inferred from content structure, not real search data)",,,캥거루족,"""Kangaroo tribe"" — young adults who are old enough (or even employed) but still financially dependent on their parents.",4,2,2,2,4,2,2,AUTO_CLASSIFIED,P3,Naver 오픈사전 (신조어),"dictionary-style only, no nuance/example yet; korean accuracy not yet human-verified (separate axis from content strategy fit)"
ojeochigo-01,,오저치고,ko,neologism,오저치고,P3,"MEANING (inferred from content structure, not real search data)",,,오저치고,"Short for ""chicken for dinner tonight?"" — a casual invite to order fried chicken.",4,2,2,2,4,2,2,AUTO_CLASSIFIED,P3,Naver 오픈사전 (신조어),"dictionary-style only, no nuance/example yet; korean accuracy not yet human-verified (separate axis from content strategy fit)"
dolbapdolbap-01,,돌밥돌밥,ko,neologism,돌밥돌밥,P3,"MEANING (inferred from content structure, not real search data)",,,돌밥돌밥,"""Turn around, cook rice, turn around, cook rice"" — the endless cycle of meal-prepping for a household.",4,2,2,2,4,2,2,AUTO_CLASSIFIED,P3,Naver 오픈사전 (신조어),"dictionary-style only, no nuance/example yet; korean accuracy not yet human-verified (separate axis from content strategy fit)"
worabael-01,,워라밸,ko,neologism,워라밸,P3,"MEANING (inferred from content structure, not real search data)",,,워라밸,Work-life balance.,4,2,2,2,4,2,2,AUTO_CLASSIFIED,P3,Naver 오픈사전 (신조어),"dictionary-style only, no nuance/example yet; korean accuracy not yet human-verified (separate axis from content strategy fit)"
gungsamulsa-01,,궁사물사,ko,neologism,궁사물사,P3,"MEANING (inferred from content structure, not real search data)",,,궁사물사,"Short for ""were you curious, or did you actually ask?"" — calling out someone for asking an unnecessary question.",4,2,2,2,4,2,2,AUTO_CLASSIFIED,P3,Naver 오픈사전 (신조어),"dictionary-style only, no nuance/example yet; korean accuracy not yet human-verified (separate axis from content strategy fit)"
pommichyeotda-01,,폼미쳤다,ko,neologism,폼미쳤다,P3,"MEANING (inferred from content structure, not real search data)",,,폼미쳤다,"""Your form/skill is insane"" — usually a compliment on someone's performance, occasionally used sarcastically.",4,2,2,2,4,2,2,AUTO_CLASSIFIED,P3,Naver 오픈사전 (신조어),"dictionary-style only, no nuance/example yet; korean accuracy not yet human-verified (separate axis from content strategy fit)"
yeonggeul-01,,영끌,ko,neologism,영끌,P3,"MEANING (inferred from content structure, not real search data)",,,영끌,"""Dragging up every last bit of your soul"" — scraping together every possible source of money, often for a big investment like real estate or stocks.",4,2,2,2,4,2,2,AUTO_CLASSIFIED,P3,Naver 오픈사전 (신조어),"dictionary-style only, no nuance/example yet; korean accuracy not yet human-verified (separate axis from content strategy fit)"
solkkamal-01,,솔까말,ko,neologism,솔까말,P3,"MEANING (inferred from content structure, not real search data)",,,솔까말,"Short for ""honestly speaking"" (솔직히 까놓고 말해서).",4,2,2,2,4,2,2,AUTO_CLASSIFIED,P3,Naver 오픈사전 (신조어),"dictionary-style only, no nuance/example yet; korean accuracy not yet human-verified (separate axis from content strategy fit)"
goinmul-01,,고인물,ko,neologism,고인물,P3,"MEANING (inferred from content structure, not real search data)",,,고인물,"""Stagnant water"" — someone who's played the same game for so long they're a veteran fixture of it.",4,2,2,2,4,2,2,AUTO_CLASSIFIED,P3,Naver 오픈사전 (신조어),"dictionary-style only, no nuance/example yet; korean accuracy not yet human-verified (separate axis from content strategy fit)"
inssa-01,,인싸,ko,neologism,인싸,P3,"MEANING (inferred from content structure, not real search data)",,,인싸,"Short for ""insider"" — someone actively involved and well-liked within their social group.",4,2,2,2,4,2,2,AUTO_CLASSIFIED,P3,Naver 오픈사전 (신조어),"dictionary-style only, no nuance/example yet; korean accuracy not yet human-verified (separate axis from content strategy fit)"
jotdaetgual-01,,좋댓구알,ko,neologism,좋댓구알,P3,"MEANING (inferred from content structure, not real search data)",,,좋댓구알,"Shorthand YouTubers use asking viewers for ""likes, comments, subscribe, and notifications on.""",4,2,2,2,4,2,2,AUTO_CLASSIFIED,P3,Naver 오픈사전 (신조어),"dictionary-style only, no nuance/example yet; korean accuracy not yet human-verified (separate axis from content strategy fit)"
geotbasokchok-01,,겉바속촉,ko,neologism,겉바속촉,P3,"MEANING (inferred from content structure, not real search data)",,,겉바속촉,"""Crispy outside, moist inside"" — the ideal texture for fried or baked food.",4,2,2,2,4,2,2,AUTO_CLASSIFIED,P3,Naver 오픈사전 (신조어),"dictionary-style only, no nuance/example yet; korean accuracy not yet human-verified (separate axis from content strategy fit)"
kebake-01,,케바케,ko,neologism,케바케,P3,"MEANING (inferred from content structure, not real search data)",,,케바케,"""Case by case"" — it depends on the situation.",4,2,2,2,4,2,2,AUTO_CLASSIFIED,P3,Naver 오픈사전 (신조어),"dictionary-style only, no nuance/example yet; korean accuracy not yet human-verified (separate axis from content strategy fit)"
eoljuka-01,,얼죽아,ko,neologism,얼죽아,P3,"MEANING (inferred from content structure, not real search data)",,,얼죽아,"""I'd rather freeze to death than give up iced coffee"" — someone who drinks iced coffee even in freezing winter.",4,2,2,2,4,2,2,AUTO_CLASSIFIED,P3,Naver 오픈사전 (신조어),"dictionary-style only, no nuance/example yet; korean accuracy not yet human-verified (separate axis from content strategy fit)"
wannaeseu-01,,완내스,ko,neologism,완내스,P3,"MEANING (inferred from content structure, not real search data)",,,완내스,"""Completely my style"" — something that's exactly your taste.",4,2,2,2,4,2,2,AUTO_CLASSIFIED,P3,Naver 오픈사전 (신조어),"dictionary-style only, no nuance/example yet; korean accuracy not yet human-verified (separate axis from content strategy fit)"
masang-01,,마상,ko,neologism,마상,P3,"MEANING (inferred from content structure, not real search data)",,,마상,"Short for ""emotional wound"" (마음의 상처).",4,2,2,2,4,2,2,AUTO_CLASSIFIED,P3,Naver 오픈사전 (신조어),"dictionary-style only, no nuance/example yet; korean accuracy not yet human-verified (separate axis from content strategy fit)"
kagong-01,,카공,ko,neologism,카공,P3,"MEANING (inferred from content structure, not real search data)",,,카공,Studying at a café.,4,2,2,2,4,2,2,AUTO_CLASSIFIED,P3,Naver 오픈사전 (신조어),"dictionary-style only, no nuance/example yet; korean accuracy not yet human-verified (separate axis from content strategy fit)"
jjeopjjeopbaksa-01,,쩝쩝박사,ko,neologism,쩝쩝박사,P3,"MEANING (inferred from content structure, not real search data)",,,쩝쩝박사,"""Lip-smacking PhD"" — someone who really knows their food.",4,2,2,2,4,2,2,AUTO_CLASSIFIED,P3,Naver 오픈사전 (신조어),"dictionary-style only, no nuance/example yet; korean accuracy not yet human-verified (separate axis from content strategy fit)"
seubuljae-01,,스불재,ko,neologism,스불재,P3,"MEANING (inferred from content structure, not real search data)",,,스불재,"""A disaster you brought on yourself"" — self-inflicted trouble.",4,2,2,2,4,2,2,AUTO_CLASSIFIED,P3,Naver 오픈사전 (신조어),"dictionary-style only, no nuance/example yet; korean accuracy not yet human-verified (separate axis from content strategy fit)"
halmalhaanh-01,,할말하않,ko,neologism,할말하않,P3,"MEANING (inferred from content structure, not real search data)",,,할말하않,"""I have plenty to say, but I won't"" — biting your tongue instead of arguing back.",4,2,2,2,4,2,2,AUTO_CLASSIFIED,P3,Naver 오픈사전 (신조어),"dictionary-style only, no nuance/example yet; korean accuracy not yet human-verified (separate axis from content strategy fit)"
meoseon129-01,,머선129,ko,neologism,머선129,P3,"MEANING (inferred from content structure, not real search data)",,,머선129,"Gyeongsang-dialect meme for ""what's going on?"" (무슨 일이고).",4,2,2,2,4,2,2,AUTO_CLASSIFIED,P3,Naver 오픈사전 (신조어),"dictionary-style only, no nuance/example yet; korean accuracy not yet human-verified (separate axis from content strategy fit)"
anmulangung-01,,안물안궁,ko,neologism,안물안궁,P3,"MEANING (inferred from content structure, not real search data)",,,안물안궁,"""Didn't ask, don't care"" — a blunt dismissal of unsolicited information.",4,2,2,2,4,2,2,AUTO_CLASSIFIED,P3,Naver 오픈사전 (신조어),"dictionary-style only, no nuance/example yet; korean accuracy not yet human-verified (separate axis from content strategy fit)"
tmi-01,,TMI,ko,neologism,TMI,P3,"MEANING (inferred from content structure, not real search data)",,,TMI,"""Too Much Information"" — used when someone shares more detail than anyone wanted to know.",4,2,2,2,4,2,2,AUTO_CLASSIFIED,P3,Naver 오픈사전 (신조어),"dictionary-style only, no nuance/example yet; korean accuracy not yet human-verified (separate axis from content strategy fit)"
magikkun-01,,마기꾼,ko,neologism,마기꾼,P3,"MEANING (inferred from content structure, not real search data)",,,마기꾼,"""Mask scammer"" — someone who looks much more attractive with a mask on than without one.",4,2,2,2,4,2,2,AUTO_CLASSIFIED,P3,Naver 오픈사전 (신조어),"dictionary-style only, no nuance/example yet; korean accuracy not yet human-verified (separate axis from content strategy fit)"
bobae-01,,보배,ko,neologism,보배,P3,"MEANING (inferred from content structure, not real search data)",,,보배,"Short for ""portable battery"" (보조 배터리) — a pun on the standard word 보배 (""treasure"").",4,2,2,2,4,2,2,AUTO_CLASSIFIED,P3,Naver 오픈사전 (신조어),"dictionary-style only, no nuance/example yet; korean accuracy not yet human-verified (separate axis from content strategy fit)"
seongdeok-01,,성덕,ko,neologism,성덕,P3,"MEANING (inferred from content structure, not real search data)",,,성덕,"""A successful fan"" — someone whose obsessive fandom (덕후) actually pays off, e.g. meeting or working with their idol.",4,2,2,2,4,2,2,AUTO_CLASSIFIED,P3,Naver 오픈사전 (신조어),"dictionary-style only, no nuance/example yet; korean accuracy not yet human-verified (separate axis from content strategy fit)"
manbanjalbu-01,,만반잘부,ko,neologism,만반잘부,P3,"MEANING (inferred from content structure, not real search data)",,,만반잘부,"Short for ""nice to meet you, please treat me well"" (만나서 반가워, 잘 부탁해).",4,2,2,2,4,2,2,AUTO_CLASSIFIED,P3,Naver 오픈사전 (신조어),"dictionary-style only, no nuance/example yet; korean accuracy not yet human-verified (separate axis from content strategy fit)"
ounwan-01,,오운완,ko,neologism,오운완,P3,"MEANING (inferred from content structure, not real search data)",,,오운완,"""Today's workout: complete"" — a fitness-culture hashtag.",4,2,2,2,4,2,2,AUTO_CLASSIFIED,P3,Naver 오픈사전 (신조어),"dictionary-style only, no nuance/example yet; korean accuracy not yet human-verified (separate axis from content strategy fit)"
naeronambul-01,,내로남불,ko,neologism,내로남불,P3,"MEANING (inferred from content structure, not real search data)",,,내로남불,"""If I do it, it's romance; if someone else does it, it's an affair"" — calling out a double standard.",4,2,2,2,4,2,2,AUTO_CLASSIFIED,P3,Naver 오픈사전 (신조어),"dictionary-style only, no nuance/example yet; korean accuracy not yet human-verified (separate axis from content strategy fit)"
sohoekhoeng-01,,소확횡,ko,neologism,소확횡,P3,"MEANING (inferred from content structure, not real search data)",,,소확횡,"A pun on ""small but certain happiness"" (소확행) — ""small but certain embezzlement,"" joking about skimming a little extra for yourself.",4,2,2,2,4,2,2,AUTO_CLASSIFIED,P3,Naver 오픈사전 (신조어),"dictionary-style only, no nuance/example yet; korean accuracy not yet human-verified (separate axis from content strategy fit)"
jjeomjjeomttari-01,,쩜쩜따리,ko,neologism,쩜쩜따리,P3,"MEANING (inferred from content structure, not real search data)",,,쩜쩜따리,Describes doing something bit by bit — gathering a very small amount at a time.,5,4,4,4,4,4,4,AUTO_CLASSIFIED,P1,Naver 오픈사전 (신조어),korean accuracy not yet human-verified (separate axis from content strategy fit)
gaebokchi-01,,개복치,ko,neologism,개복치,P3,"MEANING (inferred from content structure, not real search data)",,,개복치,"""Sunfish"" — a person who's easily startled or mentally fragile, referencing the (exaggerated) idea that ocean sunfish die from minor stress.",4,2,2,2,4,2,2,AUTO_CLASSIFIED,P3,Naver 오픈사전 (신조어),"dictionary-style only, no nuance/example yet; korean accuracy not yet human-verified (separate axis from content strategy fit)"
katokpeusa-01,,카톡프사,ko,neologism,카톡프사,P3,"MEANING (inferred from content structure, not real search data)",,,카톡프사,"Short for ""KakaoTalk profile picture.""",4,2,2,2,4,2,2,AUTO_CLASSIFIED,P3,Naver 오픈사전 (신조어),"dictionary-style only, no nuance/example yet; korean accuracy not yet human-verified (separate axis from content strategy fit)"
danggeuniseyo-01,,당근이세요,ko,neologism,당근이세요,P3,"MEANING (inferred from content structure, not real search data)",,,당근이세요,"""Are you the carrot?"" — the greeting strangers use to identify each other for a Danggeun Market (당근마켓) resale meetup.",4,2,2,2,4,2,2,AUTO_CLASSIFIED,P3,Naver 오픈사전 (신조어),"dictionary-style only, no nuance/example yet; korean accuracy not yet human-verified (separate axis from content strategy fit)"
jegotnae-01,,제곧내,ko,neologism,제곧내,P3,"MEANING (inferred from content structure, not real search data)",,,제곧내,"Short for ""the title is the content"" (제목이 곧 내용) — a post where the title says it all.",4,2,2,2,4,2,2,AUTO_CLASSIFIED,P3,Naver 오픈사전 (신조어),"dictionary-style only, no nuance/example yet; korean accuracy not yet human-verified (separate axis from content strategy fit)"
jeomechu-01,,저메추,ko,neologism,저메추,P3,"MEANING (inferred from content structure, not real search data)",,,저메추,"Short for ""dinner menu recommendation"" (저녁 메뉴 추천).",4,2,2,2,4,2,2,AUTO_CLASSIFIED,P3,Naver 오픈사전 (신조어),"dictionary-style only, no nuance/example yet; korean accuracy not yet human-verified (separate axis from content strategy fit)"
iseonjwa-01,,이선좌,ko,neologism,이선좌,P3,"MEANING (inferred from content structure, not real search data)",,,이선좌,"Short for ""already-selected seat"" — the frustrating message when a concert/ticket seat you wanted is already taken.",4,2,2,2,4,2,2,AUTO_CLASSIFIED,P3,Naver 오픈사전 (신조어),"dictionary-style only, no nuance/example yet; korean accuracy not yet human-verified (separate axis from content strategy fit)"
bangbangbwa-01,,방방봐,ko,neologism,방방봐,P3,"MEANING (inferred from content structure, not real search data)",,,방방봐,"""Watch a broadcast as just a broadcast"" — a reminder not to take a streamer or TV persona's on-air behavior as who they really are.",5,4,4,4,4,4,4,AUTO_CLASSIFIED,P1,Naver 오픈사전 (신조어),korean accuracy not yet human-verified (separate axis from content strategy fit)
saengseon-01,,생선,ko,neologism,생선,P3,"MEANING (inferred from content structure, not real search data)",,,생선,"A playful pun using the word for ""fish"" to mean ""birthday present"" (생일 선물).",4,2,2,2,4,2,2,AUTO_CLASSIFIED,P3,Naver 오픈사전 (신조어),"dictionary-style only, no nuance/example yet; korean accuracy not yet human-verified (separate axis from content strategy fit)"
nonghyeobeunhaeng-01,,농협은행,ko,neologism,농협은행,P3,"MEANING (inferred from content structure, not real search data)",,,농협은행,"A pun where the bank name ""NongHyup Bank,"" said with an accent, sounds like ""so pretty"" (너무 예쁘네요) — now used as a compliment.",5,4,4,4,4,4,4,AUTO_CLASSIFIED,P1,Naver 오픈사전 (신조어),korean accuracy not yet human-verified (separate axis from content strategy fit)
guchwi-01,,구취,ko,neologism,구취,P3,"MEANING (inferred from content structure, not real search data)",,,구취,"Short for ""unsubscribe"" (구독 취소).",4,2,2,2,4,2,2,AUTO_CLASSIFIED,P3,Naver 오픈사전 (신조어),"dictionary-style only, no nuance/example yet; korean accuracy not yet human-verified (separate axis from content strategy fit)"
ilsaengga-01,,일생가,ko,neologism,일생가,P3,"MEANING (inferred from content structure, not real search data)",,,일생가,"Short, often sarcastic, for ""can you even function in daily life?"" (일상생활 가능?).",4,2,2,2,4,2,2,AUTO_CLASSIFIED,P3,Naver 오픈사전 (신조어),"dictionary-style only, no nuance/example yet; korean accuracy not yet human-verified (separate axis from content strategy fit)"
jamanchu-01,,자만추,ko,neologism,자만추,P3,"MEANING (inferred from content structure, not real search data)",,,자만추,"Short for ""pursuing a natural (non-arranged) meeting"" — preferring to meet a partner organically rather than through setups or apps.",4,2,2,2,4,2,2,AUTO_CLASSIFIED,P3,Naver 오픈사전 (신조어),"dictionary-style only, no nuance/example yet; korean accuracy not yet human-verified (separate axis from content strategy fit)"
gapbunssa-01,,갑분싸,ko,neologism,갑분싸,P3,"MEANING (inferred from content structure, not real search data)",,,갑분싸,"""Suddenly the mood turns cold"" — when a joke or comment kills the room's vibe.",4,2,2,2,4,2,2,AUTO_CLASSIFIED,P3,Naver 오픈사전 (신조어),"dictionary-style only, no nuance/example yet; korean accuracy not yet human-verified (separate axis from content strategy fit)"
kingbatne-01,,킹받네,ko,neologism,킹받네,P3,"MEANING (inferred from content structure, not real search data)",,,킹받네,"An exaggerated ""royally annoyed"" — using ""King"" as an intensifier for irritation.",4,2,2,2,4,2,2,AUTO_CLASSIFIED,P3,Naver 오픈사전 (신조어),"dictionary-style only, no nuance/example yet; korean accuracy not yet human-verified (separate axis from content strategy fit)"
daetmangjinchang-01,,댓망진창,ko,neologism,댓망진창,P3,"MEANING (inferred from content structure, not real search data)",,,댓망진창,"""The comments are a total mess"" — a comment section that's descended into chaos.",4,2,2,2,4,2,2,AUTO_CLASSIFIED,P3,Naver 오픈사전 (신조어),"dictionary-style only, no nuance/example yet; korean accuracy not yet human-verified (separate axis from content strategy fit)"
sabasa-01,,사바사,ko,neologism,사바사,P3,"MEANING (inferred from content structure, not real search data)",,,사바사,"""Person by person"" — it varies depending on who you ask.",4,2,2,2,4,2,2,AUTO_CLASSIFIED,P3,Naver 오픈사전 (신조어),"dictionary-style only, no nuance/example yet; korean accuracy not yet human-verified (separate axis from content strategy fit)"
kkuankku-01,,꾸안꾸,ko,neologism,꾸안꾸,P3,"MEANING (inferred from content structure, not real search data)",,,꾸안꾸,"""Looks done-up, but not done-up"" — an effortless-looking style that actually took effort.",4,2,2,2,4,2,2,AUTO_CLASSIFIED,P3,Naver 오픈사전 (신조어),"dictionary-style only, no nuance/example yet; korean accuracy not yet human-verified (separate axis from content strategy fit)"
mumul-01,,무물,ko,neologism,무물,P3,"MEANING (inferred from content structure, not real search data)",,,무물,"Short for ""ask me anything"" (무엇이든 물어보세요).",4,2,2,2,4,2,2,AUTO_CLASSIFIED,P3,Naver 오픈사전 (신조어),"dictionary-style only, no nuance/example yet; korean accuracy not yet human-verified (separate axis from content strategy fit)"
gilmak-01,,길막,ko,neologism,길막,P3,"MEANING (inferred from content structure, not real search data)",,,길막,Blocking a path or road.,4,2,2,2,4,2,2,AUTO_CLASSIFIED,P3,Naver 오픈사전 (신조어),"dictionary-style only, no nuance/example yet; korean accuracy not yet human-verified (separate axis from content strategy fit)"
jogalnada-01,,조갈나다,ko,neologism,조갈나다,P3,"MEANING (inferred from content structure, not real search data)",,,조갈나다,To be parched — your throat or mouth feels dry as if burning.,5,4,4,4,4,4,4,AUTO_CLASSIFIED,P1,Naver 오픈사전,korean accuracy not yet human-verified (separate axis from content strategy fit)
ttingeon-01,,띵언,ko,neologism,띵언,P3,"MEANING (inferred from content structure, not real search data)",,,띵언,"A stylized misspelling of ""명언"" (famous/wise quote), popular in meme captions.",4,2,2,2,4,2,2,AUTO_CLASSIFIED,P3,Naver 오픈사전 (신조어),"dictionary-style only, no nuance/example yet; korean accuracy not yet human-verified (separate axis from content strategy fit)"
mangwanbu-01,,많관부,ko,neologism,많관부,P3,"MEANING (inferred from content structure, not real search data)",,,많관부,"Short for ""please give this a lot of attention"" (많은 관심 부탁드립니다).",4,2,2,2,4,2,2,AUTO_CLASSIFIED,P3,Naver 오픈사전 (신조어),"dictionary-style only, no nuance/example yet; korean accuracy not yet human-verified (separate axis from content strategy fit)"
byeoldajul-01,,별다줄,ko,neologism,별다줄,P3,"MEANING (inferred from content structure, not real search data)",,,별다줄,"""Abbreviating even the most random things"" — poking fun at how much modern slang shortens phrases.",4,2,2,2,4,2,2,AUTO_CLASSIFIED,P3,Naver 오픈사전 (신조어),"dictionary-style only, no nuance/example yet; korean accuracy not yet human-verified (separate axis from content strategy fit)"
jeommechu-01,,점메추,ko,neologism,점메추,P3,"MEANING (inferred from content structure, not real search data)",,,점메추,"Short for ""lunch menu recommendation"" (점심 메뉴 추천).",4,2,2,2,4,2,2,AUTO_CLASSIFIED,P3,Naver 오픈사전 (신조어),"dictionary-style only, no nuance/example yet; korean accuracy not yet human-verified (separate axis from content strategy fit)"
yupumjeongnisa-01,,유품 정리사,ko,idiom,유품 정리사,P1,"MEANING (inferred from content structure, not real search data)",,,유품 정리사,"A ""belongings organizer"" — someone hired to sort through and clear out a deceased person's belongings.",3,2,2,2,2,2,2,AUTO_CLASSIFIED,P3,KNU 한국어 일상 표현 사전 (Naver 오픈사전),"dictionary-style only, no nuance/example yet; korean accuracy not yet human-verified (separate axis from content strategy fit)"
hyeogaandoragada-01,,혀가 안 돌아가다,ko,idiom,혀가 안 돌아가다,P1,"MEANING (inferred from content structure, not real search data)",,,혀가 안 돌아가다,To be unable to pronounce words clearly and crisply.,3,2,2,2,2,2,2,AUTO_CLASSIFIED,P3,KNU 한국어 일상 표현 사전 (Naver 오픈사전),"dictionary-style only, no nuance/example yet; korean accuracy not yet human-verified (separate axis from content strategy fit)"
jupneunsaramiimjada-01,,줍는 사람이 임자다,ko,idiom,줍는 사람이 임자다,P1,"MEANING (inferred from content structure, not real search data)",,,줍는 사람이 임자다,"""Finders keepers"" — whoever picks up a dropped or lost item gets to keep it.",3,2,2,2,2,2,2,AUTO_CLASSIFIED,P3,KNU 한국어 일상 표현 사전 (Naver 오픈사전),"dictionary-style only, no nuance/example yet; korean accuracy not yet human-verified (separate axis from content strategy fit)"
ttangeulpameokgosalda-01,,땅(을) 파먹고 살다,ko,idiom,땅(을) 파먹고 살다,P1,"MEANING (inferred from content structure, not real search data)",,,땅(을) 파먹고 살다,A blunt way of saying you make a living by farming the land yourself.,3,2,2,2,2,2,2,AUTO_CLASSIFIED,P3,KNU 한국어 일상 표현 사전 (Naver 오픈사전),"dictionary-style only, no nuance/example yet; korean accuracy not yet human-verified (separate axis from content strategy fit)"
dantareulchida-01,,단타(를) 치다,ko,idiom,단타(를) 치다,P1,"MEANING (inferred from content structure, not real search data)",,,단타(를) 치다,To day-trade — buy a stock and sell it again after only a short time.,3,2,2,2,2,2,2,AUTO_CLASSIFIED,P3,KNU 한국어 일상 표현 사전 (Naver 오픈사전),"dictionary-style only, no nuance/example yet; korean accuracy not yet human-verified (separate axis from content strategy fit)"
bunnogachimilda-01,,분노(가) 치밀다,ko,idiom,분노(가) 치밀다,P1,"MEANING (inferred from content structure, not real search data)",,,분노(가) 치밀다,To feel a surge of anger welling up.,3,2,2,2,2,2,2,AUTO_CLASSIFIED,P3,KNU 한국어 일상 표현 사전 (Naver 오픈사전),"dictionary-style only, no nuance/example yet; korean accuracy not yet human-verified (separate axis from content strategy fit)"
sogeulbeorida-01,,속(을) 버리다,ko,idiom,속(을) 버리다,P1,"MEANING (inferred from content structure, not real search data)",,,속(을) 버리다,To upset or damage one's stomach.,3,2,2,2,2,2,2,AUTO_CLASSIFIED,P3,KNU 한국어 일상 표현 사전 (Naver 오픈사전),"dictionary-style only, no nuance/example yet; korean accuracy not yet human-verified (separate axis from content strategy fit)"
ireulchida-01,,일(을) 치다,ko,idiom,일(을) 치다,P1,"MEANING (inferred from content structure, not real search data)",,,일(을) 치다,"To cause an incident, or do something that ends up becoming a problem.",3,2,2,2,2,2,2,AUTO_CLASSIFIED,P3,KNU 한국어 일상 표현 사전 (Naver 오픈사전),"dictionary-style only, no nuance/example yet; korean accuracy not yet human-verified (separate axis from content strategy fit)"
saeroeunjangeulyeolda-01,,새로운 장을 열다,ko,idiom,새로운 장을 열다,P1,"MEANING (inferred from content structure, not real search data)",,,새로운 장을 열다,To open a new chapter — start something for the first time or take it to a new level.,3,2,2,2,2,2,2,AUTO_CLASSIFIED,P3,KNU 한국어 일상 표현 사전 (Naver 오픈사전),"dictionary-style only, no nuance/example yet; korean accuracy not yet human-verified (separate axis from content strategy fit)"
andeureungeoseurohada-01,,안 들은 것으로 하다,ko,idiom,안 들은 것으로 하다,P1,"MEANING (inferred from content structure, not real search data)",,,안 들은 것으로 하다,"To act as if you never heard what someone said, erasing it from memory.",3,2,2,2,2,2,2,AUTO_CLASSIFIED,P3,KNU 한국어 일상 표현 사전 (Naver 오픈사전),"dictionary-style only, no nuance/example yet; korean accuracy not yet human-verified (separate axis from content strategy fit)"
ieotteokegedoeni-01,,N이 어떻게 되니,ko,idiom,N이 어떻게 되니,P1,"MEANING (inferred from content structure, not real search data)",,,N이 어떻게 되니,"A polite way to ask about someone's height, age, price, condition, etc. — ""what's your N?""",3,2,2,2,2,2,2,AUTO_CLASSIFIED,P3,KNU 한국어 일상 표현 사전 (Naver 오픈사전),"dictionary-style only, no nuance/example yet; korean accuracy not yet human-verified (separate axis from content strategy fit)"
hoegigadolda-01,,회기(가) 돌다,ko,idiom,회기(가) 돌다,P1,"MEANING (inferred from content structure, not real search data)",,,회기(가) 돌다,"Appears to describe a grayish tint showing on someone's skin. Low-confidence OCR reading — likely related to or confused with 핏기(가) 돌다 (color returning to one's complexion, see below).",3,2,2,2,2,2,2,AUTO_CLASSIFIED,P3,KNU 한국어 일상 표현 사전 (Naver 오픈사전),"dictionary-style only, no nuance/example yet; korean accuracy not yet human-verified (separate axis from content strategy fit)"
seukaenhada-01,,스캔하다,ko,idiom,스캔하다,P1,"MEANING (inferred from content structure, not real search data)",,,스캔하다,"To quickly size someone or something up at a glance — ""scan"" them.",3,2,2,2,2,2,2,AUTO_CLASSIFIED,P3,KNU 한국어 일상 표현 사전 (Naver 오픈사전),"dictionary-style only, no nuance/example yet; korean accuracy not yet human-verified (separate axis from content strategy fit)"
eododwelkkamalkkainde-01,,V-어도 될까 말까인데,ko,idiom,V-어도 될까 말까인데,P1,"MEANING (inferred from content structure, not real search data)",,,V-어도 될까 말까인데,"Even trying as hard as possible, it's genuinely touch-and-go whether you'll manage to pull it off.",3,2,2,2,2,2,2,AUTO_CLASSIFIED,P3,KNU 한국어 일상 표현 사전 (Naver 오픈사전),"dictionary-style only, no nuance/example yet; korean accuracy not yet human-verified (separate axis from content strategy fit)"
dogateuida-01,,도(가) 트이다,ko,idiom,도(가) 트이다,P1,"MEANING (inferred from content structure, not real search data)",,,도(가) 트이다,To become highly skilled or knowledgeable at something through long experience and study.,3,2,2,2,2,2,2,AUTO_CLASSIFIED,P3,KNU 한국어 일상 표현 사전 (Naver 오픈사전),"dictionary-style only, no nuance/example yet; korean accuracy not yet human-verified (separate axis from content strategy fit)"
koreuseseulchoida-01,,코르셋(을) 조이다,ko,idiom,코르셋(을) 조이다,P1,"MEANING (inferred from content structure, not real search data)",,,코르셋(을) 조이다,"Figuratively, for a woman to constrain herself under the norms and pressures society places on women — likened to tightening a corset.",3,2,2,2,2,2,2,AUTO_CLASSIFIED,P3,KNU 한국어 일상 표현 사전 (Naver 오픈사전),"dictionary-style only, no nuance/example yet; korean accuracy not yet human-verified (separate axis from content strategy fit)"
tteryeoyattelsueopda-01,,떼려야 뗄 수 없다,ko,idiom,떼려야 뗄 수 없다,P1,"MEANING (inferred from content structure, not real search data)",,,떼려야 뗄 수 없다,Describes a relationship or connection so close it can't be separated even if you tried.,3,2,2,2,2,2,2,AUTO_CLASSIFIED,P3,KNU 한국어 일상 표현 사전 (Naver 오픈사전),"dictionary-style only, no nuance/example yet; korean accuracy not yet human-verified (separate axis from content strategy fit)"
gosaengimanseumnida-01,,고생(이) 많습니다,ko,idiom,고생(이) 많습니다,P1,"MEANING (inferred from content structure, not real search data)",,,고생(이) 많습니다,A polite phrase acknowledging and thanking someone for their ongoing hard work.,3,2,2,2,2,2,2,AUTO_CLASSIFIED,P3,KNU 한국어 일상 표현 사전 (Naver 오픈사전),"dictionary-style only, no nuance/example yet; korean accuracy not yet human-verified (separate axis from content strategy fit)"
marijoaseonji-01,,말이 좋아서 N(이)지,ko,idiom,말이 좋아서 N(이)지,P1,"MEANING (inferred from content structure, not real search data)",,,말이 좋아서 N(이)지,"""It's only called N to make it sound nice"" — used when something looks good on paper but isn't in practice.",3,2,2,2,2,2,2,AUTO_CLASSIFIED,P3,KNU 한국어 일상 표현 사전 (Naver 오픈사전),"dictionary-style only, no nuance/example yet; korean accuracy not yet human-verified (separate axis from content strategy fit)"
itneunjip-01,,있는 집,ko,idiom,있는 집,P1,"MEANING (inferred from content structure, not real search data)",,,있는 집,A wealthy household or family.,3,2,2,2,2,2,2,AUTO_CLASSIFIED,P3,KNU 한국어 일상 표현 사전 (Naver 오픈사전),"dictionary-style only, no nuance/example yet; korean accuracy not yet human-verified (separate axis from content strategy fit)"
donarumida-01,,N도 N 나름이다,ko,idiom,N도 N 나름이다,P1,"MEANING (inferred from content structure, not real search data)",,,N도 N 나름이다,"Even things sharing the same name or category can differ a lot in actual quality — ""not all Ns are the same.""",3,2,2,2,2,2,2,AUTO_CLASSIFIED,P3,KNU 한국어 일상 표현 사전 (Naver 오픈사전),"dictionary-style only, no nuance/example yet; korean accuracy not yet human-verified (separate axis from content strategy fit)"
gaeobeulitda-01,,가업(을) 잇다,ko,idiom,가업(을) 잇다,P1,"MEANING (inferred from content structure, not real search data)",,,가업(을) 잇다,To take over and continue a family's traditional trade or business.,3,2,2,2,2,2,2,AUTO_CLASSIFIED,P3,KNU 한국어 일상 표현 사전 (Naver 오픈사전),"dictionary-style only, no nuance/example yet; korean accuracy not yet human-verified (separate axis from content strategy fit)"
hanbalppareuda-01,,한발 빠르다,ko,idiom,한발 빠르다,P1,"MEANING (inferred from content structure, not real search data)",,,한발 빠르다,To be one step ahead of others in timing.,3,2,2,2,2,2,2,AUTO_CLASSIFIED,P3,KNU 한국어 일상 표현 사전 (Naver 오픈사전),"dictionary-style only, no nuance/example yet; korean accuracy not yet human-verified (separate axis from content strategy fit)"
gaettongeuroalda-01,,N을 개똥으로 알다,ko,idiom,N을 개똥으로 알다,P1,"MEANING (inferred from content structure, not real search data)",,,N을 개똥으로 알다,"To regard something as utterly worthless (literally, ""as dog poop"").",3,2,2,2,2,2,2,AUTO_CLASSIFIED,P3,KNU 한국어 일상 표현 사전 (Naver 오픈사전),"dictionary-style only, no nuance/example yet; korean accuracy not yet human-verified (separate axis from content strategy fit)"
malgwigaeodupda-01,,말귀(가) 어둡다,ko,idiom,말귀(가) 어둡다,P1,"MEANING (inferred from content structure, not real search data)",,,말귀(가) 어둡다,To be slow at picking up what someone means.,3,2,2,2,2,2,2,AUTO_CLASSIFIED,P3,KNU 한국어 일상 표현 사전 (Naver 오픈사전),"dictionary-style only, no nuance/example yet; korean accuracy not yet human-verified (separate axis from content strategy fit)"
chemyeoneulgugida-01,,체면(을) 구기다,ko,idiom,체면(을) 구기다,P1,"MEANING (inferred from content structure, not real search data)",,,체면(을) 구기다,To be embarrassed or lose face.,3,2,2,2,2,2,2,AUTO_CLASSIFIED,P3,KNU 한국어 일상 표현 사전 (Naver 오픈사전),"dictionary-style only, no nuance/example yet; korean accuracy not yet human-verified (separate axis from content strategy fit)"
gaejitneunsori-01,,개 짖는 소리,ko,idiom,개 짖는 소리,P1,"MEANING (inferred from content structure, not real search data)",,,개 짖는 소리,"A dismissive term for nonsense talk — ""just a dog barking,"" i.e. talk that doesn't make sense.",3,2,2,2,2,2,2,AUTO_CLASSIFIED,P3,KNU 한국어 일상 표현 사전 (Naver 오픈사전),"dictionary-style only, no nuance/example yet; korean accuracy not yet human-verified (separate axis from content strategy fit)"
jasereuljapda-01,,자세(를) 잡다,ko,idiom,자세(를) 잡다,P1,"MEANING (inferred from content structure, not real search data)",,,자세(를) 잡다,To strike or take on a particular pose or posture.,3,2,2,2,2,2,2,AUTO_CLASSIFIED,P3,KNU 한국어 일상 표현 사전 (Naver 오픈사전),"dictionary-style only, no nuance/example yet; korean accuracy not yet human-verified (separate axis from content strategy fit)"
wiaraereulgarida-01,,위아래(를) 가리다,ko,idiom,위아래(를) 가리다,P1,"MEANING (inferred from content structure, not real search data)",,,위아래(를) 가리다,To distinguish rank by age or position — who's senior and who's junior.,3,2,2,2,2,2,2,AUTO_CLASSIFIED,P3,KNU 한국어 일상 표현 사전 (Naver 오픈사전),"dictionary-style only, no nuance/example yet; korean accuracy not yet human-verified (separate axis from content strategy fit)"
golkipeoittdagogolandeuleoganna-01,,골키퍼 있다고 골 안 들어가나,ko,idiom,골키퍼 있다고 골 안 들어가나,P1,"MEANING (inferred from content structure, not real search data)",,,골키퍼 있다고 골 안 들어가나,"""Just because there's a goalkeeper doesn't mean no goals get scored"" — said about pursuing someone romantically even though they're already taken.",3,2,2,2,2,2,2,AUTO_CLASSIFIED,P3,KNU 한국어 일상 표현 사전 (Naver 오픈사전),"dictionary-style only, no nuance/example yet; korean accuracy not yet human-verified (separate axis from content strategy fit)"
eodieseobaewomeokda-01,,어디(에)서 배워 먹다,ko,idiom,어디(에)서 배워 먹다,P1,"MEANING (inferred from content structure, not real search data)",,,어디(에)서 배워 먹다,A rebuke implying someone's rude words or behavior show poor upbringing.,3,2,2,2,2,2,2,AUTO_CLASSIFIED,P3,KNU 한국어 일상 표현 사전 (Naver 오픈사전),"dictionary-style only, no nuance/example yet; korean accuracy not yet human-verified (separate axis from content strategy fit)"
danmulsseunmureuldappaemeokda-01,,단물 쓴물(을) 다 빼먹다,ko,idiom,단물 쓴물(을) 다 빼먹다,P1,"MEANING (inferred from content structure, not real search data)",,,단물 쓴물(을) 다 빼먹다,To squeeze every last bit of use out of someone or something.,3,2,2,2,2,2,2,AUTO_CLASSIFIED,P3,KNU 한국어 일상 표현 사전 (Naver 오픈사전),"dictionary-style only, no nuance/example yet; korean accuracy not yet human-verified (separate axis from content strategy fit)"
maljjanghwangida-01,,말짱 황이다,ko,idiom,말짱 황이다,P1,"MEANING (inferred from content structure, not real search data)",,,말짱 황이다,To put in effort or work for absolutely no payoff — all for nothing.,3,2,2,2,2,2,2,AUTO_CLASSIFIED,P3,KNU 한국어 일상 표현 사전 (Naver 오픈사전),"dictionary-style only, no nuance/example yet; korean accuracy not yet human-verified (separate axis from content strategy fit)"
ngeunkkeomida-01,,N은 껌이다,ko,idiom,N은 껌이다,P1,"MEANING (inferred from content structure, not real search data)",,,N은 껌이다,"""N is a piece of cake"" — something is extremely easy.",3,2,2,2,2,2,2,AUTO_CLASSIFIED,P3,KNU 한국어 일상 표현 사전 (Naver 오픈사전),"dictionary-style only, no nuance/example yet; korean accuracy not yet human-verified (separate axis from content strategy fit)"
nalgaereulkkeokda-01,,날개(를) 꺾다,ko,idiom,날개(를) 꺾다,P1,"MEANING (inferred from content structure, not real search data)",,,날개(를) 꺾다,To crush someone's momentum or ability so they can't fully use it.,3,2,2,2,2,2,2,AUTO_CLASSIFIED,P3,KNU 한국어 일상 표현 사전 (Naver 오픈사전),"dictionary-style only, no nuance/example yet; korean accuracy not yet human-verified (separate axis from content strategy fit)"
josimhiollagasipsio-01,,조심히 올라가십시오,ko,idiom,조심히 올라가십시오,P1,"MEANING (inferred from content structure, not real search data)",,,조심히 올라가십시오,"""Travel safely up [to Seoul]"" — a farewell said to someone heading back to Seoul.",3,2,2,2,2,2,2,AUTO_CLASSIFIED,P3,KNU 한국어 일상 표현 사전 (Naver 오픈사전),"dictionary-style only, no nuance/example yet; korean accuracy not yet human-verified (separate axis from content strategy fit)"
irikeojida-01,,일(이) 커지다,ko,idiom,일(이) 커지다,P1,"MEANING (inferred from content structure, not real search data)",,,일(이) 커지다,For a matter to grow bigger in scale or draw in more people.,3,2,2,2,2,2,2,AUTO_CLASSIFIED,P3,KNU 한국어 일상 표현 사전 (Naver 오픈사전),"dictionary-style only, no nuance/example yet; korean accuracy not yet human-verified (separate axis from content strategy fit)"
nunenalseoseoda-01,,눈에 날(이) 서다,ko,idiom,눈에 날(이) 서다,P1,"MEANING (inferred from content structure, not real search data)",,,눈에 날(이) 서다,"To have a sharp, piercing look in one's eyes.",3,2,2,2,2,2,2,AUTO_CLASSIFIED,P3,KNU 한국어 일상 표현 사전 (Naver 오픈사전),"dictionary-style only, no nuance/example yet; korean accuracy not yet human-verified (separate axis from content strategy fit)"
gajingeosimanta-01,,가진 것이 많다,ko,idiom,가진 것이 많다,P1,"MEANING (inferred from content structure, not real search data)",,,가진 것이 많다,"To have a lot — wealth, ability, and so on.",3,2,2,2,2,2,2,AUTO_CLASSIFIED,P3,KNU 한국어 일상 표현 사전 (Naver 오픈사전),"dictionary-style only, no nuance/example yet; korean accuracy not yet human-verified (separate axis from content strategy fit)"
yeonghwareulzzikda-01,,영화(를) 찍다,ko,idiom,영화(를) 찍다,P1,"MEANING (inferred from content structure, not real search data)",,,영화(를) 찍다,"""Filming a movie"" — describes a real situation playing out like an overly dramatic movie scene.",3,2,2,2,2,2,2,AUTO_CLASSIFIED,P3,KNU 한국어 일상 표현 사전 (Naver 오픈사전),"dictionary-style only, no nuance/example yet; korean accuracy not yet human-verified (separate axis from content strategy fit)"
sonmogajigananagada-01,,손모가지(가) 날아가다,ko,idiom,손모가지(가) 날아가다,P1,"MEANING (inferred from content structure, not real search data)",,,손모가지(가) 날아가다,"A blunt, harsh warning of severe punishment for repeating a mistake — literally ""your wrist flies off.""",3,2,2,2,2,2,2,AUTO_CLASSIFIED,P3,KNU 한국어 일상 표현 사전 (Naver 오픈사전),"dictionary-style only, no nuance/example yet; korean accuracy not yet human-verified (separate axis from content strategy fit)"
gwajeupmi-01,,과즙미,ko,idiom,과즙미,P1,"MEANING (inferred from content structure, not real search data)",,,과즙미,"A fresh, vibrant charm like the juice of ripe fruit — a lively, appealing vibe.",3,2,2,2,2,2,2,AUTO_CLASSIFIED,P3,KNU 한국어 일상 표현 사전 (Naver 오픈사전),"dictionary-style only, no nuance/example yet; korean accuracy not yet human-verified (separate axis from content strategy fit)"
mureuldeureoolttaebaettiuda-01,,물 들어올 때 배 띄우다,ko,idiom,물 들어올 때 배 띄우다,P1,"MEANING (inferred from content structure, not real search data)",,,물 들어올 때 배 띄우다,"""Launch the boat when the tide comes in"" — seize an opportunity the moment it appears.",3,2,2,2,2,2,2,AUTO_CLASSIFIED,P3,KNU 한국어 일상 표현 사전 (Naver 오픈사전),"dictionary-style only, no nuance/example yet; korean accuracy not yet human-verified (separate axis from content strategy fit)"
jukdasaranada-01,,죽다 살아나다,ko,idiom,죽다 살아나다,P1,"MEANING (inferred from content structure, not real search data)",,,죽다 살아나다,To come back from the brink of death or disaster and recover.,3,2,2,2,2,2,2,AUTO_CLASSIFIED,P3,KNU 한국어 일상 표현 사전 (Naver 오픈사전),"dictionary-style only, no nuance/example yet; korean accuracy not yet human-verified (separate axis from content strategy fit)"
keunilnalsori-01,,큰일 날 소리,ko,idiom,큰일 날 소리,P1,"MEANING (inferred from content structure, not real search data)",,,큰일 날 소리,A warning that what someone just said is inappropriate or could cause serious trouble.,3,2,2,2,2,2,2,AUTO_CLASSIFIED,P3,KNU 한국어 일상 표현 사전 (Naver 오픈사전),"dictionary-style only, no nuance/example yet; korean accuracy not yet human-verified (separate axis from content strategy fit)"
saenggagimanta-01,,생각(이) 많다,ko,idiom,생각(이) 많다,P1,"MEANING (inferred from content structure, not real search data)",,,생각(이) 많다,To be overthinking — weighed down by many worries.,3,2,2,2,2,2,2,AUTO_CLASSIFIED,P3,KNU 한국어 일상 표현 사전 (Naver 오픈사전),"dictionary-style only, no nuance/example yet; korean accuracy not yet human-verified (separate axis from content strategy fit)"
myeochireulgada-01,,며칠(을) 가다,ko,idiom,며칠(을) 가다,P1,"MEANING (inferred from content structure, not real search data)",,,며칠(을) 가다,To last for a certain number of days.,3,2,2,2,2,2,2,AUTO_CLASSIFIED,P3,KNU 한국어 일상 표현 사전 (Naver 오픈사전),"dictionary-style only, no nuance/example yet; korean accuracy not yet human-verified (separate axis from content strategy fit)"
boijianeunson-01,,보이지 않는 손,ko,idiom,보이지 않는 손,P1,"MEANING (inferred from content structure, not real search data)",,,보이지 않는 손,"An ""invisible hand"" — an unseen force influencing something.",3,2,2,2,2,2,2,AUTO_CLASSIFIED,P3,KNU 한국어 일상 표현 사전 (Naver 오픈사전),"dictionary-style only, no nuance/example yet; korean accuracy not yet human-verified (separate axis from content strategy fit)"
nmandomotada-01,,N만도 못하다,ko,idiom,N만도 못하다,P1,"MEANING (inferred from content structure, not real search data)",,,N만도 못하다,"To be even worse or more lacking than N, used to emphasize how bad something is by comparison.",3,2,2,2,2,2,2,AUTO_CLASSIFIED,P3,KNU 한국어 일상 표현 사전 (Naver 오픈사전),"dictionary-style only, no nuance/example yet; korean accuracy not yet human-verified (separate axis from content strategy fit)"
siganeulssotda-01,,시간(을) 쏟다,ko,idiom,시간(을) 쏟다,P1,"MEANING (inferred from content structure, not real search data)",,,시간(을) 쏟다,To pour a lot of time into something.,3,2,2,2,2,2,2,AUTO_CLASSIFIED,P3,KNU 한국어 일상 표현 사전 (Naver 오픈사전),"dictionary-style only, no nuance/example yet; korean accuracy not yet human-verified (separate axis from content strategy fit)"
nunmurissukppajida-01,,눈물(이) 쑥 빠지다,ko,idiom,눈물(이) 쑥 빠지다,P1,"MEANING (inferred from content structure, not real search data)",,,눈물(이) 쑥 빠지다,To suddenly burst into tears from overwhelming sadness or pain.,3,2,2,2,2,2,2,AUTO_CLASSIFIED,P3,KNU 한국어 일상 표현 사전 (Naver 오픈사전),"dictionary-style only, no nuance/example yet; korean accuracy not yet human-verified (separate axis from content strategy fit)"
bomyeonmoreuna-01,,보면 모르나,ko,idiom,보면 모르나,P1,"MEANING (inferred from content structure, not real search data)",,,보면 모르나,"""Can't you tell just by looking?"" — a snide remark when someone misses the obvious.",3,2,2,2,2,2,2,AUTO_CLASSIFIED,P3,KNU 한국어 일상 표현 사전 (Naver 오픈사전),"dictionary-style only, no nuance/example yet; korean accuracy not yet human-verified (separate axis from content strategy fit)"
bunwigireulnaeda-01,,분위기(를) 내다,ko,idiom,분위기(를) 내다,P1,"MEANING (inferred from content structure, not real search data)",,,분위기(를) 내다,To set or boost a certain mood or vibe.,3,2,2,2,2,2,2,AUTO_CLASSIFIED,P3,KNU 한국어 일상 표현 사전 (Naver 오픈사전),"dictionary-style only, no nuance/example yet; korean accuracy not yet human-verified (separate axis from content strategy fit)"
beureikeugaeopda-01,,브레이크(가) 없다,ko,idiom,브레이크(가) 없다,P1,"MEANING (inferred from content structure, not real search data)",,,브레이크(가) 없다,"Figuratively, for a situation or activity to keep going without ever stopping — ""no brakes.""",3,2,2,2,2,2,2,AUTO_CLASSIFIED,P3,KNU 한국어 일상 표현 사전 (Naver 오픈사전),"dictionary-style only, no nuance/example yet; korean accuracy not yet human-verified (separate axis from content strategy fit)"
myeotjjeomkkalda-01,,몇 점 깔다,ko,idiom,몇 점 깔다,P1,"MEANING (inferred from content structure, not real search data)",,,몇 점 깔다,"In games like baduk or janggi, to give a weaker opponent a head-start score out of consideration.",3,2,2,2,2,2,2,AUTO_CLASSIFIED,P3,KNU 한국어 일상 표현 사전 (Naver 오픈사전),"dictionary-style only, no nuance/example yet; korean accuracy not yet human-verified (separate axis from content strategy fit)"
jeokdanghireulmoreuda-01,,적당히를 모르다,ko,idiom,적당히를 모르다,P1,"MEANING (inferred from content structure, not real search data)",,,적당히를 모르다,To never know when to stop — always overdoing it.,3,2,2,2,2,2,2,AUTO_CLASSIFIED,P3,KNU 한국어 일상 표현 사전 (Naver 오픈사전),"dictionary-style only, no nuance/example yet; korean accuracy not yet human-verified (separate axis from content strategy fit)"
gyehoegeuljapda-01,,계획(을) 잡다,ko,idiom,계획(을) 잡다,P1,"MEANING (inferred from content structure, not real search data)",,,계획(을) 잡다,To plan out the order or method for something you'll do.,3,2,2,2,2,2,2,AUTO_CLASSIFIED,P3,KNU 한국어 일상 표현 사전 (Naver 오픈사전),"dictionary-style only, no nuance/example yet; korean accuracy not yet human-verified (separate axis from content strategy fit)"
myeonsseuna-01,,V-(으)면 쓰나,ko,idiom,V-(으)면 쓰나,P1,"MEANING (inferred from content structure, not real search data)",,,V-(으)면 쓰나,"Rhetorical: ""what good would it do if...?"" — implying the described action is a bad idea.",3,2,2,2,2,2,2,AUTO_CLASSIFIED,P3,KNU 한국어 일상 표현 사전 (Naver 오픈사전),"dictionary-style only, no nuance/example yet; korean accuracy not yet human-verified (separate axis from content strategy fit)"
bulssireulsallida-01,,불씨(를) 살리다,ko,idiom,불씨(를) 살리다,P1,"MEANING (inferred from content structure, not real search data)",,,불씨(를) 살리다,"Figuratively, to reignite something that had been dying down or losing momentum.",3,2,2,2,2,2,2,AUTO_CLASSIFIED,P3,KNU 한국어 일상 표현 사전 (Naver 오픈사전),"dictionary-style only, no nuance/example yet; korean accuracy not yet human-verified (separate axis from content strategy fit)"
pitgigadolda-01,,핏기(가) 돌다,ko,idiom,핏기(가) 돌다,P1,"MEANING (inferred from content structure, not real search data)",,,핏기(가) 돌다,For color and vitality to return to someone's complexion as they recover.,3,2,2,2,2,2,2,AUTO_CLASSIFIED,P3,KNU 한국어 일상 표현 사전 (Naver 오픈사전),"dictionary-style only, no nuance/example yet; korean accuracy not yet human-verified (separate axis from content strategy fit)"
eodoeodokkeuchieopda-01,,V-어도 V-어도 끝이 없다,ko,idiom,V-어도 V-어도 끝이 없다,P1,"MEANING (inferred from content structure, not real search data)",,,V-어도 V-어도 끝이 없다,"No matter how many times you do a particular action, it never seems to end.",3,2,2,2,2,2,2,AUTO_CLASSIFIED,P3,KNU 한국어 일상 표현 사전 (Naver 오픈사전),"dictionary-style only, no nuance/example yet; korean accuracy not yet human-verified (separate axis from content strategy fit)"
meokgosaljagohada-01,,먹고 살자고 하다,ko,idiom,먹고 살자고 하다,P1,"MEANING (inferred from content structure, not real search data)",,,먹고 살자고 하다,Said to emphasize that basic everyday needs (like eating well) shouldn't be sacrificed just to get by.,3,2,2,2,2,2,2,AUTO_CLASSIFIED,P3,KNU 한국어 일상 표현 사전 (Naver 오픈사전),"dictionary-style only, no nuance/example yet; korean accuracy not yet human-verified (separate axis from content strategy fit)"
beoseureultada-01,,버스(를) 타다,ko,idiom,버스(를) 타다,P1,"MEANING (inferred from content structure, not real search data)",,,버스(를) 타다,"In gaming, to ride along on a stronger teammate's carry to win or advance.",3,2,2,2,2,2,2,AUTO_CLASSIFIED,P3,KNU 한국어 일상 표현 사전 (Naver 오픈사전),"dictionary-style only, no nuance/example yet; korean accuracy not yet human-verified (separate axis from content strategy fit)"
hanbangekkeutnaeda-01,,한 방에 끝내다,ko,idiom,한 방에 끝내다,P1,"MEANING (inferred from content structure, not real search data)",,,한 방에 끝내다,To finish something off in one decisive shot.,3,2,2,2,2,2,2,AUTO_CLASSIFIED,P3,KNU 한국어 일상 표현 사전 (Naver 오픈사전),"dictionary-style only, no nuance/example yet; korean accuracy not yet human-verified (separate axis from content strategy fit)"
muneodarireulgeolchida-01,,문어 다리(를) 걸치다,ko,idiom,문어 다리(를) 걸치다,P1,"MEANING (inferred from content structure, not real search data)",,,문어 다리(를) 걸치다,"Figuratively, to be seeing or dating several people at once — ""octopus legs.""",3,2,2,2,2,2,2,AUTO_CLASSIFIED,P3,KNU 한국어 일상 표현 사전 (Naver 오픈사전),"dictionary-style only, no nuance/example yet; korean accuracy not yet human-verified (separate axis from content strategy fit)"
dwikkeutbaengmannyeon-01,,뒤끝 백만 년,ko,idiom,뒤끝 백만 년,P1,"MEANING (inferred from content structure, not real search data)",,,뒤끝 백만 년,Holding onto a grudge or bad feeling for what feels like forever.,3,2,2,2,2,2,2,AUTO_CLASSIFIED,P3,KNU 한국어 일상 표현 사전 (Naver 오픈사전),"dictionary-style only, no nuance/example yet; korean accuracy not yet human-verified (separate axis from content strategy fit)"
myeonsowonieopgetda-01,,V-(으)면 소원이 없겠다,ko,idiom,V-(으)면 소원이 없겠다,P1,"MEANING (inferred from content structure, not real search data)",,,V-(으)면 소원이 없겠다,Expresses an earnest wish for something to happen.,3,2,2,2,2,2,2,AUTO_CLASSIFIED,P3,KNU 한국어 일상 표현 사전 (Naver 오픈사전),"dictionary-style only, no nuance/example yet; korean accuracy not yet human-verified (separate axis from content strategy fit)"
ittaedasipda-01,,이때다 싶다,ko,idiom,이때다 싶다,P1,"MEANING (inferred from content structure, not real search data)",,,이때다 싶다,"To think ""now's the moment!"" and seize the opportunity.",3,2,2,2,2,2,2,AUTO_CLASSIFIED,P3,KNU 한국어 일상 표현 사전 (Naver 오픈사전),"dictionary-style only, no nuance/example yet; korean accuracy not yet human-verified (separate axis from content strategy fit)"
sonbadakwieseonolda-01,,손바닥 위에서 놀다,ko,idiom,손바닥 위에서 놀다,P1,"MEANING (inferred from content structure, not real search data)",,,손바닥 위에서 놀다,"To be completely under someone else's control, unable to act outside what they allow — ""dancing on someone's palm.""",3,2,2,2,2,2,2,AUTO_CLASSIFIED,P3,KNU 한국어 일상 표현 사전 (Naver 오픈사전),"dictionary-style only, no nuance/example yet; korean accuracy not yet human-verified (separate axis from content strategy fit)"
haneurimuseopjidoanta-01,,하늘이 무섭지(도) 않다,ko,idiom,하늘이 무섭지(도) 않다,P1,"MEANING (inferred from content structure, not real search data)",,,하늘이 무섭지(도) 않다,A warning that someone who's done a lot of wrong should fear karmic consequences.,3,2,2,2,2,2,2,AUTO_CLASSIFIED,P3,KNU 한국어 일상 표현 사전 (Naver 오픈사전),"dictionary-style only, no nuance/example yet; korean accuracy not yet human-verified (separate axis from content strategy fit)"
nugumotjianta-01,,누구 못지않다,ko,idiom,누구 못지않다,P1,"MEANING (inferred from content structure, not real search data)",,,누구 못지않다,To be just as good as anyone else — not inferior to anyone.,3,2,2,2,2,2,2,AUTO_CLASSIFIED,P3,KNU 한국어 일상 표현 사전 (Naver 오픈사전),"dictionary-style only, no nuance/example yet; korean accuracy not yet human-verified (separate axis from content strategy fit)"
malkkorireulheurida-01,,말꼬리(를) 흐리다,ko,idiom,말꼬리(를) 흐리다,P1,"MEANING (inferred from content structure, not real search data)",,,말꼬리(를) 흐리다,"To trail off and mumble the end of a sentence, leaving it unclear.",3,2,2,2,2,2,2,AUTO_CLASSIFIED,P3,KNU 한국어 일상 표현 사전 (Naver 오픈사전),"dictionary-style only, no nuance/example yet; korean accuracy not yet human-verified (separate axis from content strategy fit)"
seonguireulboida-01,,성의(를) 보이다,ko,idiom,성의(를) 보이다,P1,"MEANING (inferred from content structure, not real search data)",,,성의(를) 보이다,To show sincerity or genuine effort in something.,3,2,2,2,2,2,2,AUTO_CLASSIFIED,P3,KNU 한국어 일상 표현 사전 (Naver 오픈사전),"dictionary-style only, no nuance/example yet; korean accuracy not yet human-verified (separate axis from content strategy fit)"
sanneomgomulgeonneo-01,,산 넘고 물 건너,ko,idiom,산 넘고 물 건너,P1,"MEANING (inferred from content structure, not real search data)",,,산 넘고 물 건너,"""Over mountains and across rivers"" — describing someone or something that came from very far away.",3,2,2,2,2,2,2,AUTO_CLASSIFIED,P3,KNU 한국어 일상 표현 사전 (Naver 오픈사전),"dictionary-style only, no nuance/example yet; korean accuracy not yet human-verified (separate axis from content strategy fit)"
chagamakida-01,,차(가) 막히다,ko,idiom,차(가) 막히다,P1,"MEANING (inferred from content structure, not real search data)",,,차(가) 막히다,For traffic to be jammed and not flowing.,3,2,2,2,2,2,2,AUTO_CLASSIFIED,P3,KNU 한국어 일상 표현 사전 (Naver 오픈사전),"dictionary-style only, no nuance/example yet; korean accuracy not yet human-verified (separate axis from content strategy fit)"
seonppangeulnallida-01,,선빵(을) 날리다,ko,idiom,선빵(을) 날리다,P1,"MEANING (inferred from content structure, not real search data)",,,선빵(을) 날리다,"To strike first, preemptively and more aggressively, before the other side can act.",3,2,2,2,2,2,2,AUTO_CLASSIFIED,P3,KNU 한국어 일상 표현 사전 (Naver 오픈사전),"dictionary-style only, no nuance/example yet; korean accuracy not yet human-verified (separate axis from content strategy fit)"
gwireulnogida-01,,귀(를) 녹이다,ko,idiom,귀(를) 녹이다,P1,"MEANING (inferred from content structure, not real search data)",,,귀(를) 녹이다,"For music or a sound to be so sweet it ""melts your ears.""",3,2,2,2,2,2,2,AUTO_CLASSIFIED,P3,KNU 한국어 일상 표현 사전 (Naver 오픈사전),"dictionary-style only, no nuance/example yet; korean accuracy not yet human-verified (separate axis from content strategy fit)"
dakyuroatda-01,,다큐로 받다,ko,idiom,다큐로 받다,P1,"MEANING (inferred from content structure, not real search data)",,,다큐로 받다,"To take something (usually a joke) far too seriously, as if it were a documentary.",3,2,2,2,2,2,2,AUTO_CLASSIFIED,P3,KNU 한국어 일상 표현 사전 (Naver 오픈사전),"dictionary-style only, no nuance/example yet; korean accuracy not yet human-verified (separate axis from content strategy fit)"
imaesseobuchida-01,,이마에 써 붙이다,ko,idiom,이마에 써 붙이다,P1,"MEANING (inferred from content structure, not real search data)",,,이마에 써 붙이다,"To openly reveal something without hiding it at all — ""write it on your forehead.""",3,2,2,2,2,2,2,AUTO_CLASSIFIED,P3,KNU 한국어 일상 표현 사전 (Naver 오픈사전),"dictionary-style only, no nuance/example yet; korean accuracy not yet human-verified (separate axis from content strategy fit)"
dakchigo-01,,닥치고,ko,idiom,닥치고,P1,"MEANING (inferred from content structure, not real search data)",,,닥치고,"""Shut up and [just do it]"" — a blunt way of saying no arguments, no conditions.",3,2,2,2,2,2,2,AUTO_CLASSIFIED,P3,KNU 한국어 일상 표현 사전 (Naver 오픈사전),"dictionary-style only, no nuance/example yet; korean accuracy not yet human-verified (separate axis from content strategy fit)"
eodiseogaegajitnahada-01,,어디서 개가 짖나 하다,ko,idiom,어디서 개가 짖나 하다,P1,"MEANING (inferred from content structure, not real search data)",,,어디서 개가 짖나 하다,"To completely ignore or tune out what someone says, as if it were just a dog barking somewhere.",3,2,2,2,2,2,2,AUTO_CLASSIFIED,P3,KNU 한국어 일상 표현 사전 (Naver 오픈사전),"dictionary-style only, no nuance/example yet; korean accuracy not yet human-verified (separate axis from content strategy fit)"
gojigaboida-01,,고지(가) 보이다,ko,idiom,고지(가) 보이다,P1,"MEANING (inferred from content structure, not real search data)",,,고지(가) 보이다,"Figuratively, to be able to see the finish line — close to completing something.",3,2,2,2,2,2,2,AUTO_CLASSIFIED,P3,KNU 한국어 일상 표현 사전 (Naver 오픈사전),"dictionary-style only, no nuance/example yet; korean accuracy not yet human-verified (separate axis from content strategy fit)"
bolsurokgagwan-01,,볼수록 가관,ko,idiom,볼수록 가관,P1,"MEANING (inferred from content structure, not real search data)",,,볼수록 가관,"The more you look or watch, the more ridiculous or unbelievable it gets (sarcastic).",3,2,2,2,2,2,2,AUTO_CLASSIFIED,P3,KNU 한국어 일상 표현 사전 (Naver 오픈사전),"dictionary-style only, no nuance/example yet; korean accuracy not yet human-verified (separate axis from content strategy fit)"
mareulkkeunta-01,,말(을) 끊다,ko,idiom,말(을) 끊다,P1,"MEANING (inferred from content structure, not real search data)",,,말(을) 끊다,To cut someone off while they're talking.,3,2,2,2,2,2,2,AUTO_CLASSIFIED,P3,KNU 한국어 일상 표현 사전 (Naver 오픈사전),"dictionary-style only, no nuance/example yet; korean accuracy not yet human-verified (separate axis from content strategy fit)"
jigeumsiganimyeossiinde-01,,지금 시간이 몇 시인데,ko,idiom,지금 시간이 몇 시인데,P1,"MEANING (inferred from content structure, not real search data)",,,지금 시간이 몇 시인데,"""Do you know what time it is?!"" — scolding someone for doing (or not doing) something at a very inappropriate time.",3,2,2,2,2,2,2,AUTO_CLASSIFIED,P3,KNU 한국어 일상 표현 사전 (Naver 오픈사전),"dictionary-style only, no nuance/example yet; korean accuracy not yet human-verified (separate axis from content strategy fit)"
ondocha-01,,온도 차,ko,idiom,온도 차,P1,"MEANING (inferred from content structure, not real search data)",,,온도 차,"A ""temperature difference"" — a gap in how differently people think or feel about the same topic.",3,2,2,2,2,2,2,AUTO_CLASSIFIED,P3,KNU 한국어 일상 표현 사전 (Naver 오픈사전),"dictionary-style only, no nuance/example yet; korean accuracy not yet human-verified (separate axis from content strategy fit)"
bangeulppaeda-01,,방(을) 빼다,ko,idiom,방(을) 빼다,P1,"MEANING (inferred from content structure, not real search data)",,,방(을) 빼다,"To move out, vacating a rented room after settling the deposit.",3,2,2,2,2,2,2,AUTO_CLASSIFIED,P3,KNU 한국어 일상 표현 사전 (Naver 오픈사전),"dictionary-style only, no nuance/example yet; korean accuracy not yet human-verified (separate axis from content strategy fit)"
geueolgurigeueolgurida-01,,그 얼굴이 그 얼굴이다,ko,idiom,그 얼굴이 그 얼굴이다,P1,"MEANING (inferred from content structure, not real search data)",,,그 얼굴이 그 얼굴이다,"Everyone gathered or seen in a place looks about the same, without much variety.",3,2,2,2,2,2,2,AUTO_CLASSIFIED,P3,KNU 한국어 일상 표현 사전 (Naver 오픈사전),"dictionary-style only, no nuance/example yet; korean accuracy not yet human-verified (separate axis from content strategy fit)"
gwitdeungeuronomgida-01,,귓등으로 넘기다,ko,idiom,귓등으로 넘기다,P1,"MEANING (inferred from content structure, not real search data)",,,귓등으로 넘기다,"To only half-listen to what someone says, letting it go in one ear and out the other.",3,2,2,2,2,2,2,AUTO_CLASSIFIED,P3,KNU 한국어 일상 표현 사전 (Naver 오픈사전),"dictionary-style only, no nuance/example yet; korean accuracy not yet human-verified (separate axis from content strategy fit)"
gugeulkkeuryeomeokda-01,,국(을) 끓여 먹다,ko,idiom,국(을) 끓여 먹다,P1,"MEANING (inferred from content structure, not real search data)",,,국(을) 끓여 먹다,"To make full, savvy use of something instead of letting it go to waste.",3,2,2,2,2,2,2,AUTO_CLASSIFIED,P3,KNU 한국어 일상 표현 사전 (Naver 오픈사전),"dictionary-style only, no nuance/example yet; korean accuracy not yet human-verified (separate axis from content strategy fit)"
aenimeolhoding-01,,애니멀 호딩,ko,idiom,애니멀 호딩,P1,"MEANING (inferred from content structure, not real search data)",,,애니멀 호딩,Animal hoarding — collecting far more animals than you can properly care for.,3,2,2,2,2,2,2,AUTO_CLASSIFIED,P3,KNU 한국어 일상 표현 사전 (Naver 오픈사전),"dictionary-style only, no nuance/example yet; korean accuracy not yet human-verified (separate axis from content strategy fit)"
jjoksuromireobutchida-01,,쪽 수로 밀어붙이다,ko,idiom,쪽 수로 밀어붙이다,P1,"MEANING (inferred from content structure, not real search data)",,,쪽 수로 밀어붙이다,"To push something through by sheer numbers or majority, regardless of merit.",3,2,2,2,2,2,2,AUTO_CLASSIFIED,P3,KNU 한국어 일상 표현 사전 (Naver 오픈사전),"dictionary-style only, no nuance/example yet; korean accuracy not yet human-verified (separate axis from content strategy fit)"
naerimakgillojeobeodeulda-01,,내리막길로 접어들다,ko,idiom,내리막길로 접어들다,P1,"MEANING (inferred from content structure, not real search data)",,,내리막길로 접어들다,"Figuratively, for a situation or trend to start heading downhill.",3,2,2,2,2,2,2,AUTO_CLASSIFIED,P3,KNU 한국어 일상 표현 사전 (Naver 오픈사전),"dictionary-style only, no nuance/example yet; korean accuracy not yet human-verified (separate axis from content strategy fit)"
chimjombaetda-01,,침 좀 뱉다,ko,idiom,침 좀 뱉다,P1,"MEANING (inferred from content structure, not real search data)",,,침 좀 뱉다,"Figuratively, to live carelessly or recklessly, without much regard for consequences.",3,2,2,2,2,2,2,AUTO_CLASSIFIED,P3,KNU 한국어 일상 표현 사전 (Naver 오픈사전),"dictionary-style only, no nuance/example yet; korean accuracy not yet human-verified (separate axis from content strategy fit)"
misoreuljangchakhada-01,,미소(를) 장착하다,ko,idiom,미소(를) 장착하다,P1,"MEANING (inferred from content structure, not real search data)",,,미소(를) 장착하다,"To put on a smile deliberately, without actually laughing.",3,2,2,2,2,2,2,AUTO_CLASSIFIED,P3,KNU 한국어 일상 표현 사전 (Naver 오픈사전),"dictionary-style only, no nuance/example yet; korean accuracy not yet human-verified (separate axis from content strategy fit)"
jukgianimyeonsalgi-01,,죽기 아니면 살기,ko,idiom,죽기 아니면 살기,P1,"MEANING (inferred from content structure, not real search data)",,,죽기 아니면 살기,"""Do or die"" — putting in everything you have as if your life depended on it.",3,2,2,2,2,2,2,AUTO_CLASSIFIED,P3,KNU 한국어 일상 표현 사전 (Naver 오픈사전),"dictionary-style only, no nuance/example yet; korean accuracy not yet human-verified (separate axis from content strategy fit)"
kkaebangjeongeulteolda-01,,깨방정을 떨다,ko,idiom,깨방정을 떨다,P1,"MEANING (inferred from content structure, not real search data)",,,깨방정을 떨다,"To act in a silly, careless, or overly excitable way.",3,2,2,2,2,2,2,AUTO_CLASSIFIED,P3,KNU 한국어 일상 표현 사전 (Naver 오픈사전),"dictionary-style only, no nuance/example yet; korean accuracy not yet human-verified (separate axis from content strategy fit)"
yeollagidatta-01,,연락(이) 닿다,ko,idiom,연락(이) 닿다,P1,"MEANING (inferred from content structure, not real search data)",,,연락(이) 닿다,To be reachable — able to get in touch with someone.,3,2,2,2,2,2,2,AUTO_CLASSIFIED,P3,KNU 한국어 일상 표현 사전 (Naver 오픈사전),"dictionary-style only, no nuance/example yet; korean accuracy not yet human-verified (separate axis from content strategy fit)"
chogonappeuda-01,,촉(이) 나쁘다,ko,idiom,촉(이) 나쁘다,P1,"MEANING (inferred from content structure, not real search data)",,,촉(이) 나쁘다,To have poor instincts or intuition about things.,3,2,2,2,2,2,2,AUTO_CLASSIFIED,P3,KNU 한국어 일상 표현 사전 (Naver 오픈사전),"dictionary-style only, no nuance/example yet; korean accuracy not yet human-verified (separate axis from content strategy fit)"
dattonaseo-01,,다 떠나서,ko,idiom,다 떠나서,P1,"MEANING (inferred from content structure, not real search data)",,,다 떠나서,"""Setting all that aside"" — used to move past other considerations and focus on the main point.",3,2,2,2,2,2,2,AUTO_CLASSIFIED,P3,KNU 한국어 일상 표현 사전 (Naver 오픈사전),"dictionary-style only, no nuance/example yet; korean accuracy not yet human-verified (separate axis from content strategy fit)"
gungireuljapda-01,,군기(를) 잡다,ko,idiom,군기(를) 잡다,P1,"MEANING (inferred from content structure, not real search data)",,,군기(를) 잡다,"To enforce strict discipline and order over juniors (military, school, work), sometimes excessively.",3,2,2,2,2,2,2,AUTO_CLASSIFIED,P3,KNU 한국어 일상 표현 사전 (Naver 오픈사전),"dictionary-style only, no nuance/example yet; korean accuracy not yet human-verified (separate axis from content strategy fit)"
pangpareureulullida-01,,팡파르(를) 울리다,ko,idiom,팡파르(를) 울리다,P1,"MEANING (inferred from content structure, not real search data)",,,팡파르(를) 울리다,To kick something off with fanfare and celebration.,3,2,2,2,2,2,2,AUTO_CLASSIFIED,P3,KNU 한국어 일상 표현 사전 (Naver 오픈사전),"dictionary-style only, no nuance/example yet; korean accuracy not yet human-verified (separate axis from content strategy fit)"
jeongongeulsallida-01,,전공(을) 살리다,ko,idiom,전공(을) 살리다,P1,"MEANING (inferred from content structure, not real search data)",,,전공(을) 살리다,To find work related to what you actually majored in or studied.,3,2,2,2,2,2,2,AUTO_CLASSIFIED,P3,KNU 한국어 일상 표현 사전 (Naver 오픈사전),"dictionary-style only, no nuance/example yet; korean accuracy not yet human-verified (separate axis from content strategy fit)"
malgatjidoaneunsori-01,,말 같지도 않은 소리,ko,idiom,말 같지도 않은 소리,P1,"MEANING (inferred from content structure, not real search data)",,,말 같지도 않은 소리,Words so unreasonable they don't even deserve to be called speech.,3,2,2,2,2,2,2,AUTO_CLASSIFIED,P3,KNU 한국어 일상 표현 사전 (Naver 오픈사전),"dictionary-style only, no nuance/example yet; korean accuracy not yet human-verified (separate axis from content strategy fit)"
seungbusureulttiuda-01,,승부수(를) 띄우다,ko,idiom,승부수(를) 띄우다,P1,"MEANING (inferred from content structure, not real search data)",,,승부수(를) 띄우다,"To make a decisive, game-changing move meant to swing a contest or match.",3,2,2,2,2,2,2,AUTO_CLASSIFIED,P3,KNU 한국어 일상 표현 사전 (Naver 오픈사전),"dictionary-style only, no nuance/example yet; korean accuracy not yet human-verified (separate axis from content strategy fit)"
nugaianiralkkabwa-01,,누가 N(이) 아니랄까봐,ko,idiom,누가 N(이) 아니랄까봐,P1,"MEANING (inferred from content structure, not real search data)",,,누가 N(이) 아니랄까봐,"""As if to prove N right"" — said sarcastically when someone acts exactly as their reputation would suggest.",3,2,2,2,2,2,2,AUTO_CLASSIFIED,P3,KNU 한국어 일상 표현 사전 (Naver 오픈사전),"dictionary-style only, no nuance/example yet; korean accuracy not yet human-verified (separate axis from content strategy fit)"
nunijeulgeopda-01,,눈이 즐겁다,ko,idiom,눈이 즐겁다,P1,"MEANING (inferred from content structure, not real search data)",,,눈이 즐겁다,"""A feast for the eyes"" — something is enjoyable just to look at.",3,2,2,2,2,2,2,AUTO_CLASSIFIED,P3,KNU 한국어 일상 표현 사전 (Naver 오픈사전),"dictionary-style only, no nuance/example yet; korean accuracy not yet human-verified (separate axis from content strategy fit)"
sajinbo-01,,사이 진보,ko,idiom,사이 진보,P1,"MEANING (inferred from content structure, not real search data)",,,사이 진보,A voter who doesn't openly reveal their political lean until the moment they actually cast a progressive vote.,3,2,2,2,2,2,2,AUTO_CLASSIFIED,P3,KNU 한국어 일상 표현 사전 (Naver 오픈사전),"dictionary-style only, no nuance/example yet; korean accuracy not yet human-verified (separate axis from content strategy fit)"
gungjjagimatda-01,,궁짝(이) 맞다,ko,idiom,궁짝(이) 맞다,P1,"MEANING (inferred from content structure, not real search data)",,,궁짝(이) 맞다,For two people to click well and get along in what they say and do.,3,2,2,2,2,2,2,AUTO_CLASSIFIED,P3,KNU 한국어 일상 표현 사전 (Naver 오픈사전),"dictionary-style only, no nuance/example yet; korean accuracy not yet human-verified (separate axis from content strategy fit)"
doneurobareuda-01,,돈(으로) 바르다,ko,idiom,돈(으로) 바르다,P1,"MEANING (inferred from content structure, not real search data)",,,돈(으로) 바르다,"Informally, to throw money at a problem or task to resolve it.",3,2,2,2,2,2,2,AUTO_CLASSIFIED,P3,KNU 한국어 일상 표현 사전 (Naver 오픈사전),"dictionary-style only, no nuance/example yet; korean accuracy not yet human-verified (separate axis from content strategy fit)"
neungnyeokbakkida-01,,능력 밖이다,ko,idiom,능력 밖이다,P1,"MEANING (inferred from content structure, not real search data)",,,능력 밖이다,To be beyond what one is capable of handling.,3,2,2,2,2,2,2,AUTO_CLASSIFIED,P3,KNU 한국어 일상 표현 사전 (Naver 오픈사전),"dictionary-style only, no nuance/example yet; korean accuracy not yet human-verified (separate axis from content strategy fit)"
hojeoge-ingkeudoanmareuda-01,,호적에 잉크도 안 마르다,ko,idiom,호적에 잉크도 안 마르다,P1,"MEANING (inferred from content structure, not real search data)",,,호적에 잉크도 안 마르다,"""The ink on the family register isn't even dry yet"" — said about someone acting oddly mature (or fresh) for how young they are.",3,2,2,2,2,2,2,AUTO_CLASSIFIED,P3,KNU 한국어 일상 표현 사전 (Naver 오픈사전),"dictionary-style only, no nuance/example yet; korean accuracy not yet human-verified (separate axis from content strategy fit)"
kkirikkirinolda-01,,끼리끼리 놀다,ko,idiom,끼리끼리 놀다,P1,"MEANING (inferred from content structure, not real search data)",,,끼리끼리 놀다,For similar people to stick together and only hang out among themselves.,3,2,2,2,2,2,2,AUTO_CLASSIFIED,P3,KNU 한국어 일상 표현 사전 (Naver 오픈사전),"dictionary-style only, no nuance/example yet; korean accuracy not yet human-verified (separate axis from content strategy fit)"
ildoanida-01,,일도 아니다,ko,idiom,일도 아니다,P1,"MEANING (inferred from content structure, not real search data)",,,일도 아니다,"""It's nothing"" — extremely easy to do.",3,2,2,2,2,2,2,AUTO_CLASSIFIED,P3,KNU 한국어 일상 표현 사전 (Naver 오픈사전),"dictionary-style only, no nuance/example yet; korean accuracy not yet human-verified (separate axis from content strategy fit)"
beiribeotgida-01,,베일(이) 벗기다,ko,idiom,베일(이) 벗기다,P1,"MEANING (inferred from content structure, not real search data)",,,베일(이) 벗기다,For something secret or hidden to be revealed and uncovered.,3,2,2,2,2,2,2,AUTO_CLASSIFIED,P3,KNU 한국어 일상 표현 사전 (Naver 오픈사전),"dictionary-style only, no nuance/example yet; korean accuracy not yet human-verified (separate axis from content strategy fit)"
maeumigangada-01,,마음(이) 강하다,ko,idiom,마음(이) 강하다,P1,"MEANING (inferred from content structure, not real search data)",,,마음(이) 강하다,To not easily get shaken or hurt by others' words or actions.,3,2,2,2,2,2,2,AUTO_CLASSIFIED,P3,KNU 한국어 일상 표현 사전 (Naver 오픈사전),"dictionary-style only, no nuance/example yet; korean accuracy not yet human-verified (separate axis from content strategy fit)"
useumkkochimanbalhada-01,,웃음꽃(이) 만발하다,ko,idiom,웃음꽃(이) 만발하다,P1,"MEANING (inferred from content structure, not real search data)",,,웃음꽃(이) 만발하다,"For laughter to burst out all at once, everywhere — ""a flower-bloom of laughter.""",3,2,2,2,2,2,2,AUTO_CLASSIFIED,P3,KNU 한국어 일상 표현 사전 (Naver 오픈사전),"dictionary-style only, no nuance/example yet; korean accuracy not yet human-verified (separate axis from content strategy fit)"
soneultada-01,,손(을) 타다,ko,idiom,손(을) 타다,P1,"MEANING (inferred from content structure, not real search data)",,,손(을) 타다,For an animal to get used to receiving affection and care from people.,3,2,2,2,2,2,2,AUTO_CLASSIFIED,P3,KNU 한국어 일상 표현 사전 (Naver 오픈사전),"dictionary-style only, no nuance/example yet; korean accuracy not yet human-verified (separate axis from content strategy fit)"
isseodogeumaneopseodogeuman-01,,있어도 그만 없어도 그만,ko,idiom,있어도 그만 없어도 그만,P1,"MEANING (inferred from content structure, not real search data)",,,있어도 그만 없어도 그만,"""Fine either way"" — something that doesn't really matter whether you have it or not.",3,2,2,2,2,2,2,AUTO_CLASSIFIED,P3,KNU 한국어 일상 표현 사전 (Naver 오픈사전),"dictionary-style only, no nuance/example yet; korean accuracy not yet human-verified (separate axis from content strategy fit)"
minnachateuldeoraenaeda-01,,민낯을 드러내다,ko,idiom,민낯을 드러내다,P1,"MEANING (inferred from content structure, not real search data)",,,민낯을 드러내다,"To reveal one's true, unembellished self or nature — ""bare face.""",3,2,2,2,2,2,2,AUTO_CLASSIFIED,P3,KNU 한국어 일상 표현 사전 (Naver 오픈사전),"dictionary-style only, no nuance/example yet; korean accuracy not yet human-verified (separate axis from content strategy fit)"
hansumigipda-01,,한숨(이) 깊다,ko,idiom,한숨(이) 깊다,P1,"MEANING (inferred from content structure, not real search data)",,,한숨(이) 깊다,To sigh deeply from heavy worry and sorrow.,3,2,2,2,2,2,2,AUTO_CLASSIFIED,P3,KNU 한국어 일상 표현 사전 (Naver 오픈사전),"dictionary-style only, no nuance/example yet; korean accuracy not yet human-verified (separate axis from content strategy fit)"
ngwisin-01,,N 귀신,ko,idiom,N 귀신,P1,"MEANING (inferred from content structure, not real search data)",,,N 귀신,"A ""ghost for N"" — someone who's obsessively fond of a particular thing.",3,2,2,2,2,2,2,AUTO_CLASSIFIED,P3,KNU 한국어 일상 표현 사전 (Naver 오픈사전),"dictionary-style only, no nuance/example yet; korean accuracy not yet human-verified (separate axis from content strategy fit)"
hantangeulnorida-01,,한탕(을) 노리다,ko,idiom,한탕(을) 노리다,P1,"MEANING (inferred from content structure, not real search data)",,,한탕(을) 노리다,To hope for one big illegal or improper score/payoff.,3,2,2,2,2,2,2,AUTO_CLASSIFIED,P3,KNU 한국어 일상 표현 사전 (Naver 오픈사전),"dictionary-style only, no nuance/example yet; korean accuracy not yet human-verified (separate axis from content strategy fit)"
bakwibeollehanssang-01,,바퀴벌레 한 쌍,ko,idiom,바퀴벌레 한 쌍,P1,"MEANING (inferred from content structure, not real search data)",,,바퀴벌레 한 쌍,"A mocking term for a couple who suit each other a little too well — ""a pair of cockroaches.""",3,2,2,2,2,2,2,AUTO_CLASSIFIED,P3,KNU 한국어 일상 표현 사전 (Naver 오픈사전),"dictionary-style only, no nuance/example yet; korean accuracy not yet human-verified (separate axis from content strategy fit)"
soreumidotda-01,,소름(이) 돋다,ko,idiom,소름(이) 돋다,P1,"MEANING (inferred from content structure, not real search data)",,,소름(이) 돋다,To get goosebumps from being amazed or startled.,3,2,2,2,2,2,2,AUTO_CLASSIFIED,P3,KNU 한국어 일상 표현 사전 (Naver 오픈사전),"dictionary-style only, no nuance/example yet; korean accuracy not yet human-verified (separate axis from content strategy fit)"
baekpalsipdorobyeonhada-01,,백팔십도(로) 변하다,ko,idiom,백팔십도(로) 변하다,P1,"MEANING (inferred from content structure, not real search data)",,,백팔십도(로) 변하다,"For someone's personality, attitude, or a situation to completely flip — ""change 180 degrees.""",3,2,2,2,2,2,2,AUTO_CLASSIFIED,P3,KNU 한국어 일상 표현 사전 (Naver 오픈사전),"dictionary-style only, no nuance/example yet; korean accuracy not yet human-verified (separate axis from content strategy fit)"
teotsereulburida-01,,텃세(를) 부리다,ko,idiom,텃세(를) 부리다,P1,"MEANING (inferred from content structure, not real search data)",,,텃세(를) 부리다,For an established member of a group to look down on or make things hard for a newcomer.,3,2,2,2,2,2,2,AUTO_CLASSIFIED,P3,KNU 한국어 일상 표현 사전 (Naver 오픈사전),"dictionary-style only, no nuance/example yet; korean accuracy not yet human-verified (separate axis from content strategy fit)"
jalkiunn1hanayeoln2anburupda-01,,잘 키운 N1 하나 열 N2 안 부럽다,ko,idiom,잘 키운 N1 하나 열 N2 안 부럽다,P1,"MEANING (inferred from content structure, not real search data)",,,잘 키운 N1 하나 열 N2 안 부럽다,"""One well-raised N1 beats ten N2"" — one great thing or person is worth more than many lesser ones.",3,2,2,2,2,2,2,AUTO_CLASSIFIED,P3,KNU 한국어 일상 표현 사전 (Naver 오픈사전),"dictionary-style only, no nuance/example yet; korean accuracy not yet human-verified (separate axis from content strategy fit)"
joeunmaldohandubeonida-01,,좋은 말도 한두 번이다,ko,idiom,좋은 말도 한두 번이다,P1,"MEANING (inferred from content structure, not real search data)",,,좋은 말도 한두 번이다,"Even good, helpful advice gets tiresome if repeated too many times.",3,2,2,2,2,2,2,AUTO_CLASSIFIED,P3,KNU 한국어 일상 표현 사전 (Naver 오픈사전),"dictionary-style only, no nuance/example yet; korean accuracy not yet human-verified (separate axis from content strategy fit)"
hyeonjangeuldeopchida-01,,현장(을) 덮치다,ko,idiom,현장(을) 덮치다,P1,"MEANING (inferred from content structure, not real search data)",,,현장(을) 덮치다,To swoop in right at the scene where something is happening.,3,2,2,2,2,2,2,AUTO_CLASSIFIED,P3,KNU 한국어 일상 표현 사전 (Naver 오픈사전),"dictionary-style only, no nuance/example yet; korean accuracy not yet human-verified (separate axis from content strategy fit)"
ipijjaejida-01,,입(이) 째지다,ko,idiom,입(이) 째지다,P1,"MEANING (inferred from content structure, not real search data)",,,입(이) 째지다,"Informally, to grin from ear to ear with joy.",3,2,2,2,2,2,2,AUTO_CLASSIFIED,P3,KNU 한국어 일상 표현 사전 (Naver 오픈사전),"dictionary-style only, no nuance/example yet; korean accuracy not yet human-verified (separate axis from content strategy fit)"
mareunbarohada-01,,말은 바로 하다,ko,idiom,말은 바로 하다,P1,"MEANING (inferred from content structure, not real search data)",,,말은 바로 하다,"To state the truth precisely, without spin.",3,2,2,2,2,2,2,AUTO_CLASSIFIED,P3,KNU 한국어 일상 표현 사전 (Naver 오픈사전),"dictionary-style only, no nuance/example yet; korean accuracy not yet human-verified (separate axis from content strategy fit)"
dakeuseokeuriteokkkajinaeryeooda-01,,다크서클이 턱까지 내려오다,ko,idiom,다크서클이 턱까지 내려오다,P1,"MEANING (inferred from content structure, not real search data)",,,다크서클이 턱까지 내려오다,Exaggerating being so exhausted that dark circles reach all the way down to your chin.,3,2,2,2,2,2,2,AUTO_CLASSIFIED,P3,KNU 한국어 일상 표현 사전 (Naver 오픈사전),"dictionary-style only, no nuance/example yet; korean accuracy not yet human-verified (separate axis from content strategy fit)"
jeonsaengenararaeulguhada-01,,전생에 나라를 구하다,ko,idiom,전생에 나라를 구하다,P1,"MEANING (inferred from content structure, not real search data)",,,전생에 나라를 구하다,"Figuratively, to have earned such great merit in a past life (like saving the country) that you're now enjoying huge good fortune as a reward.",3,2,2,2,2,2,2,AUTO_CLASSIFIED,P3,KNU 한국어 일상 표현 사전 (Naver 오픈사전),"dictionary-style only, no nuance/example yet; korean accuracy not yet human-verified (separate axis from content strategy fit)"
haneullogada-01,,하늘로 가다,ko,idiom,하늘로 가다,P1,"MEANING (inferred from content structure, not real search data)",,,하늘로 가다,"A euphemism for dying — ""to go to the sky.""",3,2,2,2,2,2,2,AUTO_CLASSIFIED,P3,KNU 한국어 일상 표현 사전 (Naver 오픈사전),"dictionary-style only, no nuance/example yet; korean accuracy not yet human-verified (separate axis from content strategy fit)"
mworalkka-01,,뭐랄까,ko,idiom,뭐랄까,P1,"MEANING (inferred from content structure, not real search data)",,,뭐랄까,"""How should I put it..."" — used when searching for the right words.",3,2,2,2,2,2,2,AUTO_CLASSIFIED,P3,KNU 한국어 일상 표현 사전 (Naver 오픈사전),"dictionary-style only, no nuance/example yet; korean accuracy not yet human-verified (separate axis from content strategy fit)"
useumgigappajida-01,,웃음기(가) 빠지다,ko,idiom,웃음기(가) 빠지다,P1,"MEANING (inferred from content structure, not real search data)",,,웃음기(가) 빠지다,"For the smile or humor to drain from someone's expression, usually as things turn serious.",3,2,2,2,2,2,2,AUTO_CLASSIFIED,P3,KNU 한국어 일상 표현 사전 (Naver 오픈사전),"dictionary-style only, no nuance/example yet; korean accuracy not yet human-verified (separate axis from content strategy fit)"
pungeulmatda-01,,풍(을) 맞다,ko,idiom,풍(을) 맞다,P1,"MEANING (inferred from content structure, not real search data)",,,풍(을) 맞다,To suffer a stroke.,3,2,2,2,2,2,2,AUTO_CLASSIFIED,P3,KNU 한국어 일상 표현 사전 (Naver 오픈사전),"dictionary-style only, no nuance/example yet; korean accuracy not yet human-verified (separate axis from content strategy fit)"
bunwigireulikkeulda-01,,분위기(를) 이끌다,ko,idiom,분위기(를) 이끌다,P1,"MEANING (inferred from content structure, not real search data)",,,분위기(를) 이끌다,To steer or set the mood or direction of a situation.,3,2,2,2,2,2,2,AUTO_CLASSIFIED,P3,KNU 한국어 일상 표현 사전 (Naver 오픈사전),"dictionary-style only, no nuance/example yet; korean accuracy not yet human-verified (separate axis from content strategy fit)"
pibugadwijipida-01,,피부(가) 뒤집히다,ko,idiom,피부(가) 뒤집히다,P1,"MEANING (inferred from content structure, not real search data)",,,피부(가) 뒤집히다,For one's skin condition to get much worse.,3,2,2,2,2,2,2,AUTO_CLASSIFIED,P3,KNU 한국어 일상 표현 사전 (Naver 오픈사전),"dictionary-style only, no nuance/example yet; korean accuracy not yet human-verified (separate axis from content strategy fit)"
darigapullida-01,,다리(가) 풀리다,ko,idiom,다리(가) 풀리다,P1,"MEANING (inferred from content structure, not real search data)",,,다리(가) 풀리다,For one's legs to go weak and give out.,3,2,2,2,2,2,2,AUTO_CLASSIFIED,P3,KNU 한국어 일상 표현 사전 (Naver 오픈사전),"dictionary-style only, no nuance/example yet; korean accuracy not yet human-verified (separate axis from content strategy fit)"
patureulnota-01,,파투(를) 놓다,ko,idiom,파투(를) 놓다,P1,"MEANING (inferred from content structure, not real search data)",,,파투(를) 놓다,"To spoil or ruin a plan, making it fall through.",3,2,2,2,2,2,2,AUTO_CLASSIFIED,P3,KNU 한국어 일상 표현 사전 (Naver 오픈사전),"dictionary-style only, no nuance/example yet; korean accuracy not yet human-verified (separate axis from content strategy fit)"
mentaeoleuljapda-01,,멘탈(을) 잡다,ko,idiom,멘탈(을) 잡다,P1,"MEANING (inferred from content structure, not real search data)",,,멘탈(을) 잡다,To pull yourself together mentally after being shaken.,3,2,2,2,2,2,2,AUTO_CLASSIFIED,P3,KNU 한국어 일상 표현 사전 (Naver 오픈사전),"dictionary-style only, no nuance/example yet; korean accuracy not yet human-verified (separate axis from content strategy fit)"
meorireulchida-01,,머리(를) 치다,ko,idiom,머리(를) 치다,P1,"MEANING (inferred from content structure, not real search data)",,,머리(를) 치다,To get a haircut and have it neatly trimmed.,3,2,2,2,2,2,2,AUTO_CLASSIFIED,P3,KNU 한국어 일상 표현 사전 (Naver 오픈사전),"dictionary-style only, no nuance/example yet; korean accuracy not yet human-verified (separate axis from content strategy fit)"
jalhaneunjisida-01,,잘하는 짓이다,ko,idiom,잘하는 짓이다,P1,"MEANING (inferred from content structure, not real search data)",,,잘하는 짓이다,"Sarcastic — ""what a great thing to do"" — mocking someone's ill-advised behavior.",3,2,2,2,2,2,2,AUTO_CLASSIFIED,P3,KNU 한국어 일상 표현 사전 (Naver 오픈사전),"dictionary-style only, no nuance/example yet; korean accuracy not yet human-verified (separate axis from content strategy fit)"
piltoringeopsi-01,,필터링 없이,ko,idiom,필터링 없이,P1,"MEANING (inferred from content structure, not real search data)",,,필터링 없이,"Bluntly, without filtering — saying or doing something without considering how it lands.",3,2,2,2,2,2,2,AUTO_CLASSIFIED,P3,KNU 한국어 일상 표현 사전 (Naver 오픈사전),"dictionary-style only, no nuance/example yet; korean accuracy not yet human-verified (separate axis from content strategy fit)"
banjjokjjarin-01,,반쪽짜리 N,ko,idiom,반쪽짜리 N,P1,"MEANING (inferred from content structure, not real search data)",,,반쪽짜리 N,"A ""half-baked N"" — something insufficient or unsatisfying.",3,2,2,2,2,2,2,AUTO_CLASSIFIED,P3,KNU 한국어 일상 표현 사전 (Naver 오픈사전),"dictionary-style only, no nuance/example yet; korean accuracy not yet human-verified (separate axis from content strategy fit)"
maeumeulmatchuda-01,,마음(을) 맞추다,ko,idiom,마음(을) 맞추다,P1,"MEANING (inferred from content structure, not real search data)",,,마음(을) 맞추다,To be considerate of and align with each other's feelings.,3,2,2,2,2,2,2,AUTO_CLASSIFIED,P3,KNU 한국어 일상 표현 사전 (Naver 오픈사전),"dictionary-style only, no nuance/example yet; korean accuracy not yet human-verified (separate axis from content strategy fit)"
malsseummanideureosseumnida-01,,말씀 많이 들었습니다,ko,idiom,말씀 많이 들었습니다,P1,"MEANING (inferred from content structure, not real search data)",,,말씀 많이 들었습니다,"""I've heard a lot about you"" — a polite greeting on first meeting someone.",3,2,2,2,2,2,2,AUTO_CLASSIFIED,P3,KNU 한국어 일상 표현 사전 (Naver 오픈사전),"dictionary-style only, no nuance/example yet; korean accuracy not yet human-verified (separate axis from content strategy fit)"
eopdeonillohada-01,,없던 일로 하다,ko,idiom,없던 일로 하다,P1,"MEANING (inferred from content structure, not real search data)",,,없던 일로 하다,To treat something that happened or was said as if it never occurred.,3,2,2,2,2,2,2,AUTO_CLASSIFIED,P3,KNU 한국어 일상 표현 사전 (Naver 오픈사전),"dictionary-style only, no nuance/example yet; korean accuracy not yet human-verified (separate axis from content strategy fit)"
naebireuljjikda-01,,내비(를) 찍다,ko,idiom,내비(를) 찍다,P1,"MEANING (inferred from content structure, not real search data)",,,내비(를) 찍다,To enter a destination into a car's navigation system.,3,2,2,2,2,2,2,AUTO_CLASSIFIED,P3,KNU 한국어 일상 표현 사전 (Naver 오픈사전),"dictionary-style only, no nuance/example yet; korean accuracy not yet human-verified (separate axis from content strategy fit)"
chulgeundojangeuljjikda-01,,출근 도장(을) 찍다,ko,idiom,출근 도장(을) 찍다,P1,"MEANING (inferred from content structure, not real search data)",,,출근 도장(을) 찍다,"Figuratively, to visit somewhere regularly, as if clocking in for work.",3,2,2,2,2,2,2,AUTO_CLASSIFIED,P3,KNU 한국어 일상 표현 사전 (Naver 오픈사전),"dictionary-style only, no nuance/example yet; korean accuracy not yet human-verified (separate axis from content strategy fit)"
nunemwogasseuida-01,,눈에 뭐가 씌다,ko,idiom,눈에 뭐가 씌다,P1,"MEANING (inferred from content structure, not real search data)",,,눈에 뭐가 씌다,To be so infatuated with something that you neglect what's actually important.,3,2,2,2,2,2,2,AUTO_CLASSIFIED,P3,KNU 한국어 일상 표현 사전 (Naver 오픈사전),"dictionary-style only, no nuance/example yet; korean accuracy not yet human-verified (separate axis from content strategy fit)"
haksamoreulsseuda-01,,학사모(를) 쓰다,ko,idiom,학사모(를) 쓰다,P1,"MEANING (inferred from content structure, not real search data)",,,학사모(를) 쓰다,"To finish college — literally ""wear the graduation cap.""",3,2,2,2,2,2,2,AUTO_CLASSIFIED,P3,KNU 한국어 일상 표현 사전 (Naver 오픈사전),"dictionary-style only, no nuance/example yet; korean accuracy not yet human-verified (separate axis from content strategy fit)"
insaengsyaseulgeonjida-01,,인생 샷을 건지다,ko,idiom,인생 샷을 건지다,P1,"MEANING (inferred from content structure, not real search data)",,,인생 샷을 건지다,"To get a truly great photo of yourself — ""the photo of your life.""",3,2,2,2,2,2,2,AUTO_CLASSIFIED,P3,KNU 한국어 일상 표현 사전 (Naver 오픈사전),"dictionary-style only, no nuance/example yet; korean accuracy not yet human-verified (separate axis from content strategy fit)"
eopneunmalhada-01,,없는 말(을) 하다,ko,idiom,없는 말(을) 하다,P1,"MEANING (inferred from content structure, not real search data)",,,없는 말(을) 하다,To lie or make up something untrue.,3,2,2,2,2,2,2,AUTO_CLASSIFIED,P3,KNU 한국어 일상 표현 사전 (Naver 오픈사전),"dictionary-style only, no nuance/example yet; korean accuracy not yet human-verified (separate axis from content strategy fit)"
ibetteomeogida-01,,입에 떠먹이다,ko,idiom,입에 떠먹이다,P1,"MEANING (inferred from content structure, not real search data)",,,입에 떠먹이다,"Figuratively, to hand someone an answer or help on a silver platter instead of letting them figure it out.",3,2,2,2,2,2,2,AUTO_CLASSIFIED,P3,KNU 한국어 일상 표현 사전 (Naver 오픈사전),"dictionary-style only, no nuance/example yet; korean accuracy not yet human-verified (separate axis from content strategy fit)"
chunggyeokyobeop-01,,충격 요법,ko,idiom,충격 요법,P1,"MEANING (inferred from content structure, not real search data)",,,충격 요법,"""Shock therapy"" — deliberately provoking or startling someone to snap them out of something.",3,2,2,2,2,2,2,AUTO_CLASSIFIED,P3,KNU 한국어 일상 표현 사전 (Naver 오픈사전),"dictionary-style only, no nuance/example yet; korean accuracy not yet human-verified (separate axis from content strategy fit)"
nuneseokkulitteoreojida-01,,눈에서 꿀(이) 떨어지다,ko,idiom,눈에서 꿀(이) 떨어지다,P1,"MEANING (inferred from content structure, not real search data)",,,눈에서 꿀(이) 떨어지다,"To gaze at someone lovingly, eyes overflowing with affection.",3,2,2,2,2,2,2,AUTO_CLASSIFIED,P3,KNU 한국어 일상 표현 사전 (Naver 오픈사전),"dictionary-style only, no nuance/example yet; korean accuracy not yet human-verified (separate axis from content strategy fit)"
nuneulttelsueopda-01,,눈(을) 뗄 수 없다,ko,idiom,눈(을) 뗄 수 없다,P1,"MEANING (inferred from content structure, not real search data)",,,눈(을) 뗄 수 없다,Unable to look away because something stands out so much.,3,2,2,2,2,2,2,AUTO_CLASSIFIED,P3,KNU 한국어 일상 표현 사전 (Naver 오픈사전),"dictionary-style only, no nuance/example yet; korean accuracy not yet human-verified (separate axis from content strategy fit)"
chung-01,,-충,ko,idiom,-충,P1,"MEANING (inferred from content structure, not real search data)",,,-충,"A derogatory suffix (""-bug"") tacked onto a label for ""a person with that particular bad trait.""",3,2,2,2,2,2,2,AUTO_CLASSIFIED,P3,KNU 한국어 일상 표현 사전 (Naver 오픈사전),"dictionary-style only, no nuance/example yet; korean accuracy not yet human-verified (separate axis from content strategy fit)"
ttongpomeuljapda-01,,똥폼(을) 잡다,ko,idiom,똥폼(을) 잡다,P1,"MEANING (inferred from content structure, not real search data)",,,똥폼(을) 잡다,"To strike an exaggerated, showy pose or attitude — mockingly.",3,2,2,2,2,2,2,AUTO_CLASSIFIED,P3,KNU 한국어 일상 표현 사전 (Naver 오픈사전),"dictionary-style only, no nuance/example yet; korean accuracy not yet human-verified (separate axis from content strategy fit)"
natbiteulheurida-01,,낯빛(을) 흐리다,ko,idiom,낯빛(을) 흐리다,P1,"MEANING (inferred from content structure, not real search data)",,,낯빛(을) 흐리다,For a shadow to cross someone's face from a dark emotion or worry.,3,2,2,2,2,2,2,AUTO_CLASSIFIED,P3,KNU 한국어 일상 표현 사전 (Naver 오픈사전),"dictionary-style only, no nuance/example yet; korean accuracy not yet human-verified (separate axis from content strategy fit)"
jeonhwagiebulinada-01,,전화기에 불(이) 나다,ko,idiom,전화기에 불(이) 나다,P1,"MEANING (inferred from content structure, not real search data)",,,전화기에 불(이) 나다,"For the phone to ""catch fire"" from ringing nonstop.",3,2,2,2,2,2,2,AUTO_CLASSIFIED,P3,KNU 한국어 일상 표현 사전 (Naver 오픈사전),"dictionary-style only, no nuance/example yet; korean accuracy not yet human-verified (separate axis from content strategy fit)"
saeoteulipda-01,,새 옷(을) 입다,ko,idiom,새 옷(을) 입다,P1,"MEANING (inferred from content structure, not real search data)",,,새 옷(을) 입다,"Figuratively, for something to get a new look or structure.",3,2,2,2,2,2,2,AUTO_CLASSIFIED,P3,KNU 한국어 일상 표현 사전 (Naver 오픈사전),"dictionary-style only, no nuance/example yet; korean accuracy not yet human-verified (separate axis from content strategy fit)"
chijeu-01,,치즈,ko,idiom,치즈,P1,"MEANING (inferred from content structure, not real search data)",,,치즈,"""Cheese"" — what you say to get someone to smile for a photo.",3,2,2,2,2,2,2,AUTO_CLASSIFIED,P3,KNU 한국어 일상 표현 사전 (Naver 오픈사전),"dictionary-style only, no nuance/example yet; korean accuracy not yet human-verified (separate axis from content strategy fit)"
kkeopjilkkajibeotgyeomeokda-01,,껍질까지 벗겨 먹다,ko,idiom,껍질까지 벗겨 먹다,P1,"MEANING (inferred from content structure, not real search data)",,,껍질까지 벗겨 먹다,"Informally, to strip someone of every last bit of their money or labor.",3,2,2,2,2,2,2,AUTO_CLASSIFIED,P3,KNU 한국어 일상 표현 사전 (Naver 오픈사전),"dictionary-style only, no nuance/example yet; korean accuracy not yet human-verified (separate axis from content strategy fit)"
mibangbun-01,,미방분,ko,idiom,미방분,P1,"MEANING (inferred from content structure, not real search data)",,,미방분,Footage or content that didn't make it into the final broadcast.,3,2,2,2,2,2,2,AUTO_CLASSIFIED,P3,KNU 한국어 일상 표현 사전 (Naver 오픈사전),"dictionary-style only, no nuance/example yet; korean accuracy not yet human-verified (separate axis from content strategy fit)"
mikkireulmulda-01,,미끼(를) 물다,ko,idiom,미끼(를) 물다,P1,"MEANING (inferred from content structure, not real search data)",,,미끼(를) 물다,"Figuratively, to fall for a trap or lure.",3,2,2,2,2,2,2,AUTO_CLASSIFIED,P3,KNU 한국어 일상 표현 사전 (Naver 오픈사전),"dictionary-style only, no nuance/example yet; korean accuracy not yet human-verified (separate axis from content strategy fit)"
twinggida-01,,튕기다,ko,idiom,튕기다,P1,"MEANING (inferred from content structure, not real search data)",,,튕기다,"For more people to want in than a limited system can hold, so some get bounced out.",3,2,2,2,2,2,2,AUTO_CLASSIFIED,P3,KNU 한국어 일상 표현 사전 (Naver 오픈사전),"dictionary-style only, no nuance/example yet; korean accuracy not yet human-verified (separate axis from content strategy fit)"
sajangnim-01,,사장님,ko,idiom,사장님,P1,"MEANING (inferred from content structure, not real search data)",,,사장님,"""Boss"" — a polite way to address an adult man working somewhere like a parking lot or restaurant.",3,2,2,2,2,2,2,AUTO_CLASSIFIED,P3,KNU 한국어 일상 표현 사전 (Naver 오픈사전),"dictionary-style only, no nuance/example yet; korean accuracy not yet human-verified (separate axis from content strategy fit)"
meorigajjubyeotseoda-01,,머리가 쭈뼛 서다,ko,idiom,머리가 쭈뼛 서다,P1,"MEANING (inferred from content structure, not real search data)",,,머리가 쭈뼛 서다,For your hair to stand on end from fright.,3,2,2,2,2,2,2,AUTO_CLASSIFIED,P3,KNU 한국어 일상 표현 사전 (Naver 오픈사전),"dictionary-style only, no nuance/example yet; korean accuracy not yet human-verified (separate axis from content strategy fit)"
baejjangiseda-01,,배짱(이) 세다,ko,idiom,배짱(이) 세다,P1,"MEANING (inferred from content structure, not real search data)",,,배짱(이) 세다,To have strong nerve and confidence to push your own way through.,3,2,2,2,2,2,2,AUTO_CLASSIFIED,P3,KNU 한국어 일상 표현 사전 (Naver 오픈사전),"dictionary-style only, no nuance/example yet; korean accuracy not yet human-verified (separate axis from content strategy fit)"
ttalranggeorida-01,,딸랑거리다,ko,idiom,딸랑거리다,P1,"MEANING (inferred from content structure, not real search data)",,,딸랑거리다,To flatter and suck up to someone to win their favor.,3,2,2,2,2,2,2,AUTO_CLASSIFIED,P3,KNU 한국어 일상 표현 사전 (Naver 오픈사전),"dictionary-style only, no nuance/example yet; korean accuracy not yet human-verified (separate axis from content strategy fit)"
maleuljaruda-01,,말(을) 자르다,ko,idiom,말(을) 자르다,P1,"MEANING (inferred from content structure, not real search data)",,,말(을) 자르다,To interrupt someone while they're speaking.,3,2,2,2,2,2,2,AUTO_CLASSIFIED,P3,KNU 한국어 일상 표현 사전 (Naver 오픈사전),"dictionary-style only, no nuance/example yet; korean accuracy not yet human-verified (separate axis from content strategy fit)"
eolmananeunjimoreunda-01,,얼마나 V-는지 모른다,ko,idiom,얼마나 V-는지 모른다,P1,"MEANING (inferred from content structure, not real search data)",,,얼마나 V-는지 모른다,"""You have no idea how much..."" — emphasizing the extreme degree of something.",3,2,2,2,2,2,2,AUTO_CLASSIFIED,P3,KNU 한국어 일상 표현 사전 (Naver 오픈사전),"dictionary-style only, no nuance/example yet; korean accuracy not yet human-verified (separate axis from content strategy fit)"
michyeosseo-01,,미쳤어,ko,idiom,미쳤어,P1,"MEANING (inferred from content structure, not real search data)",,,미쳤어,"""That's insane"" — said about something so impressive it seems unreasonable.",3,2,2,2,2,2,2,AUTO_CLASSIFIED,P3,KNU 한국어 일상 표현 사전 (Naver 오픈사전),"dictionary-style only, no nuance/example yet; korean accuracy not yet human-verified (separate axis from content strategy fit)"
ppyongichaoreuda-01,,뿅(이) 차오르다,ko,idiom,뿅(이) 차오르다,P1,"MEANING (inferred from content structure, not real search data)",,,뿅(이) 차오르다,"Informally, for a feeling of pride or excitement to keep welling up.",3,2,2,2,2,2,2,AUTO_CLASSIFIED,P3,KNU 한국어 일상 표현 사전 (Naver 오픈사전),"dictionary-style only, no nuance/example yet; korean accuracy not yet human-verified (separate axis from content strategy fit)"
neulgaekoroalda-01,,N을 개코로 알다,ko,idiom,N을 개코로 알다,P1,"MEANING (inferred from content structure, not real search data)",,,N을 개코로 알다,To regard something as utterly worthless.,3,2,2,2,2,2,2,AUTO_CLASSIFIED,P3,KNU 한국어 일상 표현 사전 (Naver 오픈사전),"dictionary-style only, no nuance/example yet; korean accuracy not yet human-verified (separate axis from content strategy fit)"
bungeoeomneunbungeoppang-01,,붕어 없는 붕어빵,ko,idiom,붕어 없는 붕어빵,P1,"MEANING (inferred from content structure, not real search data)",,,붕어 없는 붕어빵,"""A fish-bread with no fish inside"" — something missing its essential core.",3,2,2,2,2,2,2,AUTO_CLASSIFIED,P3,KNU 한국어 일상 표현 사전 (Naver 오픈사전),"dictionary-style only, no nuance/example yet; korean accuracy not yet human-verified (separate axis from content strategy fit)"
akbalibatda-01,,악발(이) 받다,ko,idiom,악발(이) 받다,P1,"MEANING (inferred from content structure, not real search data)",,,악발(이) 받다,To get good results after doing something evil or wrong (ironic).,3,2,2,2,2,2,2,AUTO_CLASSIFIED,P3,KNU 한국어 일상 표현 사전 (Naver 오픈사전),"dictionary-style only, no nuance/example yet; korean accuracy not yet human-verified (separate axis from content strategy fit)"
nunkkeopulimugeopda-01,,눈꺼풀(이) 무겁다,ko,idiom,눈꺼풀(이) 무겁다,P1,"MEANING (inferred from content structure, not real search data)",,,눈꺼풀(이) 무겁다,"Figuratively, to feel very sleepy.",3,2,2,2,2,2,2,AUTO_CLASSIFIED,P3,KNU 한국어 일상 표현 사전 (Naver 오픈사전),"dictionary-style only, no nuance/example yet; korean accuracy not yet human-verified (separate axis from content strategy fit)"
balgaragekkinttaemandomotada-01,,발가락에 낀 때만도 못하다,ko,idiom,발가락에 낀 때만도 못하다,P1,"MEANING (inferred from content structure, not real search data)",,,발가락에 낀 때만도 못하다,"To be utterly worthless — ""not even as good as the dirt between someone's toes.""",3,2,2,2,2,2,2,AUTO_CLASSIFIED,P3,KNU 한국어 일상 표현 사전 (Naver 오픈사전),"dictionary-style only, no nuance/example yet; korean accuracy not yet human-verified (separate axis from content strategy fit)"
kkojajuda-01,,꽂아 주다,ko,idiom,꽂아 주다,P1,"MEANING (inferred from content structure, not real search data)",,,꽂아 주다,To use connections or power to get someone a good job or position.,3,2,2,2,2,2,2,AUTO_CLASSIFIED,P3,KNU 한국어 일상 표현 사전 (Naver 오픈사전),"dictionary-style only, no nuance/example yet; korean accuracy not yet human-verified (separate axis from content strategy fit)"
majimageutda-01,,마지막에 웃다,ko,idiom,마지막에 웃다,P1,"MEANING (inferred from content structure, not real search data)",,,마지막에 웃다,"No matter how things go along the way, to end up with a good result in the end.",3,2,2,2,2,2,2,AUTO_CLASSIFIED,P3,KNU 한국어 일상 표현 사전 (Naver 오픈사전),"dictionary-style only, no nuance/example yet; korean accuracy not yet human-verified (separate axis from content strategy fit)"
ttaemgi-01,,땜기,ko,idiom,땜기,P1,"MEANING (inferred from content structure, not real search data)",,,땜기,The exact degree of spiciness you feel while eating.,3,2,2,2,2,2,2,AUTO_CLASSIFIED,P3,KNU 한국어 일상 표현 사전 (Naver 오픈사전),"dictionary-style only, no nuance/example yet; korean accuracy not yet human-verified (separate axis from content strategy fit)"
mitneunguseogiitda-01,,믿는 구석이 있다,ko,idiom,믿는 구석이 있다,P1,"MEANING (inferred from content structure, not real search data)",,,믿는 구석이 있다,To have something or someone to rely on.,3,2,2,2,2,2,2,AUTO_CLASSIFIED,P3,KNU 한국어 일상 표현 사전 (Naver 오픈사전),"dictionary-style only, no nuance/example yet; korean accuracy not yet human-verified (separate axis from content strategy fit)"
sijangieoreobutda-01,,시장(이) 얼어붙다,ko,idiom,시장(이) 얼어붙다,P1,"MEANING (inferred from content structure, not real search data)",,,시장(이) 얼어붙다,"For a market to freeze up, with trading barely happening.",3,2,2,2,2,2,2,AUTO_CLASSIFIED,P3,KNU 한국어 일상 표현 사전 (Naver 오픈사전),"dictionary-style only, no nuance/example yet; korean accuracy not yet human-verified (separate axis from content strategy fit)"
homgada-01,,홈 가다,ko,idiom,홈 가다,P1,"MEANING (inferred from content structure, not real search data)",,,홈 가다,For someone's mood or a situation to sour within moments.,3,2,2,2,2,2,2,AUTO_CLASSIFIED,P3,KNU 한국어 일상 표현 사전 (Naver 오픈사전),"dictionary-style only, no nuance/example yet; korean accuracy not yet human-verified (separate axis from content strategy fit)"
mileuldakda-01,,밀(을) 닦다,ko,idiom,밀(을) 닦다,P1,"MEANING (inferred from content structure, not real search data)",,,밀(을) 닦다,"Informally, to help someone with their work while secretly handling it for them.",3,2,2,2,2,2,2,AUTO_CLASSIFIED,P3,KNU 한국어 일상 표현 사전 (Naver 오픈사전),"dictionary-style only, no nuance/example yet; korean accuracy not yet human-verified (separate axis from content strategy fit)"
nugabolsera-01,,누가 볼세라,ko,idiom,누가 볼세라,P1,"MEANING (inferred from content structure, not real search data)",,,누가 볼세라,"""As if afraid someone might see"" — doing something while worrying about others noticing.",3,2,2,2,2,2,2,AUTO_CLASSIFIED,P3,KNU 한국어 일상 표현 사전 (Naver 오픈사전),"dictionary-style only, no nuance/example yet; korean accuracy not yet human-verified (separate axis from content strategy fit)"
bissanbapmeokgo-01,,비싼 밥 먹고,ko,idiom,비싼 밥 먹고,P1,"MEANING (inferred from content structure, not real search data)",,,비싼 밥 먹고,"Figuratively, said when someone's words or actions turn out pointless.",3,2,2,2,2,2,2,AUTO_CLASSIFIED,P3,KNU 한국어 일상 표현 사전 (Naver 오픈사전),"dictionary-style only, no nuance/example yet; korean accuracy not yet human-verified (separate axis from content strategy fit)"
eolmaandoeda-01,,얼마 안 되다,ko,idiom,얼마 안 되다,P1,"MEANING (inferred from content structure, not real search data)",,,얼마 안 되다,To be a relatively small amount.,3,2,2,2,2,2,2,AUTO_CLASSIFIED,P3,KNU 한국어 일상 표현 사전 (Naver 오픈사전),"dictionary-style only, no nuance/example yet; korean accuracy not yet human-verified (separate axis from content strategy fit)"
ibadageseosaranamda-01,,이 바닥에서 살아남다,ko,idiom,이 바닥에서 살아남다,P1,"MEANING (inferred from content structure, not real search data)",,,이 바닥에서 살아남다,To keep surviving and staying relevant in the field you work in.,3,2,2,2,2,2,2,AUTO_CLASSIFIED,P3,KNU 한국어 일상 표현 사전 (Naver 오픈사전),"dictionary-style only, no nuance/example yet; korean accuracy not yet human-verified (separate axis from content strategy fit)"
eopseotdeonillohada-01,,없었던 일로 하다,ko,idiom,없었던 일로 하다,P1,"MEANING (inferred from content structure, not real search data)",,,없었던 일로 하다,To roll back an already-decided matter to how things were before.,3,2,2,2,2,2,2,AUTO_CLASSIFIED,P3,KNU 한국어 일상 표현 사전 (Naver 오픈사전),"dictionary-style only, no nuance/example yet; korean accuracy not yet human-verified (separate axis from content strategy fit)"
almanhansaramendadalda-01,,알 만한 사람은 다 알다,ko,idiom,알 만한 사람은 다 알다,P1,"MEANING (inferred from content structure, not real search data)",,,알 만한 사람은 다 알다,Anyone remotely connected already knows about it.,3,2,2,2,2,2,2,AUTO_CLASSIFIED,P3,KNU 한국어 일상 표현 사전 (Naver 오픈사전),"dictionary-style only, no nuance/example yet; korean accuracy not yet human-verified (separate axis from content strategy fit)"
bulgachihwareulnaeda-01,,불같이 화(를) 내다,ko,idiom,불같이 화(를) 내다,P1,"MEANING (inferred from content structure, not real search data)",,,불같이 화(를) 내다,To suddenly explode in anger.,3,2,2,2,2,2,2,AUTO_CLASSIFIED,P3,KNU 한국어 일상 표현 사전 (Naver 오픈사전),"dictionary-style only, no nuance/example yet; korean accuracy not yet human-verified (separate axis from content strategy fit)"
nhansepun-01,,N 한 스푼,ko,idiom,N 한 스푼,P1,"MEANING (inferred from content structure, not real search data)",,,N 한 스푼,"""A spoonful of N"" — an expression adding a touch of a certain feeling or quality.",3,2,2,2,2,2,2,AUTO_CLASSIFIED,P3,KNU 한국어 일상 표현 사전 (Naver 오픈사전),"dictionary-style only, no nuance/example yet; korean accuracy not yet human-verified (separate axis from content strategy fit)"
eopneunjip-01,,없는 집,ko,idiom,없는 집,P1,"MEANING (inferred from content structure, not real search data)",,,없는 집,A poor household.,3,2,2,2,2,2,2,AUTO_CLASSIFIED,P3,KNU 한국어 일상 표현 사전 (Naver 오픈사전),"dictionary-style only, no nuance/example yet; korean accuracy not yet human-verified (separate axis from content strategy fit)"
gogumareulkaedeut-01,,고구마(를) 캐듯,ko,idiom,고구마(를) 캐듯,P1,"MEANING (inferred from content structure, not real search data)",,,고구마(를) 캐듯,Like digging up sweet potatoes — one thing leads to another in a chain.,3,2,2,2,2,2,2,AUTO_CLASSIFIED,P3,KNU 한국어 일상 표현 사전 (Naver 오픈사전),"dictionary-style only, no nuance/example yet; korean accuracy not yet human-verified (separate axis from content strategy fit)"
myeotsuapeulnaedaboda-01,,몇 수 앞을 내다보다,ko,idiom,몇 수 앞을 내다보다,P1,"MEANING (inferred from content structure, not real search data)",,,몇 수 앞을 내다보다,"To think several moves ahead, as in a game or match.",3,2,2,2,2,2,2,AUTO_CLASSIFIED,P3,KNU 한국어 일상 표현 사전 (Naver 오픈사전),"dictionary-style only, no nuance/example yet; korean accuracy not yet human-verified (separate axis from content strategy fit)"
chojeomeulheurida-01,,초점(을) 흐리다,ko,idiom,초점(을) 흐리다,P1,"MEANING (inferred from content structure, not real search data)",,,초점(을) 흐리다,"To lose focus, straying from the key point that deserves attention.",3,2,2,2,2,2,2,AUTO_CLASSIFIED,P3,KNU 한국어 일상 표현 사전 (Naver 오픈사전),"dictionary-style only, no nuance/example yet; korean accuracy not yet human-verified (separate axis from content strategy fit)"
jiroebat-01,,지뢰밭,ko,idiom,지뢰밭,P1,"MEANING (inferred from content structure, not real search data)",,,지뢰밭,"A ""minefield"" — figuratively, a situation with a lot of hidden problems.",3,2,2,2,2,2,2,AUTO_CLASSIFIED,P3,KNU 한국어 일상 표현 사전 (Naver 오픈사전),"dictionary-style only, no nuance/example yet; korean accuracy not yet human-verified (separate axis from content strategy fit)"
geotmeotideulda-01,,겉멋(이) 들다,ko,idiom,겉멋(이) 들다,P1,"MEANING (inferred from content structure, not real search data)",,,겉멋(이) 들다,To put on style or attitude for show with no real substance behind it.,3,2,2,2,2,2,2,AUTO_CLASSIFIED,P3,KNU 한국어 일상 표현 사전 (Naver 오픈사전),"dictionary-style only, no nuance/example yet; korean accuracy not yet human-verified (separate axis from content strategy fit)"
kkunida-01,,꾼이다,ko,idiom,꾼이다,P1,"MEANING (inferred from content structure, not real search data)",,,꾼이다,"""A pro"" — someone remarkably skilled at handling something.",3,2,2,2,2,2,2,AUTO_CLASSIFIED,P3,KNU 한국어 일상 표현 사전 (Naver 오픈사전),"dictionary-style only, no nuance/example yet; korean accuracy not yet human-verified (separate axis from content strategy fit)"
hanjulpyeong-01,,한 줄 평,ko,idiom,한 줄 평,P1,"MEANING (inferred from content structure, not real search data)",,,한 줄 평,A one-line review or verdict.,3,2,2,2,2,2,2,AUTO_CLASSIFIED,P3,KNU 한국어 일상 표현 사전 (Naver 오픈사전),"dictionary-style only, no nuance/example yet; korean accuracy not yet human-verified (separate axis from content strategy fit)"
neomeulsanimanta-01,,넘을 산(이) 많다,ko,idiom,넘을 산(이) 많다,P1,"MEANING (inferred from content structure, not real search data)",,,넘을 산(이) 많다,"Figuratively, there are still many difficult obstacles ahead.",3,2,2,2,2,2,2,AUTO_CLASSIFIED,P3,KNU 한국어 일상 표현 사전 (Naver 오픈사전),"dictionary-style only, no nuance/example yet; korean accuracy not yet human-verified (separate axis from content strategy fit)"
hyeonyeogeurottwida-01,,현역으로 뛰다,ko,idiom,현역으로 뛰다,P1,"MEANING (inferred from content structure, not real search data)",,,현역으로 뛰다,To be currently active and engaged in a role or field.,3,2,2,2,2,2,2,AUTO_CLASSIFIED,P3,KNU 한국어 일상 표현 사전 (Naver 오픈사전),"dictionary-style only, no nuance/example yet; korean accuracy not yet human-verified (separate axis from content strategy fit)"
saengnigateojida-01,,생리(가) 터지다,ko,idiom,생리(가) 터지다,P1,"MEANING (inferred from content structure, not real search data)",,,생리(가) 터지다,To start one's period.,3,2,2,2,2,2,2,AUTO_CLASSIFIED,P3,KNU 한국어 일상 표현 사전 (Naver 오픈사전),"dictionary-style only, no nuance/example yet; korean accuracy not yet human-verified (separate axis from content strategy fit)"
gomakinagada-01,,고막(이) 나가다,ko,idiom,고막(이) 나가다,P1,"MEANING (inferred from content structure, not real search data)",,,고막(이) 나가다,To hear a sound so loud/jarring it feels like it could burst your eardrums.,3,2,2,2,2,2,2,AUTO_CLASSIFIED,P3,KNU 한국어 일상 표현 사전 (Naver 오픈사전),"dictionary-style only, no nuance/example yet; korean accuracy not yet human-verified (separate axis from content strategy fit)"
nchugedomotv-01,,N 축에도 못 V,ko,idiom,N 축에도 못 V,P1,"MEANING (inferred from content structure, not real search data)",,,N 축에도 못 V,To not even qualify as belonging to a certain category or level.,3,2,2,2,2,2,2,AUTO_CLASSIFIED,P3,KNU 한국어 일상 표현 사전 (Naver 오픈사전),"dictionary-style only, no nuance/example yet; korean accuracy not yet human-verified (separate axis from content strategy fit)"
singyeongeulgeondeurida-01,,신경(을) 건드리다,ko,idiom,신경(을) 건드리다,P1,"MEANING (inferred from content structure, not real search data)",,,신경(을) 건드리다,"Figuratively, to say or do something that irritates or sets someone off.",3,2,2,2,2,2,2,AUTO_CLASSIFIED,P3,KNU 한국어 일상 표현 사전 (Naver 오픈사전),"dictionary-style only, no nuance/example yet; korean accuracy not yet human-verified (separate axis from content strategy fit)"
ajikanjugeotda-01,,아직 안 죽었다,ko,idiom,아직 안 죽었다,P1,"MEANING (inferred from content structure, not real search data)",,,아직 안 죽었다,"""Still got it"" — saying your ability or energy hasn't faded yet.",3,2,2,2,2,2,2,AUTO_CLASSIFIED,P3,KNU 한국어 일상 표현 사전 (Naver 오픈사전),"dictionary-style only, no nuance/example yet; korean accuracy not yet human-verified (separate axis from content strategy fit)"
ndonijiman-01,,N도 N(이)지만,ko,idiom,N도 N(이)지만,P1,"MEANING (inferred from content structure, not real search data)",,,N도 N(이)지만,"""N matters, but..."" — emphasizing that what comes next matters even more.",3,2,2,2,2,2,2,AUTO_CLASSIFIED,P3,KNU 한국어 일상 표현 사전 (Naver 오픈사전),"dictionary-style only, no nuance/example yet; korean accuracy not yet human-verified (separate axis from content strategy fit)"
ibetteoneota-01,,입에 떠 넣다,ko,idiom,입에 떠 넣다,P1,"MEANING (inferred from content structure, not real search data)",,,입에 떠 넣다,"Figuratively, to spoon-feed someone help instead of making them work for it.",3,2,2,2,2,2,2,AUTO_CLASSIFIED,P3,KNU 한국어 일상 표현 사전 (Naver 오픈사전),"dictionary-style only, no nuance/example yet; korean accuracy not yet human-verified (separate axis from content strategy fit)"
sesangdoragan-uniyagi-01,,세상 돌아가는 이야기,ko,idiom,세상 돌아가는 이야기,P1,"MEANING (inferred from content structure, not real search data)",,,세상 돌아가는 이야기,News and talk about what's happening in society.,3,2,2,2,2,2,2,AUTO_CLASSIFIED,P3,KNU 한국어 일상 표현 사전 (Naver 오픈사전),"dictionary-style only, no nuance/example yet; korean accuracy not yet human-verified (separate axis from content strategy fit)"
apeurobeolgodwiromiljida-01,,앞으로 벌고 뒤로 밀지다,ko,idiom,앞으로 벌고 뒤로 밀지다,P1,"MEANING (inferred from content structure, not real search data)",,,앞으로 벌고 뒤로 밀지다,To lose money on the back end even while clearly profiting up front.,3,2,2,2,2,2,2,AUTO_CLASSIFIED,P3,KNU 한국어 일상 표현 사전 (Naver 오픈사전),"dictionary-style only, no nuance/example yet; korean accuracy not yet human-verified (separate axis from content strategy fit)"
bingguuseum-01,,빙구 웃음,ko,idiom,빙구 웃음,P1,"MEANING (inferred from content structure, not real search data)",,,빙구 웃음,"A silly, dopey-looking smile — mildly mocking.",3,2,2,2,2,2,2,AUTO_CLASSIFIED,P3,KNU 한국어 일상 표현 사전 (Naver 오픈사전),"dictionary-style only, no nuance/example yet; korean accuracy not yet human-verified (separate axis from content strategy fit)"
emeseujireulchida-01,,엠에스지를 치다,ko,idiom,엠에스지를 치다,P1,"MEANING (inferred from content structure, not real search data)",,,엠에스지를 치다,"Figuratively, to exaggerate a story to make it sound more dramatic.",3,2,2,2,2,2,2,AUTO_CLASSIFIED,P3,KNU 한국어 일상 표현 사전 (Naver 오픈사전),"dictionary-style only, no nuance/example yet; korean accuracy not yet human-verified (separate axis from content strategy fit)"
nundoragan-unsorideullida-01,,눈 돌아가는 소리 들리다,ko,idiom,눈 돌아가는 소리 들리다,P1,"MEANING (inferred from content structure, not real search data)",,,눈 돌아가는 소리 들리다,"Exaggeration for showing extremely strong interest — ""you can hear their eyes spinning.""",3,2,2,2,2,2,2,AUTO_CLASSIFIED,P3,KNU 한국어 일상 표현 사전 (Naver 오픈사전),"dictionary-style only, no nuance/example yet; korean accuracy not yet human-verified (separate axis from content strategy fit)"
motaljisieulhada-01,,못 할 짓(을) 하다,ko,idiom,못 할 짓(을) 하다,P1,"MEANING (inferred from content structure, not real search data)",,,못 할 짓(을) 하다,To do something you really shouldn't have.,3,2,2,2,2,2,2,AUTO_CLASSIFIED,P3,KNU 한국어 일상 표현 사전 (Naver 오픈사전),"dictionary-style only, no nuance/example yet; korean accuracy not yet human-verified (separate axis from content strategy fit)"
gagereulnaeda-01,,가게(를) 내다,ko,idiom,가게(를) 내다,P1,"MEANING (inferred from content structure, not real search data)",,,가게(를) 내다,To open up a shop or business.,3,2,2,2,2,2,2,AUTO_CLASSIFIED,P3,KNU 한국어 일상 표현 사전 (Naver 오픈사전),"dictionary-style only, no nuance/example yet; korean accuracy not yet human-verified (separate axis from content strategy fit)"
hojeogeollida-01,,호적에 올리다,ko,idiom,호적에 올리다,P1,"MEANING (inferred from content structure, not real search data)",,,호적에 올리다,To legally register someone in the family registry.,3,2,2,2,2,2,2,AUTO_CLASSIFIED,P3,KNU 한국어 일상 표현 사전 (Naver 오픈사전),"dictionary-style only, no nuance/example yet; korean accuracy not yet human-verified (separate axis from content strategy fit)"
nechwimigaeopda-01,,N에 취미(가) 없다,ko,idiom,N에 취미(가) 없다,P1,"MEANING (inferred from content structure, not real search data)",,,N에 취미(가) 없다,To have no interest or enjoyment in doing N.,3,2,2,2,2,2,2,AUTO_CLASSIFIED,P3,KNU 한국어 일상 표현 사전 (Naver 오픈사전),"dictionary-style only, no nuance/example yet; korean accuracy not yet human-verified (separate axis from content strategy fit)"
sokeulteuda-01,,속(을) 트다,ko,idiom,속(을) 트다,P1,"MEANING (inferred from content structure, not real search data)",,,속(을) 트다,To open up and share one's true thoughts without holding back.,3,2,2,2,2,2,2,AUTO_CLASSIFIED,P3,KNU 한국어 일상 표현 사전 (Naver 오픈사전),"dictionary-style only, no nuance/example yet; korean accuracy not yet human-verified (separate axis from content strategy fit)"
mugyehoegigyehoek-01,,무계획이 계획,ko,idiom,무계획이 계획,P1,"MEANING (inferred from content structure, not real search data)",,,무계획이 계획,"""Having no plan is the plan"" — being deliberately spontaneous.",3,2,2,2,2,2,2,AUTO_CLASSIFIED,P3,KNU 한국어 일상 표현 사전 (Naver 오픈사전),"dictionary-style only, no nuance/example yet; korean accuracy not yet human-verified (separate axis from content strategy fit)"
bigyeoteulnallida-01,,빅엿(을) 날리다,ko,idiom,빅엿(을) 날리다,P1,"MEANING (inferred from content structure, not real search data)",,,빅엿(을) 날리다,"Informally, to throw someone into a huge, disastrous situation.",3,2,2,2,2,2,2,AUTO_CLASSIFIED,P3,KNU 한국어 일상 표현 사전 (Naver 오픈사전),"dictionary-style only, no nuance/example yet; korean accuracy not yet human-verified (separate axis from content strategy fit)"
insangeulpyeoda-01,,인상(을) 펴다,ko,idiom,인상(을) 펴다,P1,"MEANING (inferred from content structure, not real search data)",,,인상(을) 펴다,To stop frowning and relax your expression.,3,2,2,2,2,2,2,AUTO_CLASSIFIED,P3,KNU 한국어 일상 표현 사전 (Naver 오픈사전),"dictionary-style only, no nuance/example yet; korean accuracy not yet human-verified (separate axis from content strategy fit)"
akkidamwodoeda-01,,아끼다 뭐 되다,ko,idiom,아끼다 뭐 되다,P1,"MEANING (inferred from content structure, not real search data)",,,아끼다 뭐 되다,Warns that being too stingy with something can end up leaving it unused entirely.,3,2,2,2,2,2,2,AUTO_CLASSIFIED,P3,KNU 한국어 일상 표현 사전 (Naver 오픈사전),"dictionary-style only, no nuance/example yet; korean accuracy not yet human-verified (separate axis from content strategy fit)"
saengsanseongieopda-01,,생산성(이) 없다,ko,idiom,생산성(이) 없다,P1,"MEANING (inferred from content structure, not real search data)",,,생산성(이) 없다,To produce no tangible result or output.,3,2,2,2,2,2,2,AUTO_CLASSIFIED,P3,KNU 한국어 일상 표현 사전 (Naver 오픈사전),"dictionary-style only, no nuance/example yet; korean accuracy not yet human-verified (separate axis from content strategy fit)"
saengeulmagamhada-01,,생을 마감하다,ko,idiom,생을 마감하다,P1,"MEANING (inferred from content structure, not real search data)",,,생을 마감하다,A formal expression meaning to pass away.,3,2,2,2,2,2,2,AUTO_CLASSIFIED,P3,KNU 한국어 일상 표현 사전 (Naver 오픈사전),"dictionary-style only, no nuance/example yet; korean accuracy not yet human-verified (separate axis from content strategy fit)"
nugaanppaeseomeokda-01,,누가 안 뺏어 먹다,ko,idiom,누가 안 뺏어 먹다,P1,"MEANING (inferred from content structure, not real search data)",,,누가 안 뺏어 먹다,"""No one's going to steal it from you"" — telling someone there's no rush.",3,2,2,2,2,2,2,AUTO_CLASSIFIED,P3,KNU 한국어 일상 표현 사전 (Naver 오픈사전),"dictionary-style only, no nuance/example yet; korean accuracy not yet human-verified (separate axis from content strategy fit)"
nbyeong-01,,N병,ko,idiom,N병,P1,"MEANING (inferred from content structure, not real search data)",,,N병,A term for someone who obsessively favors and keeps bringing up a particular person or thing.,3,2,2,2,2,2,2,AUTO_CLASSIFIED,P3,KNU 한국어 일상 표현 사전 (Naver 오픈사전),"dictionary-style only, no nuance/example yet; korean accuracy not yet human-verified (separate axis from content strategy fit)"
eumakeulkalda-01,,음악(을) 깔다,ko,idiom,음악(을) 깔다,P1,"MEANING (inferred from content structure, not real search data)",,,음악(을) 깔다,To play background music to set a mood.,3,2,2,2,2,2,2,AUTO_CLASSIFIED,P3,KNU 한국어 일상 표현 사전 (Naver 오픈사전),"dictionary-style only, no nuance/example yet; korean accuracy not yet human-verified (separate axis from content strategy fit)"
saenggageulikda-01,,생각을 읽다,ko,idiom,생각을 읽다,P1,"MEANING (inferred from content structure, not real search data)",,,생각을 읽다,To figure out what someone else is thinking.,3,2,2,2,2,2,2,AUTO_CLASSIFIED,P3,KNU 한국어 일상 표현 사전 (Naver 오픈사전),"dictionary-style only, no nuance/example yet; korean accuracy not yet human-verified (separate axis from content strategy fit)"
mworeuljalmotmeogeona-01,,뭐(를) 잘못 먹었나,ko,idiom,뭐(를) 잘못 먹었나,P1,"MEANING (inferred from content structure, not real search data)",,,뭐(를) 잘못 먹었나,"""Did you eat something wrong?"" — asked when someone's acting out of character.",3,2,2,2,2,2,2,AUTO_CLASSIFIED,P3,KNU 한국어 일상 표현 사전 (Naver 오픈사전),"dictionary-style only, no nuance/example yet; korean accuracy not yet human-verified (separate axis from content strategy fit)"
oneurinarida-01,,오늘이 날이다,ko,idiom,오늘이 날이다,P1,"MEANING (inferred from content structure, not real search data)",,,오늘이 날이다,"""Today's the day"" — the right day to do something.",3,2,2,2,2,2,2,AUTO_CLASSIFIED,P3,KNU 한국어 일상 표현 사전 (Naver 오픈사전),"dictionary-style only, no nuance/example yet; korean accuracy not yet human-verified (separate axis from content strategy fit)"
saramisaneunjip-01,,사람(이) 사는 집,ko,idiom,사람(이) 사는 집,P1,"MEANING (inferred from content structure, not real search data)",,,사람(이) 사는 집,A home that feels lively and full of life.,3,2,2,2,2,2,2,AUTO_CLASSIFIED,P3,KNU 한국어 일상 표현 사전 (Naver 오픈사전),"dictionary-style only, no nuance/example yet; korean accuracy not yet human-verified (separate axis from content strategy fit)"
nuijeonhwabeonhoreulttada-01,,N의 전화번호(를) 따다,ko,idiom,N의 전화번호(를) 따다,P1,"MEANING (inferred from content structure, not real search data)",,,N의 전화번호(를) 따다,To get the phone number of someone you don't know well.,3,2,2,2,2,2,2,AUTO_CLASSIFIED,P3,KNU 한국어 일상 표현 사전 (Naver 오픈사전),"dictionary-style only, no nuance/example yet; korean accuracy not yet human-verified (separate axis from content strategy fit)"
apmanbogogeotda-01,,앞만 보고 걷다,ko,idiom,앞만 보고 걷다,P1,"MEANING (inferred from content structure, not real search data)",,,앞만 보고 걷다,"To focus solely on reaching a goal, without distraction.",3,2,2,2,2,2,2,AUTO_CLASSIFIED,P3,KNU 한국어 일상 표현 사전 (Naver 오픈사전),"dictionary-style only, no nuance/example yet; korean accuracy not yet human-verified (separate axis from content strategy fit)"
honeulssotda-01,,혼(을) 쏟다,ko,idiom,혼(을) 쏟다,P1,"MEANING (inferred from content structure, not real search data)",,,혼(을) 쏟다,To pour your whole spirit and focus into one thing.,3,2,2,2,2,2,2,AUTO_CLASSIFIED,P3,KNU 한국어 일상 표현 사전 (Naver 오픈사전),"dictionary-style only, no nuance/example yet; korean accuracy not yet human-verified (separate axis from content strategy fit)"
hanchiapeulmoreuda-01,,한 치 앞을 모르다,ko,idiom,한 치 앞을 모르다,P1,"MEANING (inferred from content structure, not real search data)",,,한 치 앞을 모르다,Not to know what's coming even in the very near future.,3,2,2,2,2,2,2,AUTO_CLASSIFIED,P3,KNU 한국어 일상 표현 사전 (Naver 오픈사전),"dictionary-style only, no nuance/example yet; korean accuracy not yet human-verified (separate axis from content strategy fit)"
ibeonsaengeunteullida-01,,이번 생은 틀리다,ko,idiom,이번 생은 틀리다,P1,"MEANING (inferred from content structure, not real search data)",,,이번 생은 틀리다,"A self-deprecating way of saying ""this life is a lost cause.""",3,2,2,2,2,2,2,AUTO_CLASSIFIED,P3,KNU 한국어 일상 표현 사전 (Naver 오픈사전),"dictionary-style only, no nuance/example yet; korean accuracy not yet human-verified (separate axis from content strategy fit)"
jujulibienna-01,,줄줄이 비엔나,ko,idiom,줄줄이 비엔나,P1,"MEANING (inferred from content structure, not real search data)",,,줄줄이 비엔나,Like a string of little Vienna sausages — bad events happening one right after another.,3,2,2,2,2,2,2,AUTO_CLASSIFIED,P3,KNU 한국어 일상 표현 사전 (Naver 오픈사전),"dictionary-style only, no nuance/example yet; korean accuracy not yet human-verified (separate axis from content strategy fit)"
paitingineomchida-01,,파이팅(이) 넘치다,ko,idiom,파이팅(이) 넘치다,P1,"MEANING (inferred from content structure, not real search data)",,,파이팅(이) 넘치다,To be bursting with energy and drive.,3,2,2,2,2,2,2,AUTO_CLASSIFIED,P3,KNU 한국어 일상 표현 사전 (Naver 오픈사전),"dictionary-style only, no nuance/example yet; korean accuracy not yet human-verified (separate axis from content strategy fit)"
sangtareulchida-01,,상타(를) 치다,ko,idiom,상타(를) 치다,P1,"MEANING (inferred from content structure, not real search data)",,,상타(를) 치다,To achieve results well beyond the average.,3,2,2,2,2,2,2,AUTO_CLASSIFIED,P3,KNU 한국어 일상 표현 사전 (Naver 오픈사전),"dictionary-style only, no nuance/example yet; korean accuracy not yet human-verified (separate axis from content strategy fit)"
bunwigireultada-01,,분위기(를) 타다,ko,idiom,분위기(를) 타다,P1,"MEANING (inferred from content structure, not real search data)",,,분위기(를) 타다,To be swept along by the mood of the moment.,3,2,2,2,2,2,2,AUTO_CLASSIFIED,P3,KNU 한국어 일상 표현 사전 (Naver 오픈사전),"dictionary-style only, no nuance/example yet; korean accuracy not yet human-verified (separate axis from content strategy fit)"
tteoksaljapgokaerihada-01,,떡살 잡고 캐리하다,ko,idiom,떡살 잡고 캐리하다,P1,"MEANING (inferred from content structure, not real search data)",,,떡살 잡고 캐리하다,Gaming slang: to take firm decisive control at a key moment and carry the match.,3,2,2,2,2,2,2,AUTO_CLASSIFIED,P3,KNU 한국어 일상 표현 사전 (Naver 오픈사전),"dictionary-style only, no nuance/example yet; korean accuracy not yet human-verified (separate axis from content strategy fit)"
motmeokneunttteogechimbaetgi-01,,못 먹는 떡에 침 뱉기,ko,idiom,못 먹는 떡에 침 뱉기,P1,"MEANING (inferred from content structure, not real search data)",,,못 먹는 떡에 침 뱉기,"Figuratively, to spitefully ruin something for others just because you can't have it yourself.",3,2,2,2,2,2,2,AUTO_CLASSIFIED,P3,KNU 한국어 일상 표현 사전 (Naver 오픈사전),"dictionary-style only, no nuance/example yet; korean accuracy not yet human-verified (separate axis from content strategy fit)"
chulbalseonidareuda-01,,출발선이 다르다,ko,idiom,출발선이 다르다,P1,"MEANING (inferred from content structure, not real search data)",,,출발선이 다르다,To start from a very different position or advantage than someone else.,3,2,2,2,2,2,2,AUTO_CLASSIFIED,P3,KNU 한국어 일상 표현 사전 (Naver 오픈사전),"dictionary-style only, no nuance/example yet; korean accuracy not yet human-verified (separate axis from content strategy fit)"
bigannaerida-01,,비(가) 내리다,ko,idiom,비(가) 내리다,P1,"MEANING (inferred from content structure, not real search data)",,,비(가) 내리다,"Figuratively, to fail a test badly.",3,2,2,2,2,2,2,AUTO_CLASSIFIED,P3,KNU 한국어 일상 표현 사전 (Naver 오픈사전),"dictionary-style only, no nuance/example yet; korean accuracy not yet human-verified (separate axis from content strategy fit)"
gosaenghaesseumnida-01,,고생했습니다,ko,idiom,고생했습니다,P1,"MEANING (inferred from content structure, not real search data)",,,고생했습니다,"A polite phrase thanking someone for their hard work, once it's done.",3,2,2,2,2,2,2,AUTO_CLASSIFIED,P3,KNU 한국어 일상 표현 사전 (Naver 오픈사전),"dictionary-style only, no nuance/example yet; korean accuracy not yet human-verified (separate axis from content strategy fit)"
eolguleulpyeoda-01,,얼굴(을) 펴다,ko,idiom,얼굴(을) 펴다,P1,"MEANING (inferred from content structure, not real search data)",,,얼굴(을) 펴다,To brighten up your expression.,3,2,2,2,2,2,2,AUTO_CLASSIFIED,P3,KNU 한국어 일상 표현 사전 (Naver 오픈사전),"dictionary-style only, no nuance/example yet; korean accuracy not yet human-verified (separate axis from content strategy fit)"
innaesimteseuteu-01,,인내심 테스트,ko,idiom,인내심 테스트,P1,"MEANING (inferred from content structure, not real search data)",,,인내심 테스트,"A ""patience test"" — a situation designed to see how long your patience holds.",3,2,2,2,2,2,2,AUTO_CLASSIFIED,P3,KNU 한국어 일상 표현 사전 (Naver 오픈사전),"dictionary-style only, no nuance/example yet; korean accuracy not yet human-verified (separate axis from content strategy fit)"
gagereulyeolda-01,,가게(를) 열다,ko,idiom,가게(를) 열다,P1,"MEANING (inferred from content structure, not real search data)",,,가게(를) 열다,To open up a shop or business.,3,2,2,2,2,2,2,AUTO_CLASSIFIED,P3,KNU 한국어 일상 표현 사전 (Naver 오픈사전),"dictionary-style only, no nuance/example yet; korean accuracy not yet human-verified (separate axis from content strategy fit)"
panidwijipida-01,,판(이) 뒤집히다,ko,idiom,판(이) 뒤집히다,P1,"MEANING (inferred from content structure, not real search data)",,,판(이) 뒤집히다,For a situation to completely flip and turn out the opposite of before.,3,2,2,2,2,2,2,AUTO_CLASSIFIED,P3,KNU 한국어 일상 표현 사전 (Naver 오픈사전),"dictionary-style only, no nuance/example yet; korean accuracy not yet human-verified (separate axis from content strategy fit)"
moreumyeonmollatji-01,,모르면 몰랐지,ko,idiom,모르면 몰랐지,P1,"MEANING (inferred from content structure, not real search data)",,,모르면 몰랐지,"""If you didn't know, fine, but now that you do..."" — a lead-in to something one can no longer overlook.",3,2,2,2,2,2,2,AUTO_CLASSIFIED,P3,KNU 한국어 일상 표현 사전 (Naver 오픈사전),"dictionary-style only, no nuance/example yet; korean accuracy not yet human-verified (separate axis from content strategy fit)"
yugiottaenallineunnallidoanida-01,,육이오 때 난리는 난리도 아니다,ko,idiom,육이오 때 난리는 난리도 아니다,P1,"MEANING (inferred from content structure, not real search data)",,,육이오 때 난리는 난리도 아니다,"""The chaos of the Korean War was nothing"" — describing an absolutely huge uproar.",3,2,2,2,2,2,2,AUTO_CLASSIFIED,P3,KNU 한국어 일상 표현 사전 (Naver 오픈사전),"dictionary-style only, no nuance/example yet; korean accuracy not yet human-verified (separate axis from content strategy fit)"
kkomjjakma-01,,꼼짝 마,ko,idiom,꼼짝 마,P1,"MEANING (inferred from content structure, not real search data)",,,꼼짝 마,"""Freeze, don't move"" — usually said in jest, mimicking a cop/robber standoff.",3,2,2,2,2,2,2,AUTO_CLASSIFIED,P3,KNU 한국어 일상 표현 사전 (Naver 오픈사전),"dictionary-style only, no nuance/example yet; korean accuracy not yet human-verified (separate axis from content strategy fit)"
sipwonjjarimal-01,,십 원짜리 말,ko,idiom,십 원짜리 말,P1,"MEANING (inferred from content structure, not real search data)",,,십 원짜리 말,A crude way to refer to cursing.,3,2,2,2,2,2,2,AUTO_CLASSIFIED,P3,KNU 한국어 일상 표현 사전 (Naver 오픈사전),"dictionary-style only, no nuance/example yet; korean accuracy not yet human-verified (separate axis from content strategy fit)"
nehanpyo-01,,N에 한 표,ko,idiom,N에 한 표,P1,"MEANING (inferred from content structure, not real search data)",,,N에 한 표,"""One vote for N"" — casually agreeing that a particular option is right.",3,2,2,2,2,2,2,AUTO_CLASSIFIED,P3,KNU 한국어 일상 표현 사전 (Naver 오픈사전),"dictionary-style only, no nuance/example yet; korean accuracy not yet human-verified (separate axis from content strategy fit)"
geunyanghaebonsori-01,,그냥 해 본 소리,ko,idiom,그냥 해 본 소리,P1,"MEANING (inferred from content structure, not real search data)",,,그냥 해 본 소리,"Something said with no particular meaning behind it, just idle talk.",3,2,2,2,2,2,2,AUTO_CLASSIFIED,P3,KNU 한국어 일상 표현 사전 (Naver 오픈사전),"dictionary-style only, no nuance/example yet; korean accuracy not yet human-verified (separate axis from content strategy fit)"
pyeonghaengseoneulgeurida-01,,평행선(을) 그리다,ko,idiom,평행선(을) 그리다,P1,"MEANING (inferred from content structure, not real search data)",,,평행선(을) 그리다,"For two sides' opinions to stay parallel forever, never meeting.",3,2,2,2,2,2,2,AUTO_CLASSIFIED,P3,KNU 한국어 일상 표현 사전 (Naver 오픈사전),"dictionary-style only, no nuance/example yet; korean accuracy not yet human-verified (separate axis from content strategy fit)"
hogangegyeopda-01,,호강에 겹다,ko,idiom,호강에 겹다,P1,"MEANING (inferred from content structure, not real search data)",,,호강에 겹다,To be so well-off or comfortable it's almost too much.,3,2,2,2,2,2,2,AUTO_CLASSIFIED,P3,KNU 한국어 일상 표현 사전 (Naver 오픈사전),"dictionary-style only, no nuance/example yet; korean accuracy not yet human-verified (separate axis from content strategy fit)"
maedallida-01,,매달리다,ko,idiom,매달리다,P1,"MEANING (inferred from content structure, not real search data)",,,매달리다,To keep pestering or pleading with someone to get closer to them.,3,2,2,2,2,2,2,AUTO_CLASSIFIED,P3,KNU 한국어 일상 표현 사전 (Naver 오픈사전),"dictionary-style only, no nuance/example yet; korean accuracy not yet human-verified (separate axis from content strategy fit)"
hoemreoneulnallida-01,,홈런(을) 날리다,ko,idiom,홈런(을) 날리다,P1,"MEANING (inferred from content structure, not real search data)",,,홈런(을) 날리다,"Figuratively, to hit a big success — a ""home run.""",3,2,2,2,2,2,2,AUTO_CLASSIFIED,P3,KNU 한국어 일상 표현 사전 (Naver 오픈사전),"dictionary-style only, no nuance/example yet; korean accuracy not yet human-verified (separate axis from content strategy fit)"
hyeonjangjapda-01,,현장(을) 잡다,ko,idiom,현장(을) 잡다,P1,"MEANING (inferred from content structure, not real search data)",,,현장(을) 잡다,To catch a situation red-handed as soon as it happens.,3,2,2,2,2,2,2,AUTO_CLASSIFIED,P3,KNU 한국어 일상 표현 사전 (Naver 오픈사전),"dictionary-style only, no nuance/example yet; korean accuracy not yet human-verified (separate axis from content strategy fit)"
choemyeoneulgeolda-01,,최면(을) 걸다,ko,idiom,최면(을) 걸다,P1,"MEANING (inferred from content structure, not real search data)",,,최면(을) 걸다,To put someone under hypnosis.,3,2,2,2,2,2,2,AUTO_CLASSIFIED,P3,KNU 한국어 일상 표현 사전 (Naver 오픈사전),"dictionary-style only, no nuance/example yet; korean accuracy not yet human-verified (separate axis from content strategy fit)"
beireulbeotda-01,,베일을 벗다,ko,idiom,베일을 벗다,P1,"MEANING (inferred from content structure, not real search data)",,,베일을 벗다,For something that had been kept secret to come to light.,3,2,2,2,2,2,2,AUTO_CLASSIFIED,P3,KNU 한국어 일상 표현 사전 (Naver 오픈사전),"dictionary-style only, no nuance/example yet; korean accuracy not yet human-verified (separate axis from content strategy fit)"
majimakganeungil-01,,마지막 가는 길,ko,idiom,마지막 가는 길,P1,"MEANING (inferred from content structure, not real search data)",,,마지막 가는 길,"A euphemism for someone's passing — ""the final road.""",3,2,2,2,2,2,2,AUTO_CLASSIFIED,P3,KNU 한국어 일상 표현 사전 (Naver 오픈사전),"dictionary-style only, no nuance/example yet; korean accuracy not yet human-verified (separate axis from content strategy fit)"
gobbireulnotchida-01,,고삐(를) 놓치다,ko,idiom,고삐(를) 놓치다,P1,"MEANING (inferred from content structure, not real search data)",,,고삐(를) 놓치다,To lose control over something or someone you were meant to be managing.,3,2,2,2,2,2,2,AUTO_CLASSIFIED,P3,KNU 한국어 일상 표현 사전 (Naver 오픈사전),"dictionary-style only, no nuance/example yet; korean accuracy not yet human-verified (separate axis from content strategy fit)"
paneulheundeulda-01,,판(을) 흔들다,ko,idiom,판(을) 흔들다,P1,"MEANING (inferred from content structure, not real search data)",,,판(을) 흔들다,To shake up a situation and cause a big change.,3,2,2,2,2,2,2,AUTO_CLASSIFIED,P3,KNU 한국어 일상 표현 사전 (Naver 오픈사전),"dictionary-style only, no nuance/example yet; korean accuracy not yet human-verified (separate axis from content strategy fit)"
gihoereulsallida-01,,기회(를) 살리다,ko,idiom,기회(를) 살리다,P1,"MEANING (inferred from content structure, not real search data)",,,기회(를) 살리다,To seize and make the most of an opportunity at just the right time.,3,2,2,2,2,2,2,AUTO_CLASSIFIED,P3,KNU 한국어 일상 표현 사전 (Naver 오픈사전),"dictionary-style only, no nuance/example yet; korean accuracy not yet human-verified (separate axis from content strategy fit)"
motaemeokgetda-01,,못 해 먹겠다,ko,idiom,못 해 먹겠다,P1,"MEANING (inferred from content structure, not real search data)",,,못 해 먹겠다,"""I can't do this anymore"" — reaching your limit.",3,2,2,2,2,2,2,AUTO_CLASSIFIED,P3,KNU 한국어 일상 표현 사전 (Naver 오픈사전),"dictionary-style only, no nuance/example yet; korean accuracy not yet human-verified (separate axis from content strategy fit)"
geureondemarida-01,,그런데 말이다,ko,idiom,그런데 말이다,P1,"MEANING (inferred from content structure, not real search data)",,,그런데 말이다,"""But here's the thing"" — pivoting the conversation.",3,2,2,2,2,2,2,AUTO_CLASSIFIED,P3,KNU 한국어 일상 표현 사전 (Naver 오픈사전),"dictionary-style only, no nuance/example yet; korean accuracy not yet human-verified (separate axis from content strategy fit)"
useumkkocheulpiuda-01,,웃음꽃을 피우다,ko,idiom,웃음꽃을 피우다,P1,"MEANING (inferred from content structure, not real search data)",,,웃음꽃을 피우다,"For a cheerful, laughter-filled mood to bloom in a place.",3,2,2,2,2,2,2,AUTO_CLASSIFIED,P3,KNU 한국어 일상 표현 사전 (Naver 오픈사전),"dictionary-style only, no nuance/example yet; korean accuracy not yet human-verified (separate axis from content strategy fit)"
marinamotamyeon-01,,말이나 못하면,ko,idiom,말이나 못하면,P1,"MEANING (inferred from content structure, not real search data)",,,말이나 못하면,Implies you could say a lot more critical things but are holding back.,3,2,2,2,2,2,2,AUTO_CLASSIFIED,P3,KNU 한국어 일상 표현 사전 (Naver 오픈사전),"dictionary-style only, no nuance/example yet; korean accuracy not yet human-verified (separate axis from content strategy fit)"
chingumeokda-01,,친구 먹다,ko,idiom,친구 먹다,P1,"MEANING (inferred from content structure, not real search data)",,,친구 먹다,"Informally, to become friends with someone.",3,2,2,2,2,2,2,AUTO_CLASSIFIED,P3,KNU 한국어 일상 표현 사전 (Naver 오픈사전),"dictionary-style only, no nuance/example yet; korean accuracy not yet human-verified (separate axis from content strategy fit)"
meorireuljaruda-01,,머리를 자르다,ko,idiom,머리를 자르다,P1,"MEANING (inferred from content structure, not real search data)",,,머리를 자르다,To get a haircut.,3,2,2,2,2,2,2,AUTO_CLASSIFIED,P3,KNU 한국어 일상 표현 사전 (Naver 오픈사전),"dictionary-style only, no nuance/example yet; korean accuracy not yet human-verified (separate axis from content strategy fit)"
dwitjeoneuromiruda-01,,뒷전으로 미루다,ko,idiom,뒷전으로 미루다,P1,"MEANING (inferred from content structure, not real search data)",,,뒷전으로 미루다,"To push something to the back burner, deprioritizing it.",3,2,2,2,2,2,2,AUTO_CLASSIFIED,P3,KNU 한국어 일상 표현 사전 (Naver 오픈사전),"dictionary-style only, no nuance/example yet; korean accuracy not yet human-verified (separate axis from content strategy fit)"
tteumnikka-01,,뜸니까,ko,idiom,뜸니까,P1,"MEANING (inferred from content structure, not real search data)",,,뜸니까,Deliberately pausing before finishing a sentence to make the listener think it over. (Reading uncertain — possibly related to 뜸(을) 들이다.),3,2,2,2,2,2,2,AUTO_CLASSIFIED,P3,KNU 한국어 일상 표현 사전 (Naver 오픈사전),"dictionary-style only, no nuance/example yet; korean accuracy not yet human-verified (separate axis from content strategy fit)"
hapuminaoda-01,,하품(이) 나오다,ko,idiom,하품(이) 나오다,P1,"MEANING (inferred from content structure, not real search data)",,,하품(이) 나오다,"Figuratively, for something to be boring enough to make you yawn.",3,2,2,2,2,2,2,AUTO_CLASSIFIED,P3,KNU 한국어 일상 표현 사전 (Naver 오픈사전),"dictionary-style only, no nuance/example yet; korean accuracy not yet human-verified (separate axis from content strategy fit)"
buneneomchida-01,,분에 넘치다,ko,idiom,분에 넘치다,P1,"MEANING (inferred from content structure, not real search data)",,,분에 넘치다,To go beyond what one's own status/position warrants.,3,2,2,2,2,2,2,AUTO_CLASSIFIED,P3,KNU 한국어 일상 표현 사전 (Naver 오픈사전),"dictionary-style only, no nuance/example yet; korean accuracy not yet human-verified (separate axis from content strategy fit)"
giganullida-01,,기(가) 눌리다,ko,idiom,기(가) 눌리다,P1,"MEANING (inferred from content structure, not real search data)",,,기(가) 눌리다,For someone's energy or spirit to be overwhelmed by someone else's.,3,2,2,2,2,2,2,AUTO_CLASSIFIED,P3,KNU 한국어 일상 표현 사전 (Naver 오픈사전),"dictionary-style only, no nuance/example yet; korean accuracy not yet human-verified (separate axis from content strategy fit)"
jaemigassolssolhada-01,,재미(가) 쏠쏠하다,ko,idiom,재미(가) 쏠쏠하다,P1,"MEANING (inferred from content structure, not real search data)",,,재미(가) 쏠쏠하다,"To find a decent, satisfying amount of fun or benefit in something.",3,2,2,2,2,2,2,AUTO_CLASSIFIED,P3,KNU 한국어 일상 표현 사전 (Naver 오픈사전),"dictionary-style only, no nuance/example yet; korean accuracy not yet human-verified (separate axis from content strategy fit)"
gamananduda-01,,가만 안 두다,ko,idiom,가만 안 두다,P1,"MEANING (inferred from content structure, not real search data)",,,가만 안 두다,To not let a wrongdoing slide — to hold someone accountable.,3,2,2,2,2,2,2,AUTO_CLASSIFIED,P3,KNU 한국어 일상 표현 사전 (Naver 오픈사전),"dictionary-style only, no nuance/example yet; korean accuracy not yet human-verified (separate axis from content strategy fit)"
baegajakda-01,,배(가) 작다,ko,idiom,배(가) 작다,P1,"MEANING (inferred from content structure, not real search data)",,,배(가) 작다,To not be able to eat much food.,3,2,2,2,2,2,2,AUTO_CLASSIFIED,P3,KNU 한국어 일상 표현 사전 (Naver 오픈사전),"dictionary-style only, no nuance/example yet; korean accuracy not yet human-verified (separate axis from content strategy fit)"
maeummanbatda-01,,마음만 받다,ko,idiom,마음만 받다,P1,"MEANING (inferred from content structure, not real search data)",,,마음만 받다,To politely decline a gift while still accepting the kind intention behind it.,3,2,2,2,2,2,2,AUTO_CLASSIFIED,P3,KNU 한국어 일상 표현 사전 (Naver 오픈사전),"dictionary-style only, no nuance/example yet; korean accuracy not yet human-verified (separate axis from content strategy fit)"
yeorimyeonahop-01,,열이면 아홉,ko,idiom,열이면 아홉,P1,"MEANING (inferred from content structure, not real search data)",,,열이면 아홉,"""Nine times out of ten"" — almost always.",3,2,2,2,2,2,2,AUTO_CLASSIFIED,P3,KNU 한국어 일상 표현 사전 (Naver 오픈사전),"dictionary-style only, no nuance/example yet; korean accuracy not yet human-verified (separate axis from content strategy fit)"
gagyeokeuljapda-01,,가격(을) 잡다,ko,idiom,가격(을) 잡다,P1,"MEANING (inferred from content structure, not real search data)",,,가격(을) 잡다,To fix an item's price at an appropriate level.,3,2,2,2,2,2,2,AUTO_CLASSIFIED,P3,KNU 한국어 일상 표현 사전 (Naver 오픈사전),"dictionary-style only, no nuance/example yet; korean accuracy not yet human-verified (separate axis from content strategy fit)"
eolguleuldeuriminda-01,,얼굴(을) 들이밀다,ko,idiom,얼굴(을) 들이밀다,P1,"MEANING (inferred from content structure, not real search data)",,,얼굴(을) 들이밀다,For an unwelcome presence to show up somewhere.,3,2,2,2,2,2,2,AUTO_CLASSIFIED,P3,KNU 한국어 일상 표현 사전 (Naver 오픈사전),"dictionary-style only, no nuance/example yet; korean accuracy not yet human-verified (separate axis from content strategy fit)"
hanmokeulchaenggida-01,,한몫(을) 챙기다,ko,idiom,한몫(을) 챙기다,P1,"MEANING (inferred from content structure, not real search data)",,,한몫(을) 챙기다,To grab a hefty share of profit for yourself.,3,2,2,2,2,2,2,AUTO_CLASSIFIED,P3,KNU 한국어 일상 표현 사전 (Naver 오픈사전),"dictionary-style only, no nuance/example yet; korean accuracy not yet human-verified (separate axis from content strategy fit)"
soniangada-01,,손(이) 안 가다,ko,idiom,손(이) 안 가다,P1,"MEANING (inferred from content structure, not real search data)",,,손(이) 안 가다,To not feel like reaching for or using something.,3,2,2,2,2,2,2,AUTO_CLASSIFIED,P3,KNU 한국어 일상 표현 사전 (Naver 오픈사전),"dictionary-style only, no nuance/example yet; korean accuracy not yet human-verified (separate axis from content strategy fit)"
byeolkkoribanjjok-01,,별꼴이 반쪽,ko,idiom,별꼴이 반쪽,P1,"MEANING (inferred from content structure, not real search data)",,,별꼴이 반쪽,A mocking remark toward someone acting out of character.,3,2,2,2,2,2,2,AUTO_CLASSIFIED,P3,KNU 한국어 일상 표현 사전 (Naver 오픈사전),"dictionary-style only, no nuance/example yet; korean accuracy not yet human-verified (separate axis from content strategy fit)"
myeonjokketda-01,,V-면 좋겠다,ko,idiom,V-면 좋겠다,P1,"MEANING (inferred from content structure, not real search data)",,,V-면 좋겠다,"""It'd be nice if..."" — expressing a hope.",3,2,2,2,2,2,2,AUTO_CLASSIFIED,P3,KNU 한국어 일상 표현 사전 (Naver 오픈사전),"dictionary-style only, no nuance/example yet; korean accuracy not yet human-verified (separate axis from content strategy fit)"
gyesanaeeopda-01,,계산에 없다,ko,idiom,계산에 없다,P1,"MEANING (inferred from content structure, not real search data)",,,계산에 없다,"To not have anticipated something happening, catching you off guard.",3,2,2,2,2,2,2,AUTO_CLASSIFIED,P3,KNU 한국어 일상 표현 사전 (Naver 오픈사전),"dictionary-style only, no nuance/example yet; korean accuracy not yet human-verified (separate axis from content strategy fit)"
meokgosaljagohaneunirida-01,,먹고 살자고 하는 일이다,ko,idiom,먹고 살자고 하는 일이다,P1,"MEANING (inferred from content structure, not real search data)",,,먹고 살자고 하는 일이다,"""It's all done just to make a living.""",3,2,2,2,2,2,2,AUTO_CLASSIFIED,P3,KNU 한국어 일상 표현 사전 (Naver 오픈사전),"dictionary-style only, no nuance/example yet; korean accuracy not yet human-verified (separate axis from content strategy fit)"
kkorigamomtongeulheundeulda-01,,꼬리가 몸통을 흔들다,ko,idiom,꼬리가 몸통을 흔들다,P1,"MEANING (inferred from content structure, not real search data)",,,꼬리가 몸통을 흔들다,"Figuratively, for a small part to end up controlling something much bigger — ""the tail wagging the dog.""",3,2,2,2,2,2,2,AUTO_CLASSIFIED,P3,KNU 한국어 일상 표현 사전 (Naver 오픈사전),"dictionary-style only, no nuance/example yet; korean accuracy not yet human-verified (separate axis from content strategy fit)"
heogabantomakinada-01,,허(가) 반토막(이) 나다,ko,idiom,허(가) 반토막(이) 나다,P1,"MEANING (inferred from content structure, not real search data)",,,허(가) 반토막(이) 나다,"To be caught completely off guard, ""sliced clean in half.""",3,2,2,2,2,2,2,AUTO_CLASSIFIED,P3,KNU 한국어 일상 표현 사전 (Naver 오픈사전),"dictionary-style only, no nuance/example yet; korean accuracy not yet human-verified (separate axis from content strategy fit)"
sulgeim-01,,술 게임,ko,idiom,술 게임,P1,"MEANING (inferred from content structure, not real search data)",,,술 게임,"A game played while drinking, for fun with friends.",3,2,2,2,2,2,2,AUTO_CLASSIFIED,P3,KNU 한국어 일상 표현 사전 (Naver 오픈사전),"dictionary-style only, no nuance/example yet; korean accuracy not yet human-verified (separate axis from content strategy fit)"
hwajangitteuda-01,,화장(이) 뜨다,ko,idiom,화장(이) 뜨다,P1,"MEANING (inferred from content structure, not real search data)",,,화장(이) 뜨다,For makeup to not sit well on the skin and look patchy.,3,2,2,2,2,2,2,AUTO_CLASSIFIED,P3,KNU 한국어 일상 표현 사전 (Naver 오픈사전),"dictionary-style only, no nuance/example yet; korean accuracy not yet human-verified (separate axis from content strategy fit)"
yoryeongeulburida-01,,요령(을) 부리다,ko,idiom,요령(을) 부리다,P1,"MEANING (inferred from content structure, not real search data)",,,요령(을) 부리다,To cut corners cleverly to avoid properly finishing a task.,3,2,2,2,2,2,2,AUTO_CLASSIFIED,P3,KNU 한국어 일상 표현 사전 (Naver 오픈사전),"dictionary-style only, no nuance/example yet; korean accuracy not yet human-verified (separate axis from content strategy fit)"
sarigassahida-01,,사리(가) 쌓이다,ko,idiom,사리(가) 쌓이다,P1,"MEANING (inferred from content structure, not real search data)",,,사리(가) 쌓이다,"Figuratively, to accumulate a lot of pent-up stress from hardship.",3,2,2,2,2,2,2,AUTO_CLASSIFIED,P3,KNU 한국어 일상 표현 사전 (Naver 오픈사전),"dictionary-style only, no nuance/example yet; korean accuracy not yet human-verified (separate axis from content strategy fit)"
chaeksangeulppaeda-01,,책상(을) 빼다,ko,idiom,책상(을) 빼다,P1,"MEANING (inferred from content structure, not real search data)",,,책상(을) 빼다,To be laid off from work.,3,2,2,2,2,2,2,AUTO_CLASSIFIED,P3,KNU 한국어 일상 표현 사전 (Naver 오픈사전),"dictionary-style only, no nuance/example yet; korean accuracy not yet human-verified (separate axis from content strategy fit)"
yakbalitteoreojida-01,,약발(이) 떨어지다,ko,idiom,약발(이) 떨어지다,P1,"MEANING (inferred from content structure, not real search data)",,,약발(이) 떨어지다,For a short-term fix's effect to wear off.,3,2,2,2,2,2,2,AUTO_CLASSIFIED,P3,KNU 한국어 일상 표현 사전 (Naver 오픈사전),"dictionary-style only, no nuance/example yet; korean accuracy not yet human-verified (separate axis from content strategy fit)"
ttik-01,,띡,ko,idiom,띡,P1,"MEANING (inferred from content structure, not real search data)",,,띡,"Informal way of saying ""as usual"" or ""the whole thing,"" used dismissively.",3,2,2,2,2,2,2,AUTO_CLASSIFIED,P3,KNU 한국어 일상 표현 사전 (Naver 오픈사전),"dictionary-style only, no nuance/example yet; korean accuracy not yet human-verified (separate axis from content strategy fit)"
saneungesaneungeanida-01,,사는 게 사는 게 아니다,ko,idiom,사는 게 사는 게 아니다,P1,"MEANING (inferred from content structure, not real search data)",,,사는 게 사는 게 아니다,"""This isn't living"" — life feels unbearably hard right now.",3,2,2,2,2,2,2,AUTO_CLASSIFIED,P3,KNU 한국어 일상 표현 사전 (Naver 오픈사전),"dictionary-style only, no nuance/example yet; korean accuracy not yet human-verified (separate axis from content strategy fit)"
geureomgeureochi-01,,그럼 그렇지,ko,idiom,그럼 그렇지,P1,"MEANING (inferred from content structure, not real search data)",,,그럼 그렇지,"""Of course, I knew it"" — said when a result comes out exactly as expected.",3,2,2,2,2,2,2,AUTO_CLASSIFIED,P3,KNU 한국어 일상 표현 사전 (Naver 오픈사전),"dictionary-style only, no nuance/example yet; korean accuracy not yet human-verified (separate axis from content strategy fit)"
nmeokneunhama-01,,N 먹는 하마,ko,idiom,N 먹는 하마,P1,"MEANING (inferred from content structure, not real search data)",,,N 먹는 하마,"Something that keeps endlessly disappearing into a bottomless pit — ""a hippo that eats N.""",3,2,2,2,2,2,2,AUTO_CLASSIFIED,P3,KNU 한국어 일상 표현 사전 (Naver 오픈사전),"dictionary-style only, no nuance/example yet; korean accuracy not yet human-verified (separate axis from content strategy fit)"
gunghapijota-01,,궁합(이) 좋다,ko,idiom,궁합(이) 좋다,P1,"MEANING (inferred from content structure, not real search data)",,,궁합(이) 좋다,For two things or people to go well together.,3,2,2,2,2,2,2,AUTO_CLASSIFIED,P3,KNU 한국어 일상 표현 사전 (Naver 오픈사전),"dictionary-style only, no nuance/example yet; korean accuracy not yet human-verified (separate axis from content strategy fit)"
napdeukigada-01,,납득(이) 가다,ko,idiom,납득(이) 가다,P1,"MEANING (inferred from content structure, not real search data)",,,납득(이) 가다,To find someone's words or actions understandable.,3,2,2,2,2,2,2,AUTO_CLASSIFIED,P3,KNU 한국어 일상 표현 사전 (Naver 오픈사전),"dictionary-style only, no nuance/example yet; korean accuracy not yet human-verified (separate axis from content strategy fit)"
nunchireulbapmarameokda-01,,눈치(를) 밥 말아 먹다,ko,idiom,눈치(를) 밥 말아 먹다,P1,"MEANING (inferred from content structure, not real search data)",,,눈치(를) 밥 말아 먹다,"Informally, to have absolutely no tact or social awareness.",3,2,2,2,2,2,2,AUTO_CLASSIFIED,P3,KNU 한국어 일상 표현 사전 (Naver 오픈사전),"dictionary-style only, no nuance/example yet; korean accuracy not yet human-verified (separate axis from content strategy fit)"
juknesane-01,,죽네 사네,ko,idiom,죽네 사네,P1,"MEANING (inferred from content structure, not real search data)",,,죽네 사네,"Exaggerated dramatics — ""acting like it's life or death"" over something minor.",3,2,2,2,2,2,2,AUTO_CLASSIFIED,P3,KNU 한국어 일상 표현 사전 (Naver 오픈사전),"dictionary-style only, no nuance/example yet; korean accuracy not yet human-verified (separate axis from content strategy fit)"
singyeongegeoseullida-01,,신경에 거슬리다,ko,idiom,신경에 거슬리다,P1,"MEANING (inferred from content structure, not real search data)",,,신경에 거슬리다,For something to nag at and mildly irritate you.,3,2,2,2,2,2,2,AUTO_CLASSIFIED,P3,KNU 한국어 일상 표현 사전 (Naver 오픈사전),"dictionary-style only, no nuance/example yet; korean accuracy not yet human-verified (separate axis from content strategy fit)"
maeumuijunbi-01,,마음의 준비,ko,idiom,마음의 준비,P1,"MEANING (inferred from content structure, not real search data)",,,마음의 준비,"Mental or emotional preparation, especially for bad news.",3,2,2,2,2,2,2,AUTO_CLASSIFIED,P3,KNU 한국어 일상 표현 사전 (Naver 오픈사전),"dictionary-style only, no nuance/example yet; korean accuracy not yet human-verified (separate axis from content strategy fit)"
geunomuin-01,,그놈의 N,ko,idiom,그놈의 N,P1,"MEANING (inferred from content structure, not real search data)",,,그놈의 N,"""That darn N"" — expressing exasperation with something that keeps causing trouble.",3,2,2,2,2,2,2,AUTO_CLASSIFIED,P3,KNU 한국어 일상 표현 사전 (Naver 오픈사전),"dictionary-style only, no nuance/example yet; korean accuracy not yet human-verified (separate axis from content strategy fit)"
maeumebuljiruda-01,,마음에 불(을) 지르다,ko,idiom,마음에 불(을) 지르다,P1,"MEANING (inferred from content structure, not real search data)",,,마음에 불(을) 지르다,"Figuratively, to stir up strong feelings in someone.",3,2,2,2,2,2,2,AUTO_CLASSIFIED,P3,KNU 한국어 일상 표현 사전 (Naver 오픈사전),"dictionary-style only, no nuance/example yet; korean accuracy not yet human-verified (separate axis from content strategy fit)"
meorireulollida-01,,머리(를) 올리다,ko,idiom,머리(를) 올리다,P1,"MEANING (inferred from content structure, not real search data)",,,머리(를) 올리다,Golf slang: to play your very first round of golf.,3,2,2,2,2,2,2,AUTO_CLASSIFIED,P3,KNU 한국어 일상 표현 사전 (Naver 오픈사전),"dictionary-style only, no nuance/example yet; korean accuracy not yet human-verified (separate axis from content strategy fit)"
beoreusuiganeulppaemeokda-01,,버릇의 간을 빼먹다,ko,idiom,버릇의 간을 빼먹다,P1,"MEANING (inferred from content structure, not real search data)",,,버릇의 간을 빼먹다,"Figuratively, for a bad habit to be indulged so much it ""eats the liver out of"" the person allowing it.",3,2,2,2,2,2,2,AUTO_CLASSIFIED,P3,KNU 한국어 일상 표현 사전 (Naver 오픈사전),"dictionary-style only, no nuance/example yet; korean accuracy not yet human-verified (separate axis from content strategy fit)"
iyangbana-01,,이 양반아,ko,idiom,이 양반아,P1,"MEANING (inferred from content structure, not real search data)",,,이 양반아,"An informal, slightly rude way to address someone — ""hey, you.""",3,2,2,2,2,2,2,AUTO_CLASSIFIED,P3,KNU 한국어 일상 표현 사전 (Naver 오픈사전),"dictionary-style only, no nuance/example yet; korean accuracy not yet human-verified (separate axis from content strategy fit)"
geeureumeulpiuda-01,,게으름(을) 피우다,ko,idiom,게으름(을) 피우다,P1,"MEANING (inferred from content structure, not real search data)",,,게으름(을) 피우다,"To laze around, avoiding work or study.",3,2,2,2,2,2,2,AUTO_CLASSIFIED,P3,KNU 한국어 일상 표현 사전 (Naver 오픈사전),"dictionary-style only, no nuance/example yet; korean accuracy not yet human-verified (separate axis from content strategy fit)"
sesangikkeutnada-01,,세상(이) 끝나다,ko,idiom,세상(이) 끝나다,P1,"MEANING (inferred from content structure, not real search data)",,,세상(이) 끝나다,"Figuratively, to be utterly devastated, as if it were the end of the world.",3,2,2,2,2,2,2,AUTO_CLASSIFIED,P3,KNU 한국어 일상 표현 사전 (Naver 오픈사전),"dictionary-style only, no nuance/example yet; korean accuracy not yet human-verified (separate axis from content strategy fit)"
hansureuljeopda-01,,한 수(를) 접다,ko,idiom,한 수(를) 접다,P1,"MEANING (inferred from content structure, not real search data)",,,한 수(를) 접다,"In games like baduk, for a stronger player to deliberately give a weaker opponent a handicap.",3,2,2,2,2,2,2,AUTO_CLASSIFIED,P3,KNU 한국어 일상 표현 사전 (Naver 오픈사전),"dictionary-style only, no nuance/example yet; korean accuracy not yet human-verified (separate axis from content strategy fit)"
geopumikkida-01,,거품(이) 끼다,ko,idiom,거품(이) 끼다,P1,"MEANING (inferred from content structure, not real search data)",,,거품(이) 끼다,For a price or evaluation to be inflated far beyond actual worth.,3,2,2,2,2,2,2,AUTO_CLASSIFIED,P3,KNU 한국어 일상 표현 사전 (Naver 오픈사전),"dictionary-style only, no nuance/example yet; korean accuracy not yet human-verified (separate axis from content strategy fit)"
chaseoneulmulda-01,,차선(을) 물다,ko,idiom,차선(을) 물다,P1,"MEANING (inferred from content structure, not real search data)",,,차선(을) 물다,"To drive while straddling a lane, not staying properly within it.",3,2,2,2,2,2,2,AUTO_CLASSIFIED,P3,KNU 한국어 일상 표현 사전 (Naver 오픈사전),"dictionary-style only, no nuance/example yet; korean accuracy not yet human-verified (separate axis from content strategy fit)"
saenggireulburoeneota-01,,생기(를) 불어넣다,ko,idiom,생기(를) 불어넣다,P1,"MEANING (inferred from content structure, not real search data)",,,생기(를) 불어넣다,To breathe fresh life and vitality into something.,3,2,2,2,2,2,2,AUTO_CLASSIFIED,P3,KNU 한국어 일상 표현 사전 (Naver 오픈사전),"dictionary-style only, no nuance/example yet; korean accuracy not yet human-verified (separate axis from content strategy fit)"
gongjiebulibutda-01,,공지에 불(이) 붙다,ko,idiom,공지에 불(이) 붙다,P1,"MEANING (inferred from content structure, not real search data)",,,공지에 불(이) 붙다,For a notice board or thread to suddenly blow up with urgent activity.,3,2,2,2,2,2,2,AUTO_CLASSIFIED,P3,KNU 한국어 일상 표현 사전 (Naver 오픈사전),"dictionary-style only, no nuance/example yet; korean accuracy not yet human-verified (separate axis from content strategy fit)"
eoseonameuljuda-01,,V-어서 남(을) 주다,ko,idiom,V-어서 남(을) 주다,P1,"MEANING (inferred from content structure, not real search data)",,,V-어서 남(을) 주다,Sarcastically implying an effort's benefit is wasted on someone else instead of yourself.,3,2,2,2,2,2,2,AUTO_CLASSIFIED,P3,KNU 한국어 일상 표현 사전 (Naver 오픈사전),"dictionary-style only, no nuance/example yet; korean accuracy not yet human-verified (separate axis from content strategy fit)"
geureonmarieodiitna-01,,그런 말이 어디 있나,ko,idiom,그런 말이 어디 있나,P1,"MEANING (inferred from content structure, not real search data)",,,그런 말이 어디 있나,A humble reply deflecting a compliment or thanks.,3,2,2,2,2,2,2,AUTO_CLASSIFIED,P3,KNU 한국어 일상 표현 사전 (Naver 오픈사전),"dictionary-style only, no nuance/example yet; korean accuracy not yet human-verified (separate axis from content strategy fit)"
geugeeodiya-01,,그게 어디야,ko,idiom,그게 어디야,P1,"MEANING (inferred from content structure, not real search data)",,,그게 어디야,"""That's already something!"" — appreciating a partial success as still meaningful.",3,2,2,2,2,2,2,AUTO_CLASSIFIED,P3,KNU 한국어 일상 표현 사전 (Naver 오픈사전),"dictionary-style only, no nuance/example yet; korean accuracy not yet human-verified (separate axis from content strategy fit)"
jangnanieopda-01,,장난(이) 없다,ko,idiom,장난(이) 없다,P1,"MEANING (inferred from content structure, not real search data)",,,장난(이) 없다,"Informally, to be far beyond what's normal — impressively over the top.",3,2,2,2,2,2,2,AUTO_CLASSIFIED,P3,KNU 한국어 일상 표현 사전 (Naver 오픈사전),"dictionary-style only, no nuance/example yet; korean accuracy not yet human-verified (separate axis from content strategy fit)"
yeongjangeulchida-01,,영장(을) 치다,ko,idiom,영장(을) 치다,P1,"MEANING (inferred from content structure, not real search data)",,,영장(을) 치다,"Informally, to issue a military draft notice.",3,2,2,2,2,2,2,AUTO_CLASSIFIED,P3,KNU 한국어 일상 표현 사전 (Naver 오픈사전),"dictionary-style only, no nuance/example yet; korean accuracy not yet human-verified (separate axis from content strategy fit)"
dangmyeonmandu-01,,당면만두,ko,idiom,당면만두,P1,"MEANING (inferred from content structure, not real search data)",,,당면만두,A dumpling filled with glass noodles instead of the usual filling.,3,2,2,2,2,2,2,AUTO_CLASSIFIED,P3,KNU 한국어 일상 표현 사전 (Naver 오픈사전),"dictionary-style only, no nuance/example yet; korean accuracy not yet human-verified (separate axis from content strategy fit)"
heumpaseojangsahana-01,,흠 파서 장사하나,ko,idiom,흠 파서 장사하나,P1,"MEANING (inferred from content structure, not real search data)",,,흠 파서 장사하나,Rhetorically asking if someone is deliberately nitpicking flaws just to profit from it.,3,2,2,2,2,2,2,AUTO_CLASSIFIED,P3,KNU 한국어 일상 표현 사전 (Naver 오픈사전),"dictionary-style only, no nuance/example yet; korean accuracy not yet human-verified (separate axis from content strategy fit)"
mesijireuldamda-01,,메시지(를) 담다,ko,idiom,메시지(를) 담다,P1,"MEANING (inferred from content structure, not real search data)",,,메시지(를) 담다,To convey or embed a particular message in something.,3,2,2,2,2,2,2,AUTO_CLASSIFIED,P3,KNU 한국어 일상 표현 사전 (Naver 오픈사전),"dictionary-style only, no nuance/example yet; korean accuracy not yet human-verified (separate axis from content strategy fit)"
eulmasiannada-01,,V-을 맛이 안 나다,ko,idiom,V-을 맛이 안 나다,P1,"MEANING (inferred from content structure, not real search data)",,,V-을 맛이 안 나다,To not feel satisfying or rewarding to do.,3,2,2,2,2,2,2,AUTO_CLASSIFIED,P3,KNU 한국어 일상 표현 사전 (Naver 오픈사전),"dictionary-style only, no nuance/example yet; korean accuracy not yet human-verified (separate axis from content strategy fit)"
neulnakkomiyeokgugeulmeogeotda-01,,N(을) 낳고 미역국을 먹었다,ko,idiom,N(을) 낳고 미역국을 먹었다,P1,"MEANING (inferred from content structure, not real search data)",,,N(을) 낳고 미역국을 먹었다,"A sarcastic remark blaming one's bad luck on whoever ""gave birth"" to the person who caused it.",3,2,2,2,2,2,2,AUTO_CLASSIFIED,P3,KNU 한국어 일상 표현 사전 (Naver 오픈사전),"dictionary-style only, no nuance/example yet; korean accuracy not yet human-verified (separate axis from content strategy fit)"
mareuljalhaejuda-01,,말을 잘 해 주다,ko,idiom,말을 잘 해 주다,P1,"MEANING (inferred from content structure, not real search data)",,,말을 잘 해 주다,"To speak well of someone to others, vouching for them.",3,2,2,2,2,2,2,AUTO_CLASSIFIED,P3,KNU 한국어 일상 표현 사전 (Naver 오픈사전),"dictionary-style only, no nuance/example yet; korean accuracy not yet human-verified (separate axis from content strategy fit)"
nunmulimareuda-01,,눈물(이) 마르다,ko,idiom,눈물(이) 마르다,P1,"MEANING (inferred from content structure, not real search data)",,,눈물(이) 마르다,To have cried so much there are no tears left.,3,2,2,2,2,2,2,AUTO_CLASSIFIED,P3,KNU 한국어 일상 표현 사전 (Naver 오픈사전),"dictionary-style only, no nuance/example yet; korean accuracy not yet human-verified (separate axis from content strategy fit)"
malkkeuteulmulda-01,,말끝(을) 물다,ko,idiom,말끝(을) 물다,P1,"MEANING (inferred from content structure, not real search data)",,,말끝(을) 물다,To seize on a small slip in what someone said and pick a fight over it.,3,2,2,2,2,2,2,AUTO_CLASSIFIED,P3,KNU 한국어 일상 표현 사전 (Naver 오픈사전),"dictionary-style only, no nuance/example yet; korean accuracy not yet human-verified (separate axis from content strategy fit)"
dumalhamyeongaesori-01,,두말하면 개소리,ko,idiom,두말하면 개소리,P1,"MEANING (inferred from content structure, not real search data)",,,두말하면 개소리,"""Saying it twice would be nonsense"" — emphasizing something is obviously true.",3,2,2,2,2,2,2,AUTO_CLASSIFIED,P3,KNU 한국어 일상 표현 사전 (Naver 오픈사전),"dictionary-style only, no nuance/example yet; korean accuracy not yet human-verified (separate axis from content strategy fit)"
geureokogeureonsai-01,,그렇고 그런 사이,ko,idiom,그렇고 그런 사이,P1,"MEANING (inferred from content structure, not real search data)",,,그렇고 그런 사이,A euphemism for a romantic relationship between two people.,3,2,2,2,2,2,2,AUTO_CLASSIFIED,P3,KNU 한국어 일상 표현 사전 (Naver 오픈사전),"dictionary-style only, no nuance/example yet; korean accuracy not yet human-verified (separate axis from content strategy fit)"
manrepeuljjikda-01,,만렙(을) 찍다,ko,idiom,만렙(을) 찍다,P1,"MEANING (inferred from content structure, not real search data)",,,만렙(을) 찍다,"To reach max level — figuratively, to become extremely skilled at something.",3,2,2,2,2,2,2,AUTO_CLASSIFIED,P3,KNU 한국어 일상 표현 사전 (Naver 오픈사전),"dictionary-style only, no nuance/example yet; korean accuracy not yet human-verified (separate axis from content strategy fit)"
malsseummangamsahibatgetseumnida-01,,말씀만 감사히 받겠습니다,ko,idiom,말씀만 감사히 받겠습니다,P1,"MEANING (inferred from content structure, not real search data)",,,말씀만 감사히 받겠습니다,A polite way to decline an offer while thanking the person for the gesture.,3,2,2,2,2,2,2,AUTO_CLASSIFIED,P3,KNU 한국어 일상 표현 사전 (Naver 오픈사전),"dictionary-style only, no nuance/example yet; korean accuracy not yet human-verified (separate axis from content strategy fit)"
kalgatijaruda-01,,칼같이 자르다,ko,idiom,칼같이 자르다,P1,"MEANING (inferred from content structure, not real search data)",,,칼같이 자르다,To firmly and decisively refuse or cut something off.,3,2,2,2,2,2,2,AUTO_CLASSIFIED,P3,KNU 한국어 일상 표현 사전 (Naver 오픈사전),"dictionary-style only, no nuance/example yet; korean accuracy not yet human-verified (separate axis from content strategy fit)"
sarampaljjamoreunda-01,,사람 팔자 모른다,ko,idiom,사람 팔자 모른다,P1,"MEANING (inferred from content structure, not real search data)",,,사람 팔자 모른다,"""You never know what fate holds for a person.""",3,2,2,2,2,2,2,AUTO_CLASSIFIED,P3,KNU 한국어 일상 표현 사전 (Naver 오픈사전),"dictionary-style only, no nuance/example yet; korean accuracy not yet human-verified (separate axis from content strategy fit)"
beollemeokda-01,,벌레 먹다,ko,idiom,벌레 먹다,P1,"MEANING (inferred from content structure, not real search data)",,,벌레 먹다,For fruit or crops to be damaged by insects.,3,2,2,2,2,2,2,AUTO_CLASSIFIED,P3,KNU 한국어 일상 표현 사전 (Naver 오픈사전),"dictionary-style only, no nuance/example yet; korean accuracy not yet human-verified (separate axis from content strategy fit)"
meoriwamomittarononolda-01,,머리와 몸이 따로 놀다,ko,idiom,머리와 몸이 따로 놀다,P1,"MEANING (inferred from content structure, not real search data)",,,머리와 몸이 따로 놀다,When your mind knows what to do but your body can't follow through.,3,2,2,2,2,2,2,AUTO_CLASSIFIED,P3,KNU 한국어 일상 표현 사전 (Naver 오픈사전),"dictionary-style only, no nuance/example yet; korean accuracy not yet human-verified (separate axis from content strategy fit)"
isangdoihadoanida-01,,이상도 이하도 아니다,ko,idiom,이상도 이하도 아니다,P1,"MEANING (inferred from content structure, not real search data)",,,이상도 이하도 아니다,"""Neither more nor less"" — exactly matching a certain standard.",3,2,2,2,2,2,2,AUTO_CLASSIFIED,P3,KNU 한국어 일상 표현 사전 (Naver 오픈사전),"dictionary-style only, no nuance/example yet; korean accuracy not yet human-verified (separate axis from content strategy fit)"
dambaereultaeuda-01,,담배(를) 태우다,ko,idiom,담배(를) 태우다,P1,"MEANING (inferred from content structure, not real search data)",,,담배(를) 태우다,To smoke a cigarette.,3,2,2,2,2,2,2,AUTO_CLASSIFIED,P3,KNU 한국어 일상 표현 사전 (Naver 오픈사전),"dictionary-style only, no nuance/example yet; korean accuracy not yet human-verified (separate axis from content strategy fit)"
uldagauseumyeoneongdeongieppulnanda-01,,울다가 웃으면 엉덩이에 뿔 난다,ko,idiom,울다가 웃으면 엉덩이에 뿔 난다,P1,"MEANING (inferred from content structure, not real search data)",,,울다가 웃으면 엉덩이에 뿔 난다,A playful superstition warning that crying and then laughing right after makes horns grow on your bottom.,3,2,2,2,2,2,2,AUTO_CLASSIFIED,P3,KNU 한국어 일상 표현 사전 (Naver 오픈사전),"dictionary-style only, no nuance/example yet; korean accuracy not yet human-verified (separate axis from content strategy fit)"
budongsangonghwaguk-01,,부동산 공화국,ko,idiom,부동산 공화국,P1,"MEANING (inferred from content structure, not real search data)",,,부동산 공화국,"A ""real-estate republic"" — a critique of how disproportionately income and assets are tied up in real estate.",3,2,2,2,2,2,2,AUTO_CLASSIFIED,P3,KNU 한국어 일상 표현 사전 (Naver 오픈사전),"dictionary-style only, no nuance/example yet; korean accuracy not yet human-verified (separate axis from content strategy fit)"
tteuteulbatdeulda-01,,뜻(을) 받들다,ko,idiom,뜻(을) 받들다,P1,"MEANING (inferred from content structure, not real search data)",,,뜻(을) 받들다,To respectfully follow and honor someone's wishes.,3,2,2,2,2,2,2,AUTO_CLASSIFIED,P3,KNU 한국어 일상 표현 사전 (Naver 오픈사전),"dictionary-style only, no nuance/example yet; korean accuracy not yet human-verified (separate axis from content strategy fit)"
yeojaroboida-01,,여자로 보이다,ko,idiom,여자로 보이다,P1,"MEANING (inferred from content structure, not real search data)",,,여자로 보이다,For a man to notice a woman as having romantic appeal.,3,2,2,2,2,2,2,AUTO_CLASSIFIED,P3,KNU 한국어 일상 표현 사전 (Naver 오픈사전),"dictionary-style only, no nuance/example yet; korean accuracy not yet human-verified (separate axis from content strategy fit)"
meorineunjangsiginya-01,,머리는 장식이냐,ko,idiom,머리는 장식이냐,P1,"MEANING (inferred from content structure, not real search data)",,,머리는 장식이냐,"""Is your head just decoration?"" — mocking someone for a foolish decision.",3,2,2,2,2,2,2,AUTO_CLASSIFIED,P3,KNU 한국어 일상 표현 사전 (Naver 오픈사전),"dictionary-style only, no nuance/example yet; korean accuracy not yet human-verified (separate axis from content strategy fit)"
keungeo-01,,큰 거,ko,idiom,큰 거,P1,"MEANING (inferred from content structure, not real search data)",,,큰 거,A euphemism for a bowel movement.,3,2,2,2,2,2,2,AUTO_CLASSIFIED,P3,KNU 한국어 일상 표현 사전 (Naver 오픈사전),"dictionary-style only, no nuance/example yet; korean accuracy not yet human-verified (separate axis from content strategy fit)"
gureongteongieppajida-01,,구렁텅이에 빠지다,ko,idiom,구렁텅이에 빠지다,P1,"MEANING (inferred from content structure, not real search data)",,,구렁텅이에 빠지다,To fall into a deep pit of hardship that's difficult to escape.,3,2,2,2,2,2,2,AUTO_CLASSIFIED,P3,KNU 한국어 일상 표현 사전 (Naver 오픈사전),"dictionary-style only, no nuance/example yet; korean accuracy not yet human-verified (separate axis from content strategy fit)"
mworyo-01,,뭘요,ko,idiom,뭘요,P1,"MEANING (inferred from content structure, not real search data)",,,뭘요,"""Oh, it's nothing"" — a modest reply brushing off thanks or praise.",3,2,2,2,2,2,2,AUTO_CLASSIFIED,P3,KNU 한국어 일상 표현 사전 (Naver 오픈사전),"dictionary-style only, no nuance/example yet; korean accuracy not yet human-verified (separate axis from content strategy fit)"
maeumeulullida-01,,마음(을) 울리다,ko,idiom,마음(을) 울리다,P1,"MEANING (inferred from content structure, not real search data)",,,마음(을) 울리다,To move someone emotionally.,3,2,2,2,2,2,2,AUTO_CLASSIFIED,P3,KNU 한국어 일상 표현 사전 (Naver 오픈사전),"dictionary-style only, no nuance/example yet; korean accuracy not yet human-verified (separate axis from content strategy fit)"
gyesanaeneota-01,,계산에 넣다,ko,idiom,계산에 넣다,P1,"MEANING (inferred from content structure, not real search data)",,,계산에 넣다,To factor something into your planning in advance.,3,2,2,2,2,2,2,AUTO_CLASSIFIED,P3,KNU 한국어 일상 표현 사전 (Naver 오픈사전),"dictionary-style only, no nuance/example yet; korean accuracy not yet human-verified (separate axis from content strategy fit)"
neobakkeeopda-01,,너밖에 없다,ko,idiom,너밖에 없다,P1,"MEANING (inferred from content structure, not real search data)",,,너밖에 없다,"""There's no one but you"" — someone is uniquely irreplaceable.",3,2,2,2,2,2,2,AUTO_CLASSIFIED,P3,KNU 한국어 일상 표현 사전 (Naver 오픈사전),"dictionary-style only, no nuance/example yet; korean accuracy not yet human-verified (separate axis from content strategy fit)"
neunmuseun-01,,N은 무슨,ko,idiom,N은 무슨,P1,"MEANING (inferred from content structure, not real search data)",,,N은 무슨,"""N, my foot"" — dismissively denying the truth of a claim.",3,2,2,2,2,2,2,AUTO_CLASSIFIED,P3,KNU 한국어 일상 표현 사전 (Naver 오픈사전),"dictionary-style only, no nuance/example yet; korean accuracy not yet human-verified (separate axis from content strategy fit)"
gyejwareulteuda-01,,계좌(를) 트다,ko,idiom,계좌(를) 트다,P1,"MEANING (inferred from content structure, not real search data)",,,계좌(를) 트다,To open a new bank account.,3,2,2,2,2,2,2,AUTO_CLASSIFIED,P3,KNU 한국어 일상 표현 사전 (Naver 오픈사전),"dictionary-style only, no nuance/example yet; korean accuracy not yet human-verified (separate axis from content strategy fit)"
nbyeongeulkkada-01,,N 병(을) 까다,ko,idiom,N 병(을) 까다,P1,"MEANING (inferred from content structure, not real search data)",,,N 병(을) 까다,"Informally, to open and drink a bottle that comes with N.",3,2,2,2,2,2,2,AUTO_CLASSIFIED,P3,KNU 한국어 일상 표현 사전 (Naver 오픈사전),"dictionary-style only, no nuance/example yet; korean accuracy not yet human-verified (separate axis from content strategy fit)"
nmoreumyeongancheop-01,,N(을) 모르면 간첩,ko,idiom,N(을) 모르면 간첩,P1,"MEANING (inferred from content structure, not real search data)",,,N(을) 모르면 간첩,"""If you don't know N, you must be a spy"" — used when something is so famous everyone should know it.",3,2,2,2,2,2,2,AUTO_CLASSIFIED,P3,KNU 한국어 일상 표현 사전 (Naver 오픈사전),"dictionary-style only, no nuance/example yet; korean accuracy not yet human-verified (separate axis from content strategy fit)"
mudaereuldwijipda-01,,무대(를) 뒤집다,ko,idiom,무대(를) 뒤집다,P1,"MEANING (inferred from content structure, not real search data)",,,무대(를) 뒤집다,"Informally, for a performance to be so impressive it ""flips the stage.""",3,2,2,2,2,2,2,AUTO_CLASSIFIED,P3,KNU 한국어 일상 표현 사전 (Naver 오픈사전),"dictionary-style only, no nuance/example yet; korean accuracy not yet human-verified (separate axis from content strategy fit)"
butdeulgoneureojida-01,,붙들고 늘어지다,ko,idiom,붙들고 늘어지다,P1,"MEANING (inferred from content structure, not real search data)",,,붙들고 늘어지다,To cling stubbornly onto a matter and keep dwelling on it too long.,3,2,2,2,2,2,2,AUTO_CLASSIFIED,P3,KNU 한국어 일상 표현 사전 (Naver 오픈사전),"dictionary-style only, no nuance/example yet; korean accuracy not yet human-verified (separate axis from content strategy fit)"
danmulippajida-01,,단물(이) 빠지다,ko,idiom,단물(이) 빠지다,P1,"MEANING (inferred from content structure, not real search data)",,,단물(이) 빠지다,For a person to lose all further value once squeezed dry.,3,2,2,2,2,2,2,AUTO_CLASSIFIED,P3,KNU 한국어 일상 표현 사전 (Naver 오픈사전),"dictionary-style only, no nuance/example yet; korean accuracy not yet human-verified (separate axis from content strategy fit)"
matgokkeunneungebunmyeonghada-01,,맺고 끊는 게 분명하다,ko,idiom,맺고 끊는 게 분명하다,P1,"MEANING (inferred from content structure, not real search data)",,,맺고 끊는 게 분명하다,To be decisive and clear-cut in words and actions.,3,2,2,2,2,2,2,AUTO_CLASSIFIED,P3,KNU 한국어 일상 표현 사전 (Naver 오픈사전),"dictionary-style only, no nuance/example yet; korean accuracy not yet human-verified (separate axis from content strategy fit)"
geunyanggeureota-01,,그냥 그렇다,ko,idiom,그냥 그렇다,P1,"MEANING (inferred from content structure, not real search data)",,,그냥 그렇다,"""It's just so-so"" — quite ordinary.",3,2,2,2,2,2,2,AUTO_CLASSIFIED,P3,KNU 한국어 일상 표현 사전 (Naver 오픈사전),"dictionary-style only, no nuance/example yet; korean accuracy not yet human-verified (separate axis from content strategy fit)"
gamanbomyeon-01,,가만 보면,ko,idiom,가만 보면,P1,"MEANING (inferred from content structure, not real search data)",,,가만 보면,"""Now that I think about it"" — a lead-in to an observation.",3,2,2,2,2,2,2,AUTO_CLASSIFIED,P3,KNU 한국어 일상 표현 사전 (Naver 오픈사전),"dictionary-style only, no nuance/example yet; korean accuracy not yet human-verified (separate axis from content strategy fit)"
parannunuihangugin-01,,파란 눈의 한국인,ko,idiom,파란 눈의 한국인,P1,"MEANING (inferred from content structure, not real search data)",,,파란 눈의 한국인,"A ""blue-eyed Korean"" — a foreigner with deep interest and affection for Korea.",3,2,2,2,2,2,2,AUTO_CLASSIFIED,P3,KNU 한국어 일상 표현 사전 (Naver 오픈사전),"dictionary-style only, no nuance/example yet; korean accuracy not yet human-verified (separate axis from content strategy fit)"
eodomojaralpane-01,,V-어도 모자랄 판에,ko,idiom,V-어도 모자랄 판에,P1,"MEANING (inferred from content structure, not real search data)",,,V-어도 모자랄 판에,"""When even doing that wouldn't be enough"" — describing a dire situation.",3,2,2,2,2,2,2,AUTO_CLASSIFIED,P3,KNU 한국어 일상 표현 사전 (Naver 오픈사전),"dictionary-style only, no nuance/example yet; korean accuracy not yet human-verified (separate axis from content strategy fit)"
inmuljukda-01,,인물(이) 죽다,ko,idiom,인물(이) 죽다,P1,"MEANING (inferred from content structure, not real search data)",,,인물(이) 죽다,"For someone's looks to seem far less appealing than expected, due to their surroundings.",3,2,2,2,2,2,2,AUTO_CLASSIFIED,P3,KNU 한국어 일상 표현 사전 (Naver 오픈사전),"dictionary-style only, no nuance/example yet; korean accuracy not yet human-verified (separate axis from content strategy fit)"
wenmal-01,,웬 말,ko,idiom,웬 말,P1,"MEANING (inferred from content structure, not real search data)",,,웬 말,"""What on earth"" — reacting with surprise to something unexpected.",3,2,2,2,2,2,2,AUTO_CLASSIFIED,P3,KNU 한국어 일상 표현 사전 (Naver 오픈사전),"dictionary-style only, no nuance/example yet; korean accuracy not yet human-verified (separate axis from content strategy fit)"
sogimundeureojida-01,,속이 문드러지다,ko,idiom,속이 문드러지다,P1,"MEANING (inferred from content structure, not real search data)",,,속이 문드러지다,For one's insides to feel like they're rotting from unbearable frustration.,3,2,2,2,2,2,2,AUTO_CLASSIFIED,P3,KNU 한국어 일상 표현 사전 (Naver 오픈사전),"dictionary-style only, no nuance/example yet; korean accuracy not yet human-verified (separate axis from content strategy fit)"
mureppajimyeonipmandongdongtteunda-01,,물에 빠지면 입만 동동 뜬다,ko,idiom,물에 빠지면 입만 동동 뜬다,P1,"MEANING (inferred from content structure, not real search data)",,,물에 빠지면 입만 동동 뜬다,A biting remark describing a chatterbox who never stops talking even in crisis.,3,2,2,2,2,2,2,AUTO_CLASSIFIED,P3,KNU 한국어 일상 표현 사전 (Naver 오픈사전),"dictionary-style only, no nuance/example yet; korean accuracy not yet human-verified (separate axis from content strategy fit)"
nrain-01,,N 라인,ko,idiom,N 라인,P1,"MEANING (inferred from content structure, not real search data)",,,N 라인,"A ""N line"" — a clique or network of people closely connected through N.",3,2,2,2,2,2,2,AUTO_CLASSIFIED,P3,KNU 한국어 일상 표현 사전 (Naver 오픈사전),"dictionary-style only, no nuance/example yet; korean accuracy not yet human-verified (separate axis from content strategy fit)"
nyumongmin-01,,N 유목민,ko,idiom,N 유목민,P1,"MEANING (inferred from content structure, not real search data)",,,N 유목민,"""N nomad"" — someone who keeps switching between different N's without settling.",3,2,2,2,2,2,2,AUTO_CLASSIFIED,P3,KNU 한국어 일상 표현 사전 (Naver 오픈사전),"dictionary-style only, no nuance/example yet; korean accuracy not yet human-verified (separate axis from content strategy fit)"
ilbeontaja-01,,일 번 타자,ko,idiom,일 번 타자,P1,"MEANING (inferred from content structure, not real search data)",,,일 번 타자,"The ""leadoff batter"" — whoever's first to try or start something new.",3,2,2,2,2,2,2,AUTO_CLASSIFIED,P3,KNU 한국어 일상 표현 사전 (Naver 오픈사전),"dictionary-style only, no nuance/example yet; korean accuracy not yet human-verified (separate axis from content strategy fit)"
hogisimcheonguk-01,,호기심 천국,ko,idiom,호기심 천국,P1,"MEANING (inferred from content structure, not real search data)",,,호기심 천국,"""Curiosity heaven"" — someone endlessly curious about anything unfamiliar.",3,2,2,2,2,2,2,AUTO_CLASSIFIED,P3,KNU 한국어 일상 표현 사전 (Naver 오픈사전),"dictionary-style only, no nuance/example yet; korean accuracy not yet human-verified (separate axis from content strategy fit)"
jotkejotke-01,,좋게 좋게,ko,idiom,좋게 좋게,P1,"MEANING (inferred from content structure, not real search data)",,,좋게 좋게,"""Nice and easy"" — handling things amicably rather than harshly.",3,2,2,2,2,2,2,AUTO_CLASSIFIED,P3,KNU 한국어 일상 표현 사전 (Naver 오픈사전),"dictionary-style only, no nuance/example yet; korean accuracy not yet human-verified (separate axis from content strategy fit)"
oraesalgobolirida-01,,오래 살고 볼 일이다,ko,idiom,오래 살고 볼 일이다,P1,"MEANING (inferred from content structure, not real search data)",,,오래 살고 볼 일이다,"""Guess it pays to live long"" — said upon experiencing something rare.",3,2,2,2,2,2,2,AUTO_CLASSIFIED,P3,KNU 한국어 일상 표현 사전 (Naver 오픈사전),"dictionary-style only, no nuance/example yet; korean accuracy not yet human-verified (separate axis from content strategy fit)"
useumgigadolda-01,,웃음기(가) 돌다,ko,idiom,웃음기(가) 돌다,P1,"MEANING (inferred from content structure, not real search data)",,,웃음기(가) 돌다,For a smile to spread across someone's face as the mood lightens.,3,2,2,2,2,2,2,AUTO_CLASSIFIED,P3,KNU 한국어 일상 표현 사전 (Naver 오픈사전),"dictionary-style only, no nuance/example yet; korean accuracy not yet human-verified (separate axis from content strategy fit)"
naesajeoneniraneopda-01,,내 사전에 N(이)란 없다,ko,idiom,내 사전에 N(이)란 없다,P1,"MEANING (inferred from content structure, not real search data)",,,내 사전에 N(이)란 없다,"""There's no such thing as N in my dictionary"" — firmly declaring you'll never allow N.",3,2,2,2,2,2,2,AUTO_CLASSIFIED,P3,KNU 한국어 일상 표현 사전 (Naver 오픈사전),"dictionary-style only, no nuance/example yet; korean accuracy not yet human-verified (separate axis from content strategy fit)"
singyeongeulkkeuda-01,,신경(을) 끄다,ko,idiom,신경(을) 끄다,P1,"MEANING (inferred from content structure, not real search data)",,,신경(을) 끄다,To stop paying attention to or caring about something.,3,2,2,2,2,2,2,AUTO_CLASSIFIED,P3,KNU 한국어 일상 표현 사전 (Naver 오픈사전),"dictionary-style only, no nuance/example yet; korean accuracy not yet human-verified (separate axis from content strategy fit)"
simgireulgeondeurida-01,,심기(를) 건드리다,ko,idiom,심기(를) 건드리다,P1,"MEANING (inferred from content structure, not real search data)",,,심기(를) 건드리다,To upset or offend someone's mood.,3,2,2,2,2,2,2,AUTO_CLASSIFIED,P3,KNU 한국어 일상 표현 사전 (Naver 오픈사전),"dictionary-style only, no nuance/example yet; korean accuracy not yet human-verified (separate axis from content strategy fit)"
doneulmeogida-01,,돈(을) 먹이다,ko,idiom,돈(을) 먹이다,P1,"MEANING (inferred from content structure, not real search data)",,,돈(을) 먹이다,"Informally and corruptly, to bribe someone in a position of power.",3,2,2,2,2,2,2,AUTO_CLASSIFIED,P3,KNU 한국어 일상 표현 사전 (Naver 오픈사전),"dictionary-style only, no nuance/example yet; korean accuracy not yet human-verified (separate axis from content strategy fit)"
maeumeulgaraanchida-01,,마음을 가라앉히다,ko,idiom,마음을 가라앉히다,P1,"MEANING (inferred from content structure, not real search data)",,,마음을 가라앉히다,To calm yourself down from excitement or strong emotion.,3,2,2,2,2,2,2,AUTO_CLASSIFIED,P3,KNU 한국어 일상 표현 사전 (Naver 오픈사전),"dictionary-style only, no nuance/example yet; korean accuracy not yet human-verified (separate axis from content strategy fit)"
dugeunbansegeunban-01,,두 근 반 세 근 반,ko,idiom,두 근 반 세 근 반,P1,"MEANING (inferred from content structure, not real search data)",,,두 근 반 세 근 반,Describes a heart pounding hard from nervousness or fright.,3,2,2,2,2,2,2,AUTO_CLASSIFIED,P3,KNU 한국어 일상 표현 사전 (Naver 오픈사전),"dictionary-style only, no nuance/example yet; korean accuracy not yet human-verified (separate axis from content strategy fit)"
isseumyeonnaoragurae-01,,있으면 나오라 그래,ko,idiom,있으면 나오라 그래,P1,"MEANING (inferred from content structure, not real search data)",,,있으면 나오라 그래,A challenge implying someone should step up and prove it if they have proof or ability.,3,2,2,2,2,2,2,AUTO_CLASSIFIED,P3,KNU 한국어 일상 표현 사전 (Naver 오픈사전),"dictionary-style only, no nuance/example yet; korean accuracy not yet human-verified (separate axis from content strategy fit)"
jeonsaengenararaeulpalda-01,,전생에 나라를 팔다,ko,idiom,전생에 나라를 팔다,P1,"MEANING (inferred from content structure, not real search data)",,,전생에 나라를 팔다,"Figuratively, to have committed such a grave sin in a past life that current bad luck is punishment for it.",3,2,2,2,2,2,2,AUTO_CLASSIFIED,P3,KNU 한국어 일상 표현 사전 (Naver 오픈사전),"dictionary-style only, no nuance/example yet; korean accuracy not yet human-verified (separate axis from content strategy fit)"
tongikeuda-01,,통(이) 크다,ko,idiom,통(이) 크다,P1,"MEANING (inferred from content structure, not real search data)",,,통(이) 크다,To be generous and bold in decisions or spending.,3,2,2,2,2,2,2,AUTO_CLASSIFIED,P3,KNU 한국어 일상 표현 사전 (Naver 오픈사전),"dictionary-style only, no nuance/example yet; korean accuracy not yet human-verified (separate axis from content strategy fit)"
munidatchida-01,,문(이) 닫히다,ko,idiom,문(이) 닫히다,P1,"MEANING (inferred from content structure, not real search data)",,,문(이) 닫히다,For an opportunity or path to close off.,3,2,2,2,2,2,2,AUTO_CLASSIFIED,P3,KNU 한국어 일상 표현 사전 (Naver 오픈사전),"dictionary-style only, no nuance/example yet; korean accuracy not yet human-verified (separate axis from content strategy fit)"
nhalgeoteopsi-01,,N 할 것 없이,ko,idiom,N 할 것 없이,P1,"MEANING (inferred from content structure, not real search data)",,,N 할 것 없이,"""Not limited to N"" — everyone or everything, without exception.",3,2,2,2,2,2,2,AUTO_CLASSIFIED,P3,KNU 한국어 일상 표현 사전 (Naver 오픈사전),"dictionary-style only, no nuance/example yet; korean accuracy not yet human-verified (separate axis from content strategy fit)"
mwohaneuninganinga-01,,뭐 하는 인간인가,ko,idiom,뭐 하는 인간인가,P1,"MEANING (inferred from content structure, not real search data)",,,뭐 하는 인간인가,A harsh rebuke questioning someone's poor behavior.,3,2,2,2,2,2,2,AUTO_CLASSIFIED,P3,KNU 한국어 일상 표현 사전 (Naver 오픈사전),"dictionary-style only, no nuance/example yet; korean accuracy not yet human-verified (separate axis from content strategy fit)"
dapinaoda-01,,답(이) 나오다,ko,idiom,답(이) 나오다,P1,"MEANING (inferred from content structure, not real search data)",,,답(이) 나오다,For a solution or answer to a problem to become clear.,3,2,2,2,2,2,2,AUTO_CLASSIFIED,P3,KNU 한국어 일상 표현 사전 (Naver 오픈사전),"dictionary-style only, no nuance/example yet; korean accuracy not yet human-verified (separate axis from content strategy fit)"
nuibaramibulda-01,,N(의) 바람(이) 불다,ko,idiom,N(의) 바람(이) 불다,P1,"MEANING (inferred from content structure, not real search data)",,,N(의) 바람(이) 불다,For a particular trend or craze to sweep through.,3,2,2,2,2,2,2,AUTO_CLASSIFIED,P3,KNU 한국어 일상 표현 사전 (Naver 오픈사전),"dictionary-style only, no nuance/example yet; korean accuracy not yet human-verified (separate axis from content strategy fit)"
neuntonge-01,,V-는 통에,ko,idiom,V-는 통에,P1,"MEANING (inferred from content structure, not real search data)",,,V-는 통에,"""Because of [the chaos of]..."" — explaining a negative result caused by a disruptive situation.",3,2,2,2,2,2,2,AUTO_CLASSIFIED,P3,KNU 한국어 일상 표현 사전 (Naver 오픈사전),"dictionary-style only, no nuance/example yet; korean accuracy not yet human-verified (separate axis from content strategy fit)"
gungeugui-n-01,,궁극의 N,ko,idiom,궁극의 N,P1,"MEANING (inferred from content structure, not real search data)",,,궁극의 N,"""The ultimate N"" — used when what follows is the highest possible level of something.",3,2,2,2,2,2,2,AUTO_CLASSIFIED,P3,KNU 한국어 일상 표현 사전 (Naver 오픈사전),"dictionary-style only, no nuance/example yet; korean accuracy not yet human-verified (separate axis from content strategy fit)"
beirege-garida-01,,베일에 가리다,ko,idiom,베일에 가리다,P1,"MEANING (inferred from content structure, not real search data)",,,베일에 가리다,"Figuratively, for a fact to be hidden in secrecy, impossible to know for certain.",3,2,2,2,2,2,2,AUTO_CLASSIFIED,P3,KNU 한국어 일상 표현 사전 (Naver 오픈사전),"dictionary-style only, no nuance/example yet; korean accuracy not yet human-verified (separate axis from content strategy fit)"
maseongui-n-01,,마성의 N,ko,idiom,마성의 N,P1,"MEANING (inferred from content structure, not real search data)",,,마성의 N,A term for something so charming it feels almost like a demonic temptation.,3,2,2,2,2,2,2,AUTO_CLASSIFIED,P3,KNU 한국어 일상 표현 사전 (Naver 오픈사전),"dictionary-style only, no nuance/example yet; korean accuracy not yet human-verified (separate axis from content strategy fit)"
irigatdajarigatda-01,,이리 갔다 저리 갔다,ko,idiom,이리 갔다 저리 갔다,P1,"MEANING (inferred from content structure, not real search data)",,,이리 갔다 저리 갔다,"To flip-flop, siding first with one side and then the other.",3,2,2,2,2,2,2,AUTO_CLASSIFIED,P3,KNU 한국어 일상 표현 사전 (Naver 오픈사전),"dictionary-style only, no nuance/example yet; korean accuracy not yet human-verified (separate axis from content strategy fit)"
hangogeulppobda-01,,한 곡(을) 뽑다,ko,idiom,한 곡(을) 뽑다,P1,"MEANING (inferred from content structure, not real search data)",,,한 곡(을) 뽑다,To sing a song.,3,2,2,2,2,2,2,AUTO_CLASSIFIED,P3,KNU 한국어 일상 표현 사전 (Naver 오픈사전),"dictionary-style only, no nuance/example yet; korean accuracy not yet human-verified (separate axis from content strategy fit)"
baltteutdomotdaragada-01,,발끝도 못 따라가다,ko,idiom,발끝도 못 따라가다,P1,"MEANING (inferred from content structure, not real search data)",,,발끝도 못 따라가다,To not even come close to someone else's lowest level of skill or talent.,3,2,2,2,2,2,2,AUTO_CLASSIFIED,P3,KNU 한국어 일상 표현 사전 (Naver 오픈사전),"dictionary-style only, no nuance/example yet; korean accuracy not yet human-verified (separate axis from content strategy fit)"
nuneulnopida-01,,눈을 높이다,ko,idiom,눈을 높이다,P1,"MEANING (inferred from content structure, not real search data)",,,눈을 높이다,To raise one's standards or the bar for judging something.,3,2,2,2,2,2,2,AUTO_CLASSIFIED,P3,KNU 한국어 일상 표현 사전 (Naver 오픈사전),"dictionary-style only, no nuance/example yet; korean accuracy not yet human-verified (separate axis from content strategy fit)"
jjakjjakkkungimatda-01,,짝짜꿍(이) 맞다,ko,idiom,짝짜꿍(이) 맞다,P1,"MEANING (inferred from content structure, not real search data)",,,짝짜꿍(이) 맞다,For two people's words or actions to click well together.,3,2,2,2,2,2,2,AUTO_CLASSIFIED,P3,KNU 한국어 일상 표현 사전 (Naver 오픈사전),"dictionary-style only, no nuance/example yet; korean accuracy not yet human-verified (separate axis from content strategy fit)"
bureuldangida-01,,불(을) 당기다,ko,idiom,불(을) 당기다,P1,"MEANING (inferred from content structure, not real search data)",,,불(을) 당기다,To become the spark that triggers or speeds up a situation.,3,2,2,2,2,2,2,AUTO_CLASSIFIED,P3,KNU 한국어 일상 표현 사전 (Naver 오픈사전),"dictionary-style only, no nuance/example yet; korean accuracy not yet human-verified (separate axis from content strategy fit)"
baekkobidomangada-01,,배꼽(이) 도망가다,ko,idiom,배꼽(이) 도망가다,P1,"MEANING (inferred from content structure, not real search data)",,,배꼽(이) 도망가다,"Figuratively, to laugh extremely hard.",3,2,2,2,2,2,2,AUTO_CLASSIFIED,P3,KNU 한국어 일상 표현 사전 (Naver 오픈사전),"dictionary-style only, no nuance/example yet; korean accuracy not yet human-verified (separate axis from content strategy fit)"
eopseoseomotmeokda-01,,없어서 못 먹다,ko,idiom,없어서 못 먹다,P1,"MEANING (inferred from content structure, not real search data)",,,없어서 못 먹다,"To be so rare or expensive that you can't have it often, even though you'd want to.",3,2,2,2,2,2,2,AUTO_CLASSIFIED,P3,KNU 한국어 일상 표현 사전 (Naver 오픈사전),"dictionary-style only, no nuance/example yet; korean accuracy not yet human-verified (separate axis from content strategy fit)"
byeoge-ttongchilhaltteikkaji-01,,벽에 똥칠할 때까지,ko,idiom,벽에 똥칠할 때까지,P1,"MEANING (inferred from content structure, not real search data)",,,벽에 똥칠할 때까지,"Figuratively, ""until you're smearing the walls"" — living to a very old age.",3,2,2,2,2,2,2,AUTO_CLASSIFIED,P3,KNU 한국어 일상 표현 사전 (Naver 오픈사전),"dictionary-style only, no nuance/example yet; korean accuracy not yet human-verified (separate axis from content strategy fit)"
sareoleumpaneulgeotda-01,,살얼음판(을) 걷다,ko,idiom,살얼음판(을) 걷다,P1,"MEANING (inferred from content structure, not real search data)",,,살얼음판(을) 걷다,"Figuratively, to be in a precarious, anxiety-inducing situation.",3,2,2,2,2,2,2,AUTO_CLASSIFIED,P3,KNU 한국어 일상 표현 사전 (Naver 오픈사전),"dictionary-style only, no nuance/example yet; korean accuracy not yet human-verified (separate axis from content strategy fit)"
bunwigireulsallida-01,,분위기(를) 살리다,ko,idiom,분위기(를) 살리다,P1,"MEANING (inferred from content structure, not real search data)",,,분위기(를) 살리다,To lift a mood or energy that had been sinking.,3,2,2,2,2,2,2,AUTO_CLASSIFIED,P3,KNU 한국어 일상 표현 사전 (Naver 오픈사전),"dictionary-style only, no nuance/example yet; korean accuracy not yet human-verified (separate axis from content strategy fit)"
nuneulpomeurodalgodanida-01,,눈(을) 폼으로 달고 다니다,ko,idiom,눈(을) 폼으로 달고 다니다,P1,"MEANING (inferred from content structure, not real search data)",,,눈(을) 폼으로 달고 다니다,"A scolding remark to someone who bumped into or overlooked a person/thing — ""are your eyes just for show?""",3,2,2,2,2,2,2,AUTO_CLASSIFIED,P3,KNU 한국어 일상 표현 사전 (Naver 오픈사전),"dictionary-style only, no nuance/example yet; korean accuracy not yet human-verified (separate axis from content strategy fit)"
sebalnamul-01,,세발나물,ko,idiom,세발나물,P1,"MEANING (inferred from content structure, not real search data)",,,세발나물,"A seaside herb with thin, long stalks like little bird feet, usually eaten as a seasoned side dish.",3,2,2,2,2,2,2,AUTO_CLASSIFIED,P3,KNU 한국어 일상 표현 사전 (Naver 오픈사전),"dictionary-style only, no nuance/example yet; korean accuracy not yet human-verified (separate axis from content strategy fit)"
geumbaejireuldalda-01,,금배지(를) 달다,ko,idiom,금배지(를) 달다,P1,"MEANING (inferred from content structure, not real search data)",,,금배지(를) 달다,"Figuratively, to become a member of the National Assembly.",3,2,2,2,2,2,2,AUTO_CLASSIFIED,P3,KNU 한국어 일상 표현 사전 (Naver 오픈사전),"dictionary-style only, no nuance/example yet; korean accuracy not yet human-verified (separate axis from content strategy fit)"
hahahohohada-01,,하하호호하다,ko,idiom,하하호호하다,P1,"MEANING (inferred from content structure, not real search data)",,,하하호호하다,To laugh brightly and chat cheerfully together.,3,2,2,2,2,2,2,AUTO_CLASSIFIED,P3,KNU 한국어 일상 표현 사전 (Naver 오픈사전),"dictionary-style only, no nuance/example yet; korean accuracy not yet human-verified (separate axis from content strategy fit)"
vjireulmaldeunga-01,,V-지를 말든가,ko,idiom,V-지를 말든가,P1,"MEANING (inferred from content structure, not real search data)",,,V-지를 말든가,"Scolding someone for doing/saying something and then acting inconsistently with it — ""you shouldn't have done it in the first place.""",3,2,2,2,2,2,2,AUTO_CLASSIFIED,P3,KNU 한국어 일상 표현 사전 (Naver 오픈사전),"dictionary-style only, no nuance/example yet; korean accuracy not yet human-verified (separate axis from content strategy fit)"
soniballidoeda-01,,손이 발이 되다,ko,idiom,손이 발이 되다,P1,"MEANING (inferred from content structure, not real search data)",,,손이 발이 되다,"Figuratively, to beg desperately for forgiveness over a mistake.",3,2,2,2,2,2,2,AUTO_CLASSIFIED,P3,KNU 한국어 일상 표현 사전 (Naver 오픈사전),"dictionary-style only, no nuance/example yet; korean accuracy not yet human-verified (separate axis from content strategy fit)"
yageultada-01,,약(을) 타다,ko,idiom,약(을) 타다,P1,"MEANING (inferred from content structure, not real search data)",,,약(을) 타다,"To receive prescribed medicine, usually from a pharmacy.",3,2,2,2,2,2,2,AUTO_CLASSIFIED,P3,KNU 한국어 일상 표현 사전 (Naver 오픈사전),"dictionary-style only, no nuance/example yet; korean accuracy not yet human-verified (separate axis from content strategy fit)"
galgirilkda-01,,갈 길(을) 잃다,ko,idiom,갈 길(을) 잃다,P1,"MEANING (inferred from content structure, not real search data)",,,갈 길(을) 잃다,"Figuratively, to wander about, unable to head toward a goal.",3,2,2,2,2,2,2,AUTO_CLASSIFIED,P3,KNU 한국어 일상 표현 사전 (Naver 오픈사전),"dictionary-style only, no nuance/example yet; korean accuracy not yet human-verified (separate axis from content strategy fit)"
maeumeulyeolda-01,,마음(을) 열다,ko,idiom,마음(을) 열다,P1,"MEANING (inferred from content structure, not real search data)",,,마음(을) 열다,"To open up and share one's true feelings with someone, feeling closeness toward them.",3,2,2,2,2,2,2,AUTO_CLASSIFIED,P3,KNU 한국어 일상 표현 사전 (Naver 오픈사전),"dictionary-style only, no nuance/example yet; korean accuracy not yet human-verified (separate axis from content strategy fit)"
ingkeudomareugijeone-01,,잉크도 마르기 전에,ko,idiom,잉크도 마르기 전에,P1,"MEANING (inferred from content structure, not real search data)",,,잉크도 마르기 전에,"Figuratively, describing something else happening right on the heels of a just-finished matter.",3,2,2,2,2,2,2,AUTO_CLASSIFIED,P3,KNU 한국어 일상 표현 사전 (Naver 오픈사전),"dictionary-style only, no nuance/example yet; korean accuracy not yet human-verified (separate axis from content strategy fit)"
kkamjjakkamera-01,,깜짝 카메라,ko,idiom,깜짝 카메라,P1,"MEANING (inferred from content structure, not real search data)",,,깜짝 카메라,A hidden-camera prank filmed without the target realizing.,3,2,2,2,2,2,2,AUTO_CLASSIFIED,P3,KNU 한국어 일상 표현 사전 (Naver 오픈사전),"dictionary-style only, no nuance/example yet; korean accuracy not yet human-verified (separate axis from content strategy fit)"
namuimalhadeushida-01,,남의 말(을) 하듯이 하다,ko,idiom,남의 말(을) 하듯이 하다,P1,"MEANING (inferred from content structure, not real search data)",,,남의 말(을) 하듯이 하다,To talk about something as if it had nothing to do with oneself.,3,2,2,2,2,2,2,AUTO_CLASSIFIED,P3,KNU 한국어 일상 표현 사전 (Naver 오픈사전),"dictionary-style only, no nuance/example yet; korean accuracy not yet human-verified (separate axis from content strategy fit)"
paldarigajallida-01,,팔다리(가) 잘리다,ko,idiom,팔다리(가) 잘리다,P1,"MEANING (inferred from content structure, not real search data)",,,팔다리(가) 잘리다,"Figuratively, to be stripped of the means/ability to act.",3,2,2,2,2,2,2,AUTO_CLASSIFIED,P3,KNU 한국어 일상 표현 사전 (Naver 오픈사전),"dictionary-style only, no nuance/example yet; korean accuracy not yet human-verified (separate axis from content strategy fit)"
neuleoeotollida-01,,N을 어엿 올리다,ko,idiom,N을 어엿 올리다,P1,"MEANING (inferred from content structure, not real search data)",,,N을 어엿 올리다,Said of someone gaining a lot of popularity with the opposite sex mainly due to good looks. (Headword reading uncertain — possible OCR issue.),3,2,2,2,2,2,2,AUTO_CLASSIFIED,P3,KNU 한국어 일상 표현 사전 (Naver 오픈사전),"dictionary-style only, no nuance/example yet; korean accuracy not yet human-verified (separate axis from content strategy fit)"
dongmedal-01,,동메달,ko,idiom,동메달,P1,"MEANING (inferred from content structure, not real search data)",,,동메달,A bronze medal.,3,2,2,2,2,2,2,AUTO_CLASSIFIED,P3,KNU 한국어 일상 표현 사전 (Naver 오픈사전),"dictionary-style only, no nuance/example yet; korean accuracy not yet human-verified (separate axis from content strategy fit)"
namuisokdomoreugo-01,,남의 속도 모르고,ko,idiom,남의 속도 모르고,P1,"MEANING (inferred from content structure, not real search data)",,,남의 속도 모르고,Without any idea of the hardship or sadness someone else is going through.,3,2,2,2,2,2,2,AUTO_CLASSIFIED,P3,KNU 한국어 일상 표현 사전 (Naver 오픈사전),"dictionary-style only, no nuance/example yet; korean accuracy not yet human-verified (separate axis from content strategy fit)"
teumeulnorida-01,,틈(을) 노리다,ko,idiom,틈(을) 노리다,P1,"MEANING (inferred from content structure, not real search data)",,,틈(을) 노리다,To watch for and seize an opportunity.,3,2,2,2,2,2,2,AUTO_CLASSIFIED,P3,KNU 한국어 일상 표현 사전 (Naver 오픈사전),"dictionary-style only, no nuance/example yet; korean accuracy not yet human-verified (separate axis from content strategy fit)"
saenggagiteuida-01,,생각(이) 트이다,ko,idiom,생각(이) 트이다,P1,"MEANING (inferred from content structure, not real search data)",,,생각(이) 트이다,"For one's thinking to open up, no longer stuck in one place, able to accept new and varied ideas.",3,2,2,2,2,2,2,AUTO_CLASSIFIED,P3,KNU 한국어 일상 표현 사전 (Naver 오픈사전),"dictionary-style only, no nuance/example yet; korean accuracy not yet human-verified (separate axis from content strategy fit)"
golkipeoittdagogolmotneoheulkka-01,,골키퍼 있다고 골 못 넣을까,ko,idiom,골키퍼 있다고 골 못 넣을까,P1,"MEANING (inferred from content structure, not real search data)",,,골키퍼 있다고 골 못 넣을까,"""Just because there's a goalkeeper doesn't mean no goal can be scored"" — said about pursuing someone romantically even though they're already taken.",3,2,2,2,2,2,2,AUTO_CLASSIFIED,P3,KNU 한국어 일상 표현 사전 (Naver 오픈사전),"dictionary-style only, no nuance/example yet; korean accuracy not yet human-verified (separate axis from content strategy fit)"
gureumwireulgeotda-01,,구름 위를 걷다,ko,idiom,구름 위를 걷다,P1,"MEANING (inferred from content structure, not real search data)",,,구름 위를 걷다,"Figuratively, to feel extremely happy — ""walking on clouds.""",3,2,2,2,2,2,2,AUTO_CLASSIFIED,P3,KNU 한국어 일상 표현 사전 (Naver 오픈사전),"dictionary-style only, no nuance/example yet; korean accuracy not yet human-verified (separate axis from content strategy fit)"
ttongmulittwida-01,,똥물(이) 튀다,ko,idiom,똥물(이) 튀다,P1,"MEANING (inferred from content structure, not real search data)",,,똥물(이) 튀다,To get swept up in trouble that isn't fair to be blamed for.,3,2,2,2,2,2,2,AUTO_CLASSIFIED,P3,KNU 한국어 일상 표현 사전 (Naver 오픈사전),"dictionary-style only, no nuance/example yet; korean accuracy not yet human-verified (separate axis from content strategy fit)"
ittabwepgetseumnida-01,,이따 뵙겠습니다,ko,idiom,이따 뵙겠습니다,P1,"MEANING (inferred from content structure, not real search data)",,,이따 뵙겠습니다,"A greeting used when parting temporarily, meaning ""see you again shortly.""",3,2,2,2,2,2,2,AUTO_CLASSIFIED,P3,KNU 한국어 일상 표현 사전 (Naver 오픈사전),"dictionary-style only, no nuance/example yet; korean accuracy not yet human-verified (separate axis from content strategy fit)"
gwaenchanseumnida-01,,괜찮습니다,ko,idiom,괜찮습니다,P1,"MEANING (inferred from content structure, not real search data)",,,괜찮습니다,A polite way to decline an offer or request.,3,2,2,2,2,2,2,AUTO_CLASSIFIED,P3,KNU 한국어 일상 표현 사전 (Naver 오픈사전),"dictionary-style only, no nuance/example yet; korean accuracy not yet human-verified (separate axis from content strategy fit)"
geudeuriganeunsesang-01,,그들이 사는 세상,ko,idiom,그들이 사는 세상,P1,"MEANING (inferred from content structure, not real search data)",,,그들이 사는 세상,"Figuratively, a society made up of people with special social status or a very high standard of living.",3,2,2,2,2,2,2,AUTO_CLASSIFIED,P3,KNU 한국어 일상 표현 사전 (Naver 오픈사전),"dictionary-style only, no nuance/example yet; korean accuracy not yet human-verified (separate axis from content strategy fit)"
iripungnaneubanghyangdaerojinhaengdoeda-01,,일(이) 풀리다,ko,idiom,일(이) 풀리다,P1,"MEANING (inferred from content structure, not real search data)",,,일(이) 풀리다,For things to work out the way one hoped.,3,2,2,2,2,2,2,AUTO_CLASSIFIED,P3,KNU 한국어 일상 표현 사전 (Naver 오픈사전),"dictionary-style only, no nuance/example yet; korean accuracy not yet human-verified (separate axis from content strategy fit)"
insangeulgugida-01,,인상(을) 구기다,ko,idiom,인상(을) 구기다,P1,"MEANING (inferred from content structure, not real search data)",,,인상(을) 구기다,To scowl or put on a displeased expression from irritation or anger.,3,2,2,2,2,2,2,AUTO_CLASSIFIED,P3,KNU 한국어 일상 표현 사전 (Naver 오픈사전),"dictionary-style only, no nuance/example yet; korean accuracy not yet human-verified (separate axis from content strategy fit)"
daegeuldaeda-01,,댁을 대다,ko,idiom,댁을 대다,P1,"MEANING (inferred from content structure, not real search data)",,,댁을 대다,To connect/link oneself to something similar in status or characteristics.,3,2,2,2,2,2,2,AUTO_CLASSIFIED,P3,KNU 한국어 일상 표현 사전 (Naver 오픈사전),"dictionary-style only, no nuance/example yet; korean accuracy not yet human-verified (separate axis from content strategy fit)"
veulssubakke-eopda-01,,V-(으)ㄹ 수밖에 없다,ko,idiom,V-(으)ㄹ 수밖에 없다,P1,"MEANING (inferred from content structure, not real search data)",,,V-(으)ㄹ 수밖에 없다,"""There's no choice but to V"" — the given result is inevitable.",3,2,2,2,2,2,2,AUTO_CLASSIFIED,P3,KNU 한국어 일상 표현 사전 (Naver 오픈사전),"dictionary-style only, no nuance/example yet; korean accuracy not yet human-verified (separate axis from content strategy fit)"
nunekaligaseoda-01,,눈에 칼이 서다,ko,idiom,눈에 칼이 서다,P1,"MEANING (inferred from content structure, not real search data)",,,눈에 칼이 서다,For one's eyes to look sharp and piercing.,3,2,2,2,2,2,2,AUTO_CLASSIFIED,P3,KNU 한국어 일상 표현 사전 (Naver 오픈사전),"dictionary-style only, no nuance/example yet; korean accuracy not yet human-verified (separate axis from content strategy fit)"
njjitda-01,,N(을) 찢다,ko,idiom,N(을) 찢다,P1,"MEANING (inferred from content structure, not real search data)",,,N(을) 찢다,"Figuratively, to give an overwhelmingly impressive performance or skill on stage.",3,2,2,2,2,2,2,AUTO_CLASSIFIED,P3,KNU 한국어 일상 표현 사전 (Naver 오픈사전),"dictionary-style only, no nuance/example yet; korean accuracy not yet human-verified (separate axis from content strategy fit)"
chaljinsonmat-01,,찰진 손맛,ko,idiom,찰진 손맛,P1,"MEANING (inferred from content structure, not real search data)",,,찰진 손맛,The satisfying feel/grip sensation in one's hand.,3,2,2,2,2,2,2,AUTO_CLASSIFIED,P3,KNU 한국어 일상 표현 사전 (Naver 오픈사전),"dictionary-style only, no nuance/example yet; korean accuracy not yet human-verified (separate axis from content strategy fit)"
jeomoyangjeoggol-01,,저 모양 저 꼴,ko,idiom,저 모양 저 꼴,P1,"MEANING (inferred from content structure, not real search data)",,,저 모양 저 꼴,"Emphasizing ""that state/that sight,"" expressing dissatisfaction at how disappointing someone's condition or attitude is.",3,2,2,2,2,2,2,AUTO_CLASSIFIED,P3,KNU 한국어 일상 표현 사전 (Naver 오픈사전),"dictionary-style only, no nuance/example yet; korean accuracy not yet human-verified (separate axis from content strategy fit)"
gongjungedoneulppurida-01,,공중에 돈(을) 뿌리다,ko,idiom,공중에 돈(을) 뿌리다,P1,"MEANING (inferred from content structure, not real search data)",,,공중에 돈(을) 뿌리다,To spend money as wastefully as if throwing it into the air.,3,2,2,2,2,2,2,AUTO_CLASSIFIED,P3,KNU 한국어 일상 표현 사전 (Naver 오픈사전),"dictionary-style only, no nuance/example yet; korean accuracy not yet human-verified (separate axis from content strategy fit)"
nunenareulseuda-01,,눈에 날(을) 세우다,ko,idiom,눈에 날(을) 세우다,P1,"MEANING (inferred from content structure, not real search data)",,,눈에 날(을) 세우다,To glare sharply.,3,2,2,2,2,2,2,AUTO_CLASSIFIED,P3,KNU 한국어 일상 표현 사전 (Naver 오픈사전),"dictionary-style only, no nuance/example yet; korean accuracy not yet human-verified (separate axis from content strategy fit)"
gurareulkkada-01,,구라(를) 까다,ko,idiom,구라(를) 까다,P1,"MEANING (inferred from content structure, not real search data)",,,구라(를) 까다,"Informally (and rudely), to tell a lie.",3,2,2,2,2,2,2,AUTO_CLASSIFIED,P3,KNU 한국어 일상 표현 사전 (Naver 오픈사전),"dictionary-style only, no nuance/example yet; korean accuracy not yet human-verified (separate axis from content strategy fit)"
amumaldaejanchi-01,,아무 말 대잔치,ko,idiom,아무 말 대잔치,P1,"MEANING (inferred from content structure, not real search data)",,,아무 말 대잔치,"A ""free-for-all of nonsense"" — saying whatever comes to mind without regard for relevance.",3,2,2,2,2,2,2,AUTO_CLASSIFIED,P3,KNU 한국어 일상 표현 사전 (Naver 오픈사전),"dictionary-style only, no nuance/example yet; korean accuracy not yet human-verified (separate axis from content strategy fit)"
marinamotamyeonmipjinanta-01,,말이나 못하면 밉지나 않다,ko,idiom,말이나 못하면 밉지나 않다,P1,"MEANING (inferred from content structure, not real search data)",,,말이나 못하면 밉지나 않다,"A remark that someone keeps talking excessively and inappropriately, making them even more annoying.",3,2,2,2,2,2,2,AUTO_CLASSIFIED,P3,KNU 한국어 일상 표현 사전 (Naver 오픈사전),"dictionary-style only, no nuance/example yet; korean accuracy not yet human-verified (separate axis from content strategy fit)"
ttaereulbeotda-01,,때를 벗다,ko,idiom,때를 벗다,P1,"MEANING (inferred from content structure, not real search data)",,,때를 벗다,To shed one's old-fashioned appearance/style.,3,2,2,2,2,2,2,AUTO_CLASSIFIED,P3,KNU 한국어 일상 표현 사전 (Naver 오픈사전),"dictionary-style only, no nuance/example yet; korean accuracy not yet human-verified (separate axis from content strategy fit)"
chongaln-01,,총알 N,ko,idiom,총알 N,P1,"MEANING (inferred from content structure, not real search data)",,,총알 N,"A term for how quickly something (N) proceeds — ""bullet-fast N.""",3,2,2,2,2,2,2,AUTO_CLASSIFIED,P3,KNU 한국어 일상 표현 사전 (Naver 오픈사전),"dictionary-style only, no nuance/example yet; korean accuracy not yet human-verified (separate axis from content strategy fit)"
mitbadageulboida-01,,밑바닥(을) 보이다,ko,idiom,밑바닥(을) 보이다,P1,"MEANING (inferred from content structure, not real search data)",,,밑바닥(을) 보이다,For a hidden true nature or bottom-of-the-barrel condition to be revealed.,3,2,2,2,2,2,2,AUTO_CLASSIFIED,P3,KNU 한국어 일상 표현 사전 (Naver 오픈사전),"dictionary-style only, no nuance/example yet; korean accuracy not yet human-verified (separate axis from content strategy fit)"
jihyereuljjada-01,,지혜(를) 짜다,ko,idiom,지혜(를) 짜다,P1,"MEANING (inferred from content structure, not real search data)",,,지혜(를) 짜다,To rack one's brain to come up with a good idea.,3,2,2,2,2,2,2,AUTO_CLASSIFIED,P3,KNU 한국어 일상 표현 사전 (Naver 오픈사전),"dictionary-style only, no nuance/example yet; korean accuracy not yet human-verified (separate axis from content strategy fit)"
ineuletada-01,,라인(을) 타다,ko,idiom,라인(을) 타다,P1,"MEANING (inferred from content structure, not real search data)",,,라인(을) 타다,"To attach oneself to and build a relationship with someone useful, mainly in a social/work setting.",3,2,2,2,2,2,2,AUTO_CLASSIFIED,P3,KNU 한국어 일상 표현 사전 (Naver 오픈사전),"dictionary-style only, no nuance/example yet; korean accuracy not yet human-verified (separate axis from content strategy fit)"
geubunioseotda-01,,그분이 오셨다,ko,idiom,그분이 오셨다,P1,"MEANING (inferred from content structure, not real search data)",,,그분이 오셨다,"A joking way to say inspiration or the right mindset has arrived, as if a respected person had shown up.",3,2,2,2,2,2,2,AUTO_CLASSIFIED,P3,KNU 한국어 일상 표현 사전 (Naver 오픈사전),"dictionary-style only, no nuance/example yet; korean accuracy not yet human-verified (separate axis from content strategy fit)"
jeoktonggyeongjaeng-01,,적통 경쟁,ko,idiom,적통 경쟁,P1,"MEANING (inferred from content structure, not real search data)",,,적통 경쟁,A dispute where someone claims to be more politically similar to (and thus the rightful successor of) a former political figure than a rival.,3,2,2,2,2,2,2,AUTO_CLASSIFIED,P3,KNU 한국어 일상 표현 사전 (Naver 오픈사전),"dictionary-style only, no nuance/example yet; korean accuracy not yet human-verified (separate axis from content strategy fit)"
banjugida-01,,반 죽이다,ko,idiom,반 죽이다,P1,"MEANING (inferred from content structure, not real search data)",,,반 죽이다,"To leave someone nearly ""dead"" — beaten or exhausted almost completely.",3,2,2,2,2,2,2,AUTO_CLASSIFIED,P3,KNU 한국어 일상 표현 사전 (Naver 오픈사전),"dictionary-style only, no nuance/example yet; korean accuracy not yet human-verified (separate axis from content strategy fit)"
gidungeulseuda-01,,기둥(을) 세우다,ko,idiom,기둥(을) 세우다,P1,"MEANING (inferred from content structure, not real search data)",,,기둥(을) 세우다,To put in significant effort to accomplish something.,3,2,2,2,2,2,2,AUTO_CLASSIFIED,P3,KNU 한국어 일상 표현 사전 (Naver 오픈사전),"dictionary-style only, no nuance/example yet; korean accuracy not yet human-verified (separate axis from content strategy fit)"
ojeoneuriwilirianida-01,,어제오늘(의) 일이 아니다,ko,idiom,어제오늘(의) 일이 아니다,P1,"MEANING (inferred from content structure, not real search data)",,,어제오늘(의) 일이 아니다,"""It's not just a recent thing"" — a situation has been ongoing for a while.",3,2,2,2,2,2,2,AUTO_CLASSIFIED,P3,KNU 한국어 일상 표현 사전 (Naver 오픈사전),"dictionary-style only, no nuance/example yet; korean accuracy not yet human-verified (separate axis from content strategy fit)"
banchirida-01,,반칙이다,ko,idiom,반칙이다,P1,"MEANING (inferred from content structure, not real search data)",,,반칙이다,Used when something is so impressively above the norm it feels like breaking the rules.,3,2,2,2,2,2,2,AUTO_CLASSIFIED,P3,KNU 한국어 일상 표현 사전 (Naver 오픈사전),"dictionary-style only, no nuance/example yet; korean accuracy not yet human-verified (separate axis from content strategy fit)"
bapgeureuseulgeondeurida-01,,밥그릇(을) 건드리다,ko,idiom,밥그릇(을) 건드리다,P1,"MEANING (inferred from content structure, not real search data)",,,밥그릇(을) 건드리다,"Figuratively, to interfere with someone else's job/livelihood.",3,2,2,2,2,2,2,AUTO_CLASSIFIED,P3,KNU 한국어 일상 표현 사전 (Naver 오픈사전),"dictionary-style only, no nuance/example yet; korean accuracy not yet human-verified (separate axis from content strategy fit)"
uisikuiheureumdaero-01,,의식의 흐름대로,ko,idiom,의식의 흐름대로,P1,"MEANING (inferred from content structure, not real search data)",,,의식의 흐름대로,"Speaking whatever comes to mind on the spot, unfiltered.",3,2,2,2,2,2,2,AUTO_CLASSIFIED,P3,KNU 한국어 일상 표현 사전 (Naver 오픈사전),"dictionary-style only, no nuance/example yet; korean accuracy not yet human-verified (separate axis from content strategy fit)"
simjangittteoreojida-01,,심장(이) 떨어지다,ko,idiom,심장(이) 떨어지다,P1,"MEANING (inferred from content structure, not real search data)",,,심장(이) 떨어지다,"Figuratively, to be greatly startled.",3,2,2,2,2,2,2,AUTO_CLASSIFIED,P3,KNU 한국어 일상 표현 사전 (Naver 오픈사전),"dictionary-style only, no nuance/example yet; korean accuracy not yet human-verified (separate axis from content strategy fit)"
sahoesaenghwareuljalhada-01,,사회생활(을) 잘하다,ko,idiom,사회생활(을) 잘하다,P1,"MEANING (inferred from content structure, not real search data)",,,사회생활(을) 잘하다,To read others' intentions well and act appropriately in social situations.,3,2,2,2,2,2,2,AUTO_CLASSIFIED,P3,KNU 한국어 일상 표현 사전 (Naver 오픈사전),"dictionary-style only, no nuance/example yet; korean accuracy not yet human-verified (separate axis from content strategy fit)"
gwigaseolpda-01,,귀(가) 얇다,ko,idiom,귀(가) 얇다,P1,"MEANING (inferred from content structure, not real search data)",,,귀(가) 얇다,To be easily persuaded by whatever others say.,3,2,2,2,2,2,2,AUTO_CLASSIFIED,P3,KNU 한국어 일상 표현 사전 (Naver 오픈사전),"dictionary-style only, no nuance/example yet; korean accuracy not yet human-verified (separate axis from content strategy fit)"
gwieseopigananda-01,,귀에서 피(가) 나다,ko,idiom,귀에서 피(가) 나다,P1,"MEANING (inferred from content structure, not real search data)",,,귀에서 피(가) 나다,Said when you've heard something said far too many times.,3,2,2,2,2,2,2,AUTO_CLASSIFIED,P3,KNU 한국어 일상 표현 사전 (Naver 오픈사전),"dictionary-style only, no nuance/example yet; korean accuracy not yet human-verified (separate axis from content strategy fit)"
eolguliyeolilhada-01,,얼굴(이) 열일하다,ko,idiom,얼굴(이) 열일하다,P1,"MEANING (inferred from content structure, not real search data)",,,얼굴(이) 열일하다,"Informally, to have very attractive looks.",3,2,2,2,2,2,2,AUTO_CLASSIFIED,P3,KNU 한국어 일상 표현 사전 (Naver 오픈사전),"dictionary-style only, no nuance/example yet; korean accuracy not yet human-verified (separate axis from content strategy fit)"
yeonghonitteolrida-01,,영혼(이) 털리다,ko,idiom,영혼(이) 털리다,P1,"MEANING (inferred from content structure, not real search data)",,,영혼(이) 털리다,"To be utterly exhausted, as if drained of one's very spirit.",3,2,2,2,2,2,2,AUTO_CLASSIFIED,P3,KNU 한국어 일상 표현 사전 (Naver 오픈사전),"dictionary-style only, no nuance/example yet; korean accuracy not yet human-verified (separate axis from content strategy fit)"
ireumeulpalda-01,,이름(을) 팔다,ko,idiom,이름(을) 팔다,P1,"MEANING (inferred from content structure, not real search data)",,,이름(을) 팔다,"To exploit one's own (or someone else's) reputation, fame, or status for personal benefit.",3,2,2,2,2,2,2,AUTO_CLASSIFIED,P3,KNU 한국어 일상 표현 사전 (Naver 오픈사전),"dictionary-style only, no nuance/example yet; korean accuracy not yet human-verified (separate axis from content strategy fit)"
haneuluibyeoritoeda-01,,하늘의 별이 되다,ko,idiom,하늘의 별이 되다,P1,"MEANING (inferred from content structure, not real search data)",,,하늘의 별이 되다,"Figuratively, a euphemism for someone passing away.",3,2,2,2,2,2,2,AUTO_CLASSIFIED,P3,KNU 한국어 일상 표현 사전 (Naver 오픈사전),"dictionary-style only, no nuance/example yet; korean accuracy not yet human-verified (separate axis from content strategy fit)"
silhyeongeultaerida-01,,실형(을) 때리다,ko,idiom,실형(을) 때리다,P1,"MEANING (inferred from content structure, not real search data)",,,실형(을) 때리다,"Informally, to sentence someone to actual prison time.",3,2,2,2,2,2,2,AUTO_CLASSIFIED,P3,KNU 한국어 일상 표현 사전 (Naver 오픈사전),"dictionary-style only, no nuance/example yet; korean accuracy not yet human-verified (separate axis from content strategy fit)"
meoriehimeuljuda-01,,머리에 힘(을) 주다,ko,idiom,머리에 힘(을) 주다,P1,"MEANING (inferred from content structure, not real search data)",,,머리에 힘(을) 주다,To style one's hair much more carefully than usual.,3,2,2,2,2,2,2,AUTO_CLASSIFIED,P3,KNU 한국어 일상 표현 사전 (Naver 오픈사전),"dictionary-style only, no nuance/example yet; korean accuracy not yet human-verified (separate axis from content strategy fit)"
hanbeonjukjidubeonjungna-01,,한 번 죽지 두 번 죽나,ko,idiom,한 번 죽지 두 번 죽나,P1,"MEANING (inferred from content structure, not real search data)",,,한 번 죽지 두 번 죽나,"""You only die once, not twice"" — used to encourage taking a risk despite fear, since the worst outcome is a one-time cost.",3,2,2,2,2,2,2,AUTO_CLASSIFIED,P3,KNU 한국어 일상 표현 사전 (Naver 오픈사전),"dictionary-style only, no nuance/example yet; korean accuracy not yet human-verified (separate axis from content strategy fit)"
hateureulnallida-01,,하트(를) 날리다,ko,idiom,하트(를) 날리다,P1,"MEANING (inferred from content structure, not real search data)",,,하트(를) 날리다,To make a heart shape with one's hands toward someone as an affectionate gesture.,3,2,2,2,2,2,2,AUTO_CLASSIFIED,P3,KNU 한국어 일상 표현 사전 (Naver 오픈사전),"dictionary-style only, no nuance/example yet; korean accuracy not yet human-verified (separate axis from content strategy fit)"
gireulsallida-01,,기(를) 살리다,ko,idiom,기(를) 살리다,P1,"MEANING (inferred from content structure, not real search data)",,,기(를) 살리다,To boost someone's confidence and spirit.,3,2,2,2,2,2,2,AUTO_CLASSIFIED,P3,KNU 한국어 일상 표현 사전 (Naver 오픈사전),"dictionary-style only, no nuance/example yet; korean accuracy not yet human-verified (separate axis from content strategy fit)"
gaekodomoreuda-01,,개코도 모르다,ko,idiom,개코도 모르다,P1,"MEANING (inferred from content structure, not real search data)",,,개코도 모르다,To know absolutely nothing about something.,3,2,2,2,2,2,2,AUTO_CLASSIFIED,P3,KNU 한국어 일상 표현 사전 (Naver 오픈사전),"dictionary-style only, no nuance/example yet; korean accuracy not yet human-verified (separate axis from content strategy fit)"
dumaritokkireulnochida-01,,두 마리 토끼를 놓치다,ko,idiom,두 마리 토끼를 놓치다,P1,"MEANING (inferred from content structure, not real search data)",,,두 마리 토끼를 놓치다,To fail at achieving two goals at once.,3,2,2,2,2,2,2,AUTO_CLASSIFIED,P3,KNU 한국어 일상 표현 사전 (Naver 오픈사전),"dictionary-style only, no nuance/example yet; korean accuracy not yet human-verified (separate axis from content strategy fit)"
sekomjjapjjalhada-01,,새콤짭짤하다,ko,idiom,새콤짭짤하다,P1,"MEANING (inferred from content structure, not real search data)",,,새콤짭짤하다,"To be a fresh, unexpected new sensation, standing out even among strong competition.",3,2,2,2,2,2,2,AUTO_CLASSIFIED,P3,KNU 한국어 일상 표현 사전 (Naver 오픈사전),"dictionary-style only, no nuance/example yet; korean accuracy not yet human-verified (separate axis from content strategy fit)"
pyojeongisseogeotda-01,,표정(이) 썩었다,ko,idiom,표정(이) 썩었다,P1,"MEANING (inferred from content structure, not real search data)",,,표정(이) 썩었다,"Figuratively, for one's face to show a very unpleasant psychological or emotional state.",3,2,2,2,2,2,2,AUTO_CLASSIFIED,P3,KNU 한국어 일상 표현 사전 (Naver 오픈사전),"dictionary-style only, no nuance/example yet; korean accuracy not yet human-verified (separate axis from content strategy fit)"
nimumdeongeseobeolddeogirnalil-01,,N이 무덤에서 벌떡 일어날 일,ko,idiom,N이 무덤에서 벌떡 일어날 일,P1,"MEANING (inferred from content structure, not real search data)",,,N이 무덤에서 벌떡 일어날 일,"Figuratively, something so shocking or absurd it would make N sit bolt upright in their grave.",3,2,2,2,2,2,2,AUTO_CLASSIFIED,P3,KNU 한국어 일상 표현 사전 (Naver 오픈사전),"dictionary-style only, no nuance/example yet; korean accuracy not yet human-verified (separate axis from content strategy fit)"
marinaongime-01,,말(이) 나온 김에,ko,idiom,말(이) 나온 김에,P1,"MEANING (inferred from content structure, not real search data)",,,말(이) 나온 김에,"""Since it's come up"" — bringing up something else while already on a related topic.",3,2,2,2,2,2,2,AUTO_CLASSIFIED,P3,KNU 한국어 일상 표현 사전 (Naver 오픈사전),"dictionary-style only, no nuance/example yet; korean accuracy not yet human-verified (separate axis from content strategy fit)"
jomnolda-01,,좀 놀다,ko,idiom,좀 놀다,P1,"MEANING (inferred from content structure, not real search data)",,,좀 놀다,To act out and break away from a school's or society's norms.,3,2,2,2,2,2,2,AUTO_CLASSIFIED,P3,KNU 한국어 일상 표현 사전 (Naver 오픈사전),"dictionary-style only, no nuance/example yet; korean accuracy not yet human-verified (separate axis from content strategy fit)"
sogisseokda-01,,속(이) 썩다,ko,idiom,속(이) 썩다,P1,"MEANING (inferred from content structure, not real search data)",,,속(이) 썩다,For one's mind to become deeply troubled by worry or anxiety.,3,2,2,2,2,2,2,AUTO_CLASSIFIED,P3,KNU 한국어 일상 표현 사전 (Naver 오픈사전),"dictionary-style only, no nuance/example yet; korean accuracy not yet human-verified (separate axis from content strategy fit)"
taeganada-01,,태가 나다,ko,idiom,태가 나다,P1,"MEANING (inferred from content structure, not real search data)",,,태가 나다,To have an air of elegance to one's clothing or movements.,3,2,2,2,2,2,2,AUTO_CLASSIFIED,P3,KNU 한국어 일상 표현 사전 (Naver 오픈사전),"dictionary-style only, no nuance/example yet; korean accuracy not yet human-verified (separate axis from content strategy fit)"
marigeureotadaneungeosida-01,,말이 그렇다는 것이다,ko,idiom,말이 그렇다는 것이다,P1,"MEANING (inferred from content structure, not real search data)",,,말이 그렇다는 것이다,Clarifying that the content of a statement differs from actual fact — said sincerely to make sure the other person doesn't take it literally.,3,2,2,2,2,2,2,AUTO_CLASSIFIED,P3,KNU 한국어 일상 표현 사전 (Naver 오픈사전),"dictionary-style only, no nuance/example yet; korean accuracy not yet human-verified (separate axis from content strategy fit)"
dollyeomalhada-01,,돌려 말하다,ko,idiom,돌려 말하다,P1,"MEANING (inferred from content structure, not real search data)",,,돌려 말하다,"To speak indirectly rather than straightforwardly, hinting instead of stating plainly.",3,2,2,2,2,2,2,AUTO_CLASSIFIED,P3,KNU 한국어 일상 표현 사전 (Naver 오픈사전),"dictionary-style only, no nuance/example yet; korean accuracy not yet human-verified (separate axis from content strategy fit)"
ibeulnabuldaeda-01,,입(을) 나불대다,ko,idiom,입(을) 나불대다,P1,"MEANING (inferred from content structure, not real search data)",,,입(을) 나불대다,"Informally, to chatter carelessly.",3,2,2,2,2,2,2,AUTO_CLASSIFIED,P3,KNU 한국어 일상 표현 사전 (Naver 오픈사전),"dictionary-style only, no nuance/example yet; korean accuracy not yet human-verified (separate axis from content strategy fit)"
bolggolmotbolggoldaboda-01,,볼 꼴 못 볼 꼴 다 보다,ko,idiom,볼 꼴 못 볼 꼴 다 보다,P1,"MEANING (inferred from content structure, not real search data)",,,볼 꼴 못 볼 꼴 다 보다,For a relationship to be so close that the two have seen absolutely everything about each other.,3,2,2,2,2,2,2,AUTO_CLASSIFIED,P3,KNU 한국어 일상 표현 사전 (Naver 오픈사전),"dictionary-style only, no nuance/example yet; korean accuracy not yet human-verified (separate axis from content strategy fit)"
hanbangibujokhada-01,,한 방(이) 부족하다,ko,idiom,한 방(이) 부족하다,P1,"MEANING (inferred from content structure, not real search data)",,,한 방(이) 부족하다,To lack the one decisive factor that would settle an outcome clearly.,3,2,2,2,2,2,2,AUTO_CLASSIFIED,P3,KNU 한국어 일상 표현 사전 (Naver 오픈사전),"dictionary-style only, no nuance/example yet; korean accuracy not yet human-verified (separate axis from content strategy fit)"
hwanggeummacha-01,,황금 마차,ko,idiom,황금 마차,P1,"MEANING (inferred from content structure, not real search data)",,,황금 마차,A mobile canteen truck the military runs to serve food to troops training in the field.,3,2,2,2,2,2,2,AUTO_CLASSIFIED,P3,KNU 한국어 일상 표현 사전 (Naver 오픈사전),"dictionary-style only, no nuance/example yet; korean accuracy not yet human-verified (separate axis from content strategy fit)"
bosangsobi-01,,보상 소비,ko,idiom,보상 소비,P1,"MEANING (inferred from content structure, not real search data)",,,보상 소비,The phenomenon of excessive compensatory spending caused by outside stress.,3,2,2,2,2,2,2,AUTO_CLASSIFIED,P3,KNU 한국어 일상 표현 사전 (Naver 오픈사전),"dictionary-style only, no nuance/example yet; korean accuracy not yet human-verified (separate axis from content strategy fit)"
neunhaniisseodo-01,,V-는 한이 있어도,ko,idiom,V-는 한이 있어도,P1,"MEANING (inferred from content structure, not real search data)",,,V-는 한이 있어도,"""Even if it means..."" — accepting a difficult consequence in order to do something.",3,2,2,2,2,2,2,AUTO_CLASSIFIED,P3,KNU 한국어 일상 표현 사전 (Naver 오픈사전),"dictionary-style only, no nuance/example yet; korean accuracy not yet human-verified (separate axis from content strategy fit)"
doneulsseoreodamda-01,,돈을 쏟아 담다,ko,idiom,돈을 쏟아 담다,P1,"MEANING (inferred from content structure, not real search data)",,,돈을 쏟아 담다,To spend money lavishly.,3,2,2,2,2,2,2,AUTO_CLASSIFIED,P3,KNU 한국어 일상 표현 사전 (Naver 오픈사전),"dictionary-style only, no nuance/example yet; korean accuracy not yet human-verified (separate axis from content strategy fit)"
sudurokbbaekbbaekhada-01,,수두룩 빽빽하다,ko,idiom,수두룩 빽빽하다,P1,"MEANING (inferred from content structure, not real search data)",,,수두룩 빽빽하다,To be gathered together very densely.,3,2,2,2,2,2,2,AUTO_CLASSIFIED,P3,KNU 한국어 일상 표현 사전 (Naver 오픈사전),"dictionary-style only, no nuance/example yet; korean accuracy not yet human-verified (separate axis from content strategy fit)"
teukdanuidaechaek-01,,특단의 대책,ko,idiom,특단의 대책,P1,"MEANING (inferred from content structure, not real search data)",,,특단의 대책,An extraordinary measure or special plan devised to solve a problem.,3,2,2,2,2,2,2,AUTO_CLASSIFIED,P3,KNU 한국어 일상 표현 사전 (Naver 오픈사전),"dictionary-style only, no nuance/example yet; korean accuracy not yet human-verified (separate axis from content strategy fit)"
neingkeudoanmareuda-01,,N에 잉크도 안 마르다,ko,idiom,N에 잉크도 안 마르다,P1,"MEANING (inferred from content structure, not real search data)",,,N에 잉크도 안 마르다,"Figuratively, saying not much time has passed since N ended/happened.",3,2,2,2,2,2,2,AUTO_CLASSIFIED,P3,KNU 한국어 일상 표현 사전 (Naver 오픈사전),"dictionary-style only, no nuance/example yet; korean accuracy not yet human-verified (separate axis from content strategy fit)"
haedohaedo-01,,해도 해도,ko,idiom,해도 해도,P1,"MEANING (inferred from content structure, not real search data)",,,해도 해도,"""No matter how much..."" — emphasizing something is extreme.",3,2,2,2,2,2,2,AUTO_CLASSIFIED,P3,KNU 한국어 일상 표현 사전 (Naver 오픈사전),"dictionary-style only, no nuance/example yet; korean accuracy not yet human-verified (separate axis from content strategy fit)"
gimchi-01,,김치,ko,idiom,김치,P1,"MEANING (inferred from content structure, not real search data)",,,김치,"What you say to prompt someone to smile for a photo, by shaping the mouth into a smile-like position.",3,2,2,2,2,2,2,AUTO_CLASSIFIED,P3,KNU 한국어 일상 표현 사전 (Naver 오픈사전),"dictionary-style only, no nuance/example yet; korean accuracy not yet human-verified (separate axis from content strategy fit)"
kkeomida-02,,껌이다,ko,idiom,껌이다,P1,"MEANING (inferred from content structure, not real search data)",,,껌이다,Describes something extremely easy to accomplish.,3,2,2,2,2,2,2,AUTO_CLASSIFIED,P3,KNU 한국어 일상 표현 사전 (Naver 오픈사전),"dictionary-style only, no nuance/example yet; korean accuracy not yet human-verified (separate axis from content strategy fit)"
namuijipjanchinaljaereulppurinda-01,,남의 집 잔칫날 재(를) 뿌린다,ko,idiom,남의 집 잔칫날 재(를) 뿌린다,P1,"MEANING (inferred from content structure, not real search data)",,,남의 집 잔칫날 재(를) 뿌린다,"To ruin someone else's good occasion or mood out of spite, or to bring bad luck to it.",3,2,2,2,2,2,2,AUTO_CLASSIFIED,P3,KNU 한국어 일상 표현 사전 (Naver 오픈사전),"dictionary-style only, no nuance/example yet; korean accuracy not yet human-verified (separate axis from content strategy fit)"
silyue-hwipsseullida-01,,시류에 휩쓸리다,ko,idiom,시류에 휩쓸리다,P1,"MEANING (inferred from content structure, not real search data)",,,시류에 휩쓸리다,"To be swept along by the trends and mood of the times, without one's own conviction.",3,2,2,2,2,2,2,AUTO_CLASSIFIED,P3,KNU 한국어 일상 표현 사전 (Naver 오픈사전),"dictionary-style only, no nuance/example yet; korean accuracy not yet human-verified (separate axis from content strategy fit)"
byeonhwareuljuda-01,,변화(를) 주다,ko,idiom,변화(를) 주다,P1,"MEANING (inferred from content structure, not real search data)",,,변화(를) 주다,To deliberately change the form or environment of something/someone.,3,2,2,2,2,2,2,AUTO_CLASSIFIED,P3,KNU 한국어 일상 표현 사전 (Naver 오픈사전),"dictionary-style only, no nuance/example yet; korean accuracy not yet human-verified (separate axis from content strategy fit)"
bolgeosannbolgeosdaboda-01,,볼 것 안 볼 것 다 보다,ko,idiom,볼 것 안 볼 것 다 보다,P1,"MEANING (inferred from content structure, not real search data)",,,볼 것 안 볼 것 다 보다,"For close acquaintances to have shed all reserve with each other, holding nothing back.",3,2,2,2,2,2,2,AUTO_CLASSIFIED,P3,KNU 한국어 일상 표현 사전 (Naver 오픈사전),"dictionary-style only, no nuance/example yet; korean accuracy not yet human-verified (separate axis from content strategy fit)"
maunteinbyu-01,,마운틴 뷰,ko,idiom,마운틴 뷰,P1,"MEANING (inferred from content structure, not real search data)",,,마운틴 뷰,A hotel/facility room with a view featuring mountain scenery.,3,2,2,2,2,2,2,AUTO_CLASSIFIED,P3,KNU 한국어 일상 표현 사전 (Naver 오픈사전),"dictionary-style only, no nuance/example yet; korean accuracy not yet human-verified (separate axis from content strategy fit)"
mwogaitda-01,,뭐(가) 있다,ko,idiom,뭐(가) 있다,P1,"MEANING (inferred from content structure, not real search data)",,,뭐(가) 있다,"Suspecting there's some circumstance behind something, even if unclear exactly what.",3,2,2,2,2,2,2,AUTO_CLASSIFIED,P3,KNU 한국어 일상 표현 사전 (Naver 오픈사전),"dictionary-style only, no nuance/example yet; korean accuracy not yet human-verified (separate axis from content strategy fit)"
manhwareuljjitgonaoda-01,,만화(를) 찢고 나오다,ko,idiom,만화(를) 찢고 나오다,P1,"MEANING (inferred from content structure, not real search data)",,,만화(를) 찢고 나오다,Describes someone so strikingly attractive they look like they stepped out of a comic book.,3,2,2,2,2,2,2,AUTO_CLASSIFIED,P3,KNU 한국어 일상 표현 사전 (Naver 오픈사전),"dictionary-style only, no nuance/example yet; korean accuracy not yet human-verified (separate axis from content strategy fit)"
gireulbalkida-01,,길(을) 밝히다,ko,idiom,길(을) 밝히다,P1,"MEANING (inferred from content structure, not real search data)",,,길(을) 밝히다,To prepare the means or way to accomplish something.,3,2,2,2,2,2,2,AUTO_CLASSIFIED,P3,KNU 한국어 일상 표현 사전 (Naver 오픈사전),"dictionary-style only, no nuance/example yet; korean accuracy not yet human-verified (separate axis from content strategy fit)"
yeoksineunyeoksiida-01,,역시는 역시(이)다,ko,idiom,역시는 역시(이)다,P1,"MEANING (inferred from content structure, not real search data)",,,역시는 역시(이)다,"""As expected, of course"" — a result turned out exactly as satisfying as anticipated.",3,2,2,2,2,2,2,AUTO_CLASSIFIED,P3,KNU 한국어 일상 표현 사전 (Naver 오픈사전),"dictionary-style only, no nuance/example yet; korean accuracy not yet human-verified (separate axis from content strategy fit)"
gaginaoda-01,,각(이) 나오다,ko,idiom,각(이) 나오다,P1,"MEANING (inferred from content structure, not real search data)",,,각(이) 나오다,For a particular outcome to look likely/predictable in advance.,3,2,2,2,2,2,2,AUTO_CLASSIFIED,P3,KNU 한국어 일상 표현 사전 (Naver 오픈사전),"dictionary-style only, no nuance/example yet; korean accuracy not yet human-verified (separate axis from content strategy fit)"
mareunjangjagijaltanda-01,,마른 장작이 잘 탄다,ko,idiom,마른 장작이 잘 탄다,P1,"MEANING (inferred from content structure, not real search data)",,,마른 장작이 잘 탄다,"Figuratively, describes someone unassuming who turns out to have surprisingly strong ability/passion, like dry firewood catching fire well.",3,2,2,2,2,2,2,AUTO_CLASSIFIED,P3,KNU 한국어 일상 표현 사전 (Naver 오픈사전),"dictionary-style only, no nuance/example yet; korean accuracy not yet human-verified (separate axis from content strategy fit)"
byeogiitda-01,,벽(이) 있다,ko,idiom,벽(이) 있다,P1,"MEANING (inferred from content structure, not real search data)",,,벽(이) 있다,For there to be something blocking communication or connection between people.,3,2,2,2,2,2,2,AUTO_CLASSIFIED,P3,KNU 한국어 일상 표현 사전 (Naver 오픈사전),"dictionary-style only, no nuance/example yet; korean accuracy not yet human-verified (separate axis from content strategy fit)"
annyeonghijumusipsio-01,,안녕히 주무십시오,ko,idiom,안녕히 주무십시오,P1,"MEANING (inferred from content structure, not real search data)",,,안녕히 주무십시오,A polite phrase said to wish someone a good night's sleep before bed.,3,2,2,2,2,2,2,AUTO_CLASSIFIED,P3,KNU 한국어 일상 표현 사전 (Naver 오픈사전),"dictionary-style only, no nuance/example yet; korean accuracy not yet human-verified (separate axis from content strategy fit)"
jungguktangmyeon-01,,중국당면,ko,idiom,중국당면,P1,"MEANING (inferred from content structure, not real search data)",,,중국당면,"Wide, flat Chinese-style glass noodles used in dishes like mala-tang or mala-xianggeuo.",3,2,2,2,2,2,2,AUTO_CLASSIFIED,P3,KNU 한국어 일상 표현 사전 (Naver 오픈사전),"dictionary-style only, no nuance/example yet; korean accuracy not yet human-verified (separate axis from content strategy fit)"
jeolbyeokwiese-seoda-01,,절벽 위에 서다,ko,idiom,절벽 위에 서다,P1,"MEANING (inferred from content structure, not real search data)",,,절벽 위에 서다,"Figuratively, to be in an extremely precarious situation.",3,2,2,2,2,2,2,AUTO_CLASSIFIED,P3,KNU 한국어 일상 표현 사전 (Naver 오픈사전),"dictionary-style only, no nuance/example yet; korean accuracy not yet human-verified (separate axis from content strategy fit)"
nnasyeotda-01,,N 나셨다,ko,idiom,N 나셨다,P1,"MEANING (inferred from content structure, not real search data)",,,N 나셨다,"A sarcastic remark toward someone acting/speaking as if they were N, out of place.",3,2,2,2,2,2,2,AUTO_CLASSIFIED,P3,KNU 한국어 일상 표현 사전 (Naver 오픈사전),"dictionary-style only, no nuance/example yet; korean accuracy not yet human-verified (separate axis from content strategy fit)"
gihamideureoganda-01,,기합(이) 들어가다,ko,idiom,기합(이) 들어가다,P1,"MEANING (inferred from content structure, not real search data)",,,기합(이) 들어가다,For deliberate focus and effort to go into doing something.,3,2,2,2,2,2,2,AUTO_CLASSIFIED,P3,KNU 한국어 일상 표현 사전 (Naver 오픈사전),"dictionary-style only, no nuance/example yet; korean accuracy not yet human-verified (separate axis from content strategy fit)"
georireulyujihada-01,,거리를 유지하다,ko,idiom,거리를 유지하다,P1,"MEANING (inferred from content structure, not real search data)",,,거리를 유지하다,"To keep from getting too close, especially in relationships.",3,2,2,2,2,2,2,AUTO_CLASSIFIED,P3,KNU 한국어 일상 표현 사전 (Naver 오픈사전),"dictionary-style only, no nuance/example yet; korean accuracy not yet human-verified (separate axis from content strategy fit)"
bulssireulkkeuda-01,,불씨(를) 끄다,ko,idiom,불씨(를) 끄다,P1,"MEANING (inferred from content structure, not real search data)",,,불씨(를) 끄다,To completely settle down the progress of some matter.,3,2,2,2,2,2,2,AUTO_CLASSIFIED,P3,KNU 한국어 일상 표현 사전 (Naver 오픈사전),"dictionary-style only, no nuance/example yet; korean accuracy not yet human-verified (separate axis from content strategy fit)"
aigobaeya-01,,아이고 배야,ko,idiom,아이고 배야,P1,"MEANING (inferred from content structure, not real search data)",,,아이고 배야,"""Oh, my stomach"" — said when laughing so hard your stomach hurts.",3,2,2,2,2,2,2,AUTO_CLASSIFIED,P3,KNU 한국어 일상 표현 사전 (Naver 오픈사전),"dictionary-style only, no nuance/example yet; korean accuracy not yet human-verified (separate axis from content strategy fit)"
jujailso-01,,주자 일소,ko,idiom,주자 일소,P1,"MEANING (inferred from content structure, not real search data)",,,주자 일소,"In baseball, clearing all the runners currently on base with one hit.",3,2,2,2,2,2,2,AUTO_CLASSIFIED,P3,KNU 한국어 일상 표현 사전 (Naver 오픈사전),"dictionary-style only, no nuance/example yet; korean accuracy not yet human-verified (separate axis from content strategy fit)"
dubeondasineunanv-01,,두 번 다시는 안 V,ko,idiom,두 번 다시는 안 V,P1,"MEANING (inferred from content structure, not real search data)",,,두 번 다시는 안 V,"""Never again will I V"" — vowing never to repeat the same action.",3,2,2,2,2,2,2,AUTO_CLASSIFIED,P3,KNU 한국어 일상 표현 사전 (Naver 오픈사전),"dictionary-style only, no nuance/example yet; korean accuracy not yet human-verified (separate axis from content strategy fit)"
daehwaekkida-01,,대화에 끼다,ko,idiom,대화에 끼다,P1,"MEANING (inferred from content structure, not real search data)",,,대화에 끼다,To join in on a conversation.,3,2,2,2,2,2,2,AUTO_CLASSIFIED,P3,KNU 한국어 일상 표현 사전 (Naver 오픈사전),"dictionary-style only, no nuance/example yet; korean accuracy not yet human-verified (separate axis from content strategy fit)"
malkkotturireuljapgoneureojida-01,,말꼬투리(를) 잡고 늘어지다,ko,idiom,말꼬투리(를) 잡고 늘어지다,P1,"MEANING (inferred from content structure, not real search data)",,,말꼬투리(를) 잡고 늘어지다,To seize on a minor part of what someone said and keep nitpicking at it.,3,2,2,2,2,2,2,AUTO_CLASSIFIED,P3,KNU 한국어 일상 표현 사전 (Naver 오픈사전),"dictionary-style only, no nuance/example yet; korean accuracy not yet human-verified (separate axis from content strategy fit)"
siganeuljjogaeda-01,,시간(을) 쪼개다,ko,idiom,시간(을) 쪼개다,P1,"MEANING (inferred from content structure, not real search data)",,,시간(을) 쪼개다,To carve out time for something even amid a busy schedule.,3,2,2,2,2,2,2,AUTO_CLASSIFIED,P3,KNU 한국어 일상 표현 사전 (Naver 오픈사전),"dictionary-style only, no nuance/example yet; korean accuracy not yet human-verified (separate axis from content strategy fit)"
maiyattongiya-01,,말이야 똥이야,ko,idiom,말이야 똥이야,P1,"MEANING (inferred from content structure, not real search data)",,,말이야 똥이야,A rude criticism that what someone said makes no sense at all.,3,2,2,2,2,2,2,AUTO_CLASSIFIED,P3,KNU 한국어 일상 표현 사전 (Naver 오픈사전),"dictionary-style only, no nuance/example yet; korean accuracy not yet human-verified (separate axis from content strategy fit)"
geureokuna-01,,그렇구나,ko,idiom,그렇구나,P1,"MEANING (inferred from content structure, not real search data)",,,그렇구나,"""I see"" — expressing agreement or sympathy toward what someone said.",3,2,2,2,2,2,2,AUTO_CLASSIFIED,P3,KNU 한국어 일상 표현 사전 (Naver 오픈사전),"dictionary-style only, no nuance/example yet; korean accuracy not yet human-verified (separate axis from content strategy fit)"
binsuroekkeutnada-01,,빈 수레로 끝나다,ko,idiom,빈 수레로 끝나다,P1,"MEANING (inferred from content structure, not real search data)",,,빈 수레로 끝나다,"Figuratively, to end up with nothing substantial despite a lot of talk or fuss.",3,2,2,2,2,2,2,AUTO_CLASSIFIED,P3,KNU 한국어 일상 표현 사전 (Naver 오픈사전),"dictionary-style only, no nuance/example yet; korean accuracy not yet human-verified (separate axis from content strategy fit)"
neungeosigabida-01,,V-는 것이 갑이다,ko,idiom,V-는 것이 갑이다,P1,"MEANING (inferred from content structure, not real search data)",,,V-는 것이 갑이다,"""Doing X is the winning move"" — pointing to the single most important thing about something.",3,2,2,2,2,2,2,AUTO_CLASSIFIED,P3,KNU 한국어 일상 표현 사전 (Naver 오픈사전),"dictionary-style only, no nuance/example yet; korean accuracy not yet human-verified (separate axis from content strategy fit)"
geureongeisseo-01,,그런 게 있어,ko,idiom,그런 게 있어,P1,"MEANING (inferred from content structure, not real search data)",,,그런 게 있어,"A vague, evasive answer given to dodge a direct question.",3,2,2,2,2,2,2,AUTO_CLASSIFIED,P3,KNU 한국어 일상 표현 사전 (Naver 오픈사전),"dictionary-style only, no nuance/example yet; korean accuracy not yet human-verified (separate axis from content strategy fit)"
meorineunpomeurodalgodanina-01,,머리는 폼으로 달고 다니냐,ko,idiom,머리는 폼으로 달고 다니냐,P1,"MEANING (inferred from content structure, not real search data)",,,머리는 폼으로 달고 다니냐,"""Is your head just for show?"" — mocking someone for a foolish decision.",3,2,2,2,2,2,2,AUTO_CLASSIFIED,P3,KNU 한국어 일상 표현 사전 (Naver 오픈사전),"dictionary-style only, no nuance/example yet; korean accuracy not yet human-verified (separate axis from content strategy fit)"
gwanghapseongeulhada-01,,광합성(을) 하다,ko,idiom,광합성(을) 하다,P1,"MEANING (inferred from content structure, not real search data)",,,광합성(을) 하다,"Figuratively, to go outside and get some sun.",3,2,2,2,2,2,2,AUTO_CLASSIFIED,P3,KNU 한국어 일상 표현 사전 (Naver 오픈사전),"dictionary-style only, no nuance/example yet; korean accuracy not yet human-verified (separate axis from content strategy fit)"
ibeulkkwemaeda-01,,입을 꿰매다,ko,idiom,입을 꿰매다,P1,"MEANING (inferred from content structure, not real search data)",,,입을 꿰매다,"Figuratively, to make someone stop talking.",3,2,2,2,2,2,2,AUTO_CLASSIFIED,P3,KNU 한국어 일상 표현 사전 (Naver 오픈사전),"dictionary-style only, no nuance/example yet; korean accuracy not yet human-verified (separate axis from content strategy fit)"
gangnaengireultoelda-01,,강냉이(를) 털다,ko,idiom,강냉이(를) 털다,P1,"MEANING (inferred from content structure, not real search data)",,,강냉이(를) 털다,"Informally (and violently), to knock out someone's teeth.",3,2,2,2,2,2,2,AUTO_CLASSIFIED,P3,KNU 한국어 일상 표현 사전 (Naver 오픈사전),"dictionary-style only, no nuance/example yet; korean accuracy not yet human-verified (separate axis from content strategy fit)"
yeoyureulboida-01,,여유(를) 보이다,ko,idiom,여유(를) 보이다,P1,"MEANING (inferred from content structure, not real search data)",,,여유(를) 보이다,"To display a relaxed, unhurried composure, whether materially, mentally, or in skill.",3,2,2,2,2,2,2,AUTO_CLASSIFIED,P3,KNU 한국어 일상 표현 사전 (Naver 오픈사전),"dictionary-style only, no nuance/example yet; korean accuracy not yet human-verified (separate axis from content strategy fit)"
gyeongireultada-01,,경기(를) 타다,ko,idiom,경기(를) 타다,P1,"MEANING (inferred from content structure, not real search data)",,,경기(를) 타다,To be affected by the state of the economy.,3,2,2,2,2,2,2,AUTO_CLASSIFIED,P3,KNU 한국어 일상 표현 사전 (Naver 오픈사전),"dictionary-style only, no nuance/example yet; korean accuracy not yet human-verified (separate axis from content strategy fit)"
mareuldeureojuda-01,,말(을) 들어주다,ko,idiom,말(을) 들어주다,P1,"MEANING (inferred from content structure, not real search data)",,,말(을) 들어주다,To grant/accommodate someone's request.,3,2,2,2,2,2,2,AUTO_CLASSIFIED,P3,KNU 한국어 일상 표현 사전 (Naver 오픈사전),"dictionary-style only, no nuance/example yet; korean accuracy not yet human-verified (separate axis from content strategy fit)"
nollajappajida-01,,놀라 자빠지다,ko,idiom,놀라 자빠지다,P1,"MEANING (inferred from content structure, not real search data)",,,놀라 자빠지다,(Exaggerated) to be greatly startled.,3,2,2,2,2,2,2,AUTO_CLASSIFIED,P3,KNU 한국어 일상 표현 사전 (Naver 오픈사전),"dictionary-style only, no nuance/example yet; korean accuracy not yet human-verified (separate axis from content strategy fit)"
ireogiya-01,,이러기야,ko,idiom,이러기야,P1,"MEANING (inferred from content structure, not real search data)",,,이러기야,Said in complaint when someone's words or actions turn out contrary to what was expected.,3,2,2,2,2,2,2,AUTO_CLASSIFIED,P3,KNU 한국어 일상 표현 사전 (Naver 오픈사전),"dictionary-style only, no nuance/example yet; korean accuracy not yet human-verified (separate axis from content strategy fit)"
myeonmoreulkka-01,,V-(으)면 모를까,ko,idiom,V-(으)면 모를까,P1,"MEANING (inferred from content structure, not real search data)",,,V-(으)면 모를까,"""Unless..."" — implying the described action would only be possible under a very specific, unlikely condition.",3,2,2,2,2,2,2,AUTO_CLASSIFIED,P3,KNU 한국어 일상 표현 사전 (Naver 오픈사전),"dictionary-style only, no nuance/example yet; korean accuracy not yet human-verified (separate axis from content strategy fit)"
jujerulalda-01,,주제(를) 알다,ko,idiom,주제(를) 알다,P1,"MEANING (inferred from content structure, not real search data)",,,주제(를) 알다,To recognize one's own circumstances or position realistically.,3,2,2,2,2,2,2,AUTO_CLASSIFIED,P3,KNU 한국어 일상 표현 사전 (Naver 오픈사전),"dictionary-style only, no nuance/example yet; korean accuracy not yet human-verified (separate axis from content strategy fit)"
ipmasematda-01,,입맛에 맞다,ko,idiom,입맛에 맞다,P1,"MEANING (inferred from content structure, not real search data)",,,입맛에 맞다,For something to suit one's taste or interest.,3,2,2,2,2,2,2,AUTO_CLASSIFIED,P3,KNU 한국어 일상 표현 사전 (Naver 오픈사전),"dictionary-style only, no nuance/example yet; korean accuracy not yet human-verified (separate axis from content strategy fit)"
moyangsaegappajida-01,,모양새(가) 빠지다,ko,idiom,모양새(가) 빠지다,P1,"MEANING (inferred from content structure, not real search data)",,,모양새(가) 빠지다,For something to fall short of an expected appearance/standard.,3,2,2,2,2,2,2,AUTO_CLASSIFIED,P3,KNU 한국어 일상 표현 사전 (Naver 오픈사전),"dictionary-style only, no nuance/example yet; korean accuracy not yet human-verified (separate axis from content strategy fit)"
nugujungneunkkolbogosipna-01,,누구 죽는 꼴 보고 싶나,ko,idiom,누구 죽는 꼴 보고 싶나,P1,"MEANING (inferred from content structure, not real search data)",,,누구 죽는 꼴 보고 싶나,A threatening remark forcing someone to do what the speaker wants under strong pressure.,3,2,2,2,2,2,2,AUTO_CLASSIFIED,P3,KNU 한국어 일상 표현 사전 (Naver 오픈사전),"dictionary-style only, no nuance/example yet; korean accuracy not yet human-verified (separate axis from content strategy fit)"
masijukda-01,,맛이 죽다,ko,idiom,맛이 죽다,P1,"MEANING (inferred from content structure, not real search data)",,,맛이 죽다,For a taste to be either completely absent or overwhelmingly perfect.,3,2,2,2,2,2,2,AUTO_CLASSIFIED,P3,KNU 한국어 일상 표현 사전 (Naver 오픈사전),"dictionary-style only, no nuance/example yet; korean accuracy not yet human-verified (separate axis from content strategy fit)"
saigaeogeutnada-01,,사이(가) 어긋나다,ko,idiom,사이(가) 어긋나다,P1,"MEANING (inferred from content structure, not real search data)",,,사이(가) 어긋나다,"For a rift to form between people who loved each other, souring the relationship.",3,2,2,2,2,2,2,AUTO_CLASSIFIED,P3,KNU 한국어 일상 표현 사전 (Naver 오픈사전),"dictionary-style only, no nuance/example yet; korean accuracy not yet human-verified (separate axis from content strategy fit)"
njjaeda-01,,N(을) 째다,ko,idiom,N(을) 째다,P1,"MEANING (inferred from content structure, not real search data)",,,N(을) 째다,"Informally, to skip something one is supposed to do, or a planned event.",3,2,2,2,2,2,2,AUTO_CLASSIFIED,P3,KNU 한국어 일상 표현 사전 (Naver 오픈사전),"dictionary-style only, no nuance/example yet; korean accuracy not yet human-verified (separate axis from content strategy fit)"
myeoneodideodnnna-01,,V-(으)면 어디(가) 덧나나,ko,idiom,V-(으)면 어디(가) 덧나나,P1,"MEANING (inferred from content structure, not real search data)",,,V-(으)면 어디(가) 덧나나,A rebuke for someone who avoided doing what they reasonably should have.,3,2,2,2,2,2,2,AUTO_CLASSIFIED,P3,KNU 한국어 일상 표현 사전 (Naver 오픈사전),"dictionary-style only, no nuance/example yet; korean accuracy not yet human-verified (separate axis from content strategy fit)"
josimhinaeryeogasipsio-01,,조심히 내려가십시오,ko,idiom,조심히 내려가십시오,P1,"MEANING (inferred from content structure, not real search data)",,,조심히 내려가십시오,A farewell greeting said to someone heading home to the provinces.,3,2,2,2,2,2,2,AUTO_CLASSIFIED,P3,KNU 한국어 일상 표현 사전 (Naver 오픈사전),"dictionary-style only, no nuance/example yet; korean accuracy not yet human-verified (separate axis from content strategy fit)"
sachereulsseuda-01,,사체(를) 쓰다,ko,idiom,사체(를) 쓰다,P1,"MEANING (inferred from content structure, not real search data)",,,사체(를) 쓰다,To borrow money from a private (unauthorized) lender rather than a bank.,3,2,2,2,2,2,2,AUTO_CLASSIFIED,P3,KNU 한국어 일상 표현 사전 (Naver 오픈사전),"dictionary-style only, no nuance/example yet; korean accuracy not yet human-verified (separate axis from content strategy fit)"
gyeogematda-01,,격에 맞다,ko,idiom,격에 맞다,P1,"MEANING (inferred from content structure, not real search data)",,,격에 맞다,To fit naturally with one's surroundings.,3,2,2,2,2,2,2,AUTO_CLASSIFIED,P3,KNU 한국어 일상 표현 사전 (Naver 오픈사전),"dictionary-style only, no nuance/example yet; korean accuracy not yet human-verified (separate axis from content strategy fit)"
tteogeulgatihada-01,,떡을 같이하다,ko,idiom,떡을 같이하다,P1,"MEANING (inferred from content structure, not real search data)",,,떡을 같이하다,For matters/phenomena to be closely related or connected to each other.,3,2,2,2,2,2,2,AUTO_CLASSIFIED,P3,KNU 한국어 일상 표현 사전 (Naver 오픈사전),"dictionary-style only, no nuance/example yet; korean accuracy not yet human-verified (separate axis from content strategy fit)"
jeongeulssotda-01,,정(을) 쏟다,ko,idiom,정(을) 쏟다,P1,"MEANING (inferred from content structure, not real search data)",,,정(을) 쏟다,To pour one's whole heart and attention into caring for someone.,3,2,2,2,2,2,2,AUTO_CLASSIFIED,P3,KNU 한국어 일상 표현 사전 (Naver 오픈사전),"dictionary-style only, no nuance/example yet; korean accuracy not yet human-verified (separate axis from content strategy fit)"
koreuset-01,,코르셋,ko,idiom,코르셋,P1,"MEANING (inferred from content structure, not real search data)",,,코르셋,"Figuratively, a societal norm/expectation demanded of women.",3,2,2,2,2,2,2,AUTO_CLASSIFIED,P3,KNU 한국어 일상 표현 사전 (Naver 오픈사전),"dictionary-style only, no nuance/example yet; korean accuracy not yet human-verified (separate axis from content strategy fit)"
geonsugasaengida-01,,건수(가) 생기다,ko,idiom,건수(가) 생기다,P1,"MEANING (inferred from content structure, not real search data)",,,건수(가) 생기다,For a new matter or incident to come up.,3,2,2,2,2,2,2,AUTO_CLASSIFIED,P3,KNU 한국어 일상 표현 사전 (Naver 오픈사전),"dictionary-style only, no nuance/example yet; korean accuracy not yet human-verified (separate axis from content strategy fit)"
mulmannada-01,,물 만나다,ko,idiom,물 만나다,P1,"MEANING (inferred from content structure, not real search data)",,,물 만나다,To finally get to freely express oneself as one pleases.,3,2,2,2,2,2,2,AUTO_CLASSIFIED,P3,KNU 한국어 일상 표현 사전 (Naver 오픈사전),"dictionary-style only, no nuance/example yet; korean accuracy not yet human-verified (separate axis from content strategy fit)"
gatdaoda-01,,갔다 오다,ko,idiom,갔다 오다,P1,"MEANING (inferred from content structure, not real search data)",,,갔다 오다,"Figuratively, to get married and then divorce.",3,2,2,2,2,2,2,AUTO_CLASSIFIED,P3,KNU 한국어 일상 표현 사전 (Naver 오픈사전),"dictionary-style only, no nuance/example yet; korean accuracy not yet human-verified (separate axis from content strategy fit)"
bonjeoneulppaeda-01,,본전(을) 빼다,ko,idiom,본전(을) 빼다,P1,"MEANING (inferred from content structure, not real search data)",,,본전(을) 빼다,To get back the full value of money one has already paid out.,3,2,2,2,2,2,2,AUTO_CLASSIFIED,P3,KNU 한국어 일상 표현 사전 (Naver 오픈사전),"dictionary-style only, no nuance/example yet; korean accuracy not yet human-verified (separate axis from content strategy fit)"
kalchimeulmatda-01,,칼침(을) 맞다,ko,idiom,칼침(을) 맞다,P1,"MEANING (inferred from content structure, not real search data)",,,칼침(을) 맞다,"Figuratively, to be stabbed by a knife.",3,2,2,2,2,2,2,AUTO_CLASSIFIED,P3,KNU 한국어 일상 표현 사전 (Naver 오픈사전),"dictionary-style only, no nuance/example yet; korean accuracy not yet human-verified (separate axis from content strategy fit)"
soraneulpiuda-01,,소란(을) 피우다,ko,idiom,소란(을) 피우다,P1,"MEANING (inferred from content structure, not real search data)",,,소란(을) 피우다,"To make a noisy, disruptive scene.",3,2,2,2,2,2,2,AUTO_CLASSIFIED,P3,KNU 한국어 일상 표현 사전 (Naver 오픈사전),"dictionary-style only, no nuance/example yet; korean accuracy not yet human-verified (separate axis from content strategy fit)"
dakkeutnanmadange-01,,다 끝난 마당에,ko,idiom,다 끝난 마당에,P1,"MEANING (inferred from content structure, not real search data)",,,다 끝난 마당에,"""Now that it's all over"" — used when something has already ended or become pointless.",3,2,2,2,2,2,2,AUTO_CLASSIFIED,P3,KNU 한국어 일상 표현 사전 (Naver 오픈사전),"dictionary-style only, no nuance/example yet; korean accuracy not yet human-verified (separate axis from content strategy fit)"
sinsangeultoelda-01,,신상(을) 털다,ko,idiom,신상(을) 털다,P1,"MEANING (inferred from content structure, not real search data)",,,신상(을) 털다,"Mainly through illicit means, to dig up someone's personal information.",3,2,2,2,2,2,2,AUTO_CLASSIFIED,P3,KNU 한국어 일상 표현 사전 (Naver 오픈사전),"dictionary-style only, no nuance/example yet; korean accuracy not yet human-verified (separate axis from content strategy fit)"
jirong-01,,-지롱,ko,idiom,-지롱,P1,"MEANING (inferred from content structure, not real search data)",,,-지롱,A playful ending used when teasing someone.,3,2,2,2,2,2,2,AUTO_CLASSIFIED,P3,KNU 한국어 일상 표현 사전 (Naver 오픈사전),"dictionary-style only, no nuance/example yet; korean accuracy not yet human-verified (separate axis from content strategy fit)"
soneteureoganda-01,,손에 들어가다,ko,idiom,손에 들어가다,P1,"MEANING (inferred from content structure, not real search data)",,,손에 들어가다,To secure/obtain a document or material.,3,2,2,2,2,2,2,AUTO_CLASSIFIED,P3,KNU 한국어 일상 표현 사전 (Naver 오픈사전),"dictionary-style only, no nuance/example yet; korean accuracy not yet human-verified (separate axis from content strategy fit)"
ibeonsaengeunmanghada-01,,이번 생은 망하다,ko,idiom,이번 생은 망하다,P1,"MEANING (inferred from content structure, not real search data)",,,이번 생은 망하다,A self-deprecating way of saying one's current life is a lost cause.,3,2,2,2,2,2,2,AUTO_CLASSIFIED,P3,KNU 한국어 일상 표현 사전 (Naver 오픈사전),"dictionary-style only, no nuance/example yet; korean accuracy not yet human-verified (separate axis from content strategy fit)"
yeoyuganeomchida-01,,여유(가) 넘치다,ko,idiom,여유(가) 넘치다,P1,"MEANING (inferred from content structure, not real search data)",,,여유(가) 넘치다,To be extremely relaxed and at ease.,3,2,2,2,2,2,2,AUTO_CLASSIFIED,P3,KNU 한국어 일상 표현 사전 (Naver 오픈사전),"dictionary-style only, no nuance/example yet; korean accuracy not yet human-verified (separate axis from content strategy fit)"
ankiuda-01,,안 키우다,ko,idiom,안 키우다,P1,"MEANING (inferred from content structure, not real search data)",,,안 키우다,"Figuratively, for someone not to own/keep a particular thing.",3,2,2,2,2,2,2,AUTO_CLASSIFIED,P3,KNU 한국어 일상 표현 사전 (Naver 오픈사전),"dictionary-style only, no nuance/example yet; korean accuracy not yet human-verified (separate axis from content strategy fit)"
mudeomkkajigajyeogada-01,,무덤까지 가져가다,ko,idiom,무덤까지 가져가다,P1,"MEANING (inferred from content structure, not real search data)",,,무덤까지 가져가다,"To keep a secret thoroughly, to the grave.",3,2,2,2,2,2,2,AUTO_CLASSIFIED,P3,KNU 한국어 일상 표현 사전 (Naver 오픈사전),"dictionary-style only, no nuance/example yet; korean accuracy not yet human-verified (separate axis from content strategy fit)"
giganyakhada-01,,기(가) 약하다,ko,idiom,기(가) 약하다,P1,"MEANING (inferred from content structure, not real search data)",,,기(가) 약하다,To seem easy to push around or handle.,3,2,2,2,2,2,2,AUTO_CLASSIFIED,P3,KNU 한국어 일상 표현 사전 (Naver 오픈사전),"dictionary-style only, no nuance/example yet; korean accuracy not yet human-verified (separate axis from content strategy fit)"
jalmeokgojalsalda-01,,잘 먹고 잘 살다,ko,idiom,잘 먹고 잘 살다,P1,"MEANING (inferred from content structure, not real search data)",,,잘 먹고 잘 살다,To live without any particular hardship.,3,2,2,2,2,2,2,AUTO_CLASSIFIED,P3,KNU 한국어 일상 표현 사전 (Naver 오픈사전),"dictionary-style only, no nuance/example yet; korean accuracy not yet human-verified (separate axis from content strategy fit)"
utgomalda-01,,웃고 말다,ko,idiom,웃고 말다,P1,"MEANING (inferred from content structure, not real search data)",,,웃고 말다,"To just laugh something off rather than confronting it, implying it's not worth a response.",3,2,2,2,2,2,2,AUTO_CLASSIFIED,P3,KNU 한국어 일상 표현 사전 (Naver 오픈사전),"dictionary-style only, no nuance/example yet; korean accuracy not yet human-verified (separate axis from content strategy fit)"
banjondae-01,,반존대,ko,idiom,반존대,P1,"MEANING (inferred from content structure, not real search data)",,,반존대,Speech that mixes casual and polite (formal) forms.,3,2,2,2,2,2,2,AUTO_CLASSIFIED,P3,KNU 한국어 일상 표현 사전 (Naver 오픈사전),"dictionary-style only, no nuance/example yet; korean accuracy not yet human-verified (separate axis from content strategy fit)"
meonjitteolisik-01,,먼지떨이식,ko,idiom,먼지떨이식,P1,"MEANING (inferred from content structure, not real search data)",,,먼지떨이식,"Sweeping up absolutely everything, even the smallest bits, without missing anything — ""duster-style.""",3,2,2,2,2,2,2,AUTO_CLASSIFIED,P3,KNU 한국어 일상 표현 사전 (Naver 오픈사전),"dictionary-style only, no nuance/example yet; korean accuracy not yet human-verified (separate axis from content strategy fit)"
daegireultada-01,,대기(를) 타다,ko,idiom,대기(를) 타다,P1,"MEANING (inferred from content structure, not real search data)",,,대기(를) 타다,To wait around for one's turn or opportunity.,3,2,2,2,2,2,2,AUTO_CLASSIFIED,P3,KNU 한국어 일상 표현 사전 (Naver 오픈사전),"dictionary-style only, no nuance/example yet; korean accuracy not yet human-verified (separate axis from content strategy fit)"
mudeomkkajigatgoga-01,,무덤까지 갖고 가다,ko,idiom,무덤까지 갖고 가다,P1,"MEANING (inferred from content structure, not real search data)",,,무덤까지 갖고 가다,To keep a secret to the grave.,3,2,2,2,2,2,2,AUTO_CLASSIFIED,P3,KNU 한국어 일상 표현 사전 (Naver 오픈사전),"dictionary-style only, no nuance/example yet; korean accuracy not yet human-verified (separate axis from content strategy fit)"
nuneulmotteda-01,,눈을 못 떼다,ko,idiom,눈을 못 떼다,P1,"MEANING (inferred from content structure, not real search data)",,,눈을 못 떼다,To be unable to stop watching something/someone.,3,2,2,2,2,2,2,AUTO_CLASSIFIED,P3,KNU 한국어 일상 표현 사전 (Naver 오픈사전),"dictionary-style only, no nuance/example yet; korean accuracy not yet human-verified (separate axis from content strategy fit)"
nungirigada-01,,눈길(이) 가다,ko,idiom,눈길(이) 가다,P1,"MEANING (inferred from content structure, not real search data)",,,눈길(이) 가다,For one's gaze to be repeatedly drawn to something.,3,2,2,2,2,2,2,AUTO_CLASSIFIED,P3,KNU 한국어 일상 표현 사전 (Naver 오픈사전),"dictionary-style only, no nuance/example yet; korean accuracy not yet human-verified (separate axis from content strategy fit)"
jeiuigohyang-01,,제이의 고향,ko,idiom,제이의 고향,P1,"MEANING (inferred from content structure, not real search data)",,,제이의 고향,"A ""second hometown"" — a place one wasn't born in but has spent so long in it feels like home. (Likely OCR of ""제2의 고향."")",3,2,2,2,2,2,2,AUTO_CLASSIFIED,P3,KNU 한국어 일상 표현 사전 (Naver 오픈사전),"dictionary-style only, no nuance/example yet; korean accuracy not yet human-verified (separate axis from content strategy fit)"
nihoganghada-01,,N(이) 호강하다,ko,idiom,N(이) 호강하다,P1,"MEANING (inferred from content structure, not real search data)",,,N(이) 호강하다,Used when N benefits greatly from being connected to some other related good thing.,3,2,2,2,2,2,2,AUTO_CLASSIFIED,P3,KNU 한국어 일상 표현 사전 (Naver 오픈사전),"dictionary-style only, no nuance/example yet; korean accuracy not yet human-verified (separate axis from content strategy fit)"
ibeurodeureoganeunjikorodeureoganeunjimoreuda-01,,입으로 들어가는지 코로 들어가는지 모르다,ko,idiom,입으로 들어가는지 코로 들어가는지 모르다,P1,"MEANING (inferred from content structure, not real search data)",,,입으로 들어가는지 코로 들어가는지 모르다,To eat so hastily one barely registers eating at all.,3,2,2,2,2,2,2,AUTO_CLASSIFIED,P3,KNU 한국어 일상 표현 사전 (Naver 오픈사전),"dictionary-style only, no nuance/example yet; korean accuracy not yet human-verified (separate axis from content strategy fit)"
ibiteojida2-01,,입(이) 터지다²,ko,idiom,입(이) 터지다²,P1,"MEANING (inferred from content structure, not real search data)",,,입(이) 터지다²,For talking or chatter to spill out easily and endlessly.,3,2,2,2,2,2,2,AUTO_CLASSIFIED,P3,KNU 한국어 일상 표현 사전 (Naver 오픈사전),"dictionary-style only, no nuance/example yet; korean accuracy not yet human-verified (separate axis from content strategy fit)"
kkulbareunsori-01,,꿀 바른 소리,ko,idiom,꿀 바른 소리,P1,"MEANING (inferred from content structure, not real search data)",,,꿀 바른 소리,Sweet-sounding words that are pleasant to hear (often insincerely so).,3,2,2,2,2,2,2,AUTO_CLASSIFIED,P3,KNU 한국어 일상 표현 사전 (Naver 오픈사전),"dictionary-style only, no nuance/example yet; korean accuracy not yet human-verified (separate axis from content strategy fit)"
itneunnomideohada-01,,있는 놈이 더 하다,ko,idiom,있는 놈이 더 하다,P1,"MEANING (inferred from content structure, not real search data)",,,있는 놈이 더 하다,A criticism that someone who's already wealthy is even stingier/greedier than expected.,3,2,2,2,2,2,2,AUTO_CLASSIFIED,P3,KNU 한국어 일상 표현 사전 (Naver 오픈사전),"dictionary-style only, no nuance/example yet; korean accuracy not yet human-verified (separate axis from content strategy fit)"
veulkkaboda-01,,V-(으)ㄹ까 보다,ko,idiom,V-(으)ㄹ까 보다,P1,"MEANING (inferred from content structure, not real search data)",,,V-(으)ㄹ까 보다,"Considering doing something, even though it's not a firm decision.",3,2,2,2,2,2,2,AUTO_CLASSIFIED,P3,KNU 한국어 일상 표현 사전 (Naver 오픈사전),"dictionary-style only, no nuance/example yet; korean accuracy not yet human-verified (separate axis from content strategy fit)"
garamaseodosiwonchanta-01,,갈아 마셔도 시원찮다,ko,idiom,갈아 마셔도 시원찮다,P1,"MEANING (inferred from content structure, not real search data)",,,갈아 마셔도 시원찮다,Expresses fury so intense that even grinding someone up wouldn't be satisfying enough.,3,2,2,2,2,2,2,AUTO_CLASSIFIED,P3,KNU 한국어 일상 표현 사전 (Naver 오픈사전),"dictionary-style only, no nuance/example yet; korean accuracy not yet human-verified (separate axis from content strategy fit)"
njombakwojusipsio-01,,N 좀 바꿔 주십시오,ko,idiom,N 좀 바꿔 주십시오,P1,"MEANING (inferred from content structure, not real search data)",,,N 좀 바꿔 주십시오,Used (usually on the phone) to ask to be switched over to speak with someone else.,3,2,2,2,2,2,2,AUTO_CLASSIFIED,P3,KNU 한국어 일상 표현 사전 (Naver 오픈사전),"dictionary-style only, no nuance/example yet; korean accuracy not yet human-verified (separate axis from content strategy fit)"
yeoronisugureojida-01,,여론(이) 수그러지다,ko,idiom,여론(이) 수그러지다,P1,"MEANING (inferred from content structure, not real search data)",,,여론(이) 수그러지다,For public interest or opinion on something to die down.,3,2,2,2,2,2,2,AUTO_CLASSIFIED,P3,KNU 한국어 일상 표현 사전 (Naver 오픈사전),"dictionary-style only, no nuance/example yet; korean accuracy not yet human-verified (separate axis from content strategy fit)"
dajugeoiganda-01,,다 죽어 가다,ko,idiom,다 죽어 가다,P1,"MEANING (inferred from content structure, not real search data)",,,다 죽어 가다,For energy or vitality to be almost completely gone.,3,2,2,2,2,2,2,AUTO_CLASSIFIED,P3,KNU 한국어 일상 표현 사전 (Naver 오픈사전),"dictionary-style only, no nuance/example yet; korean accuracy not yet human-verified (separate axis from content strategy fit)"
ganeulgogilda-01,,가늘고 길다,ko,idiom,가늘고 길다,P1,"MEANING (inferred from content structure, not real search data)",,,가늘고 길다,"Figuratively, living a modest, unremarkable but stable and long-lasting life.",3,2,2,2,2,2,2,AUTO_CLASSIFIED,P3,KNU 한국어 일상 표현 사전 (Naver 오픈사전),"dictionary-style only, no nuance/example yet; korean accuracy not yet human-verified (separate axis from content strategy fit)"
babeulmeokgonuumyeonsogadoenda-01,,밥(을) 먹고 누우면 소(가) 된다,ko,idiom,밥(을) 먹고 누우면 소(가) 된다,P1,"MEANING (inferred from content structure, not real search data)",,,밥(을) 먹고 누우면 소(가) 된다,A saying warning against lying down right after eating.,3,2,2,2,2,2,2,AUTO_CLASSIFIED,P3,KNU 한국어 일상 표현 사전 (Naver 오픈사전),"dictionary-style only, no nuance/example yet; korean accuracy not yet human-verified (separate axis from content strategy fit)"
byeolnamul-01,,별나물,ko,idiom,별나물,P1,"MEANING (inferred from content structure, not real search data)",,,별나물,"A long, thin herb that grows on tidal rocks by the sea, gathered and eaten as a seasoned side dish.",3,2,2,2,2,2,2,AUTO_CLASSIFIED,P3,KNU 한국어 일상 표현 사전 (Naver 오픈사전),"dictionary-style only, no nuance/example yet; korean accuracy not yet human-verified (separate axis from content strategy fit)"
hwajangijalmeokda-01,,화장(이) 잘 먹다,ko,idiom,화장(이) 잘 먹다,P1,"MEANING (inferred from content structure, not real search data)",,,화장(이) 잘 먹다,For makeup to go on and sit well on the skin.,3,2,2,2,2,2,2,AUTO_CLASSIFIED,P3,KNU 한국어 일상 표현 사전 (Naver 오픈사전),"dictionary-style only, no nuance/example yet; korean accuracy not yet human-verified (separate axis from content strategy fit)"
chamjachamjahanikkachamgireumeuroboda-01,,참자 참자 하니까 참기름으로 보다,ko,idiom,참자 참자 하니까 참기름으로 보다,P1,"MEANING (inferred from content structure, not real search data)",,,참자 참자 하니까 참기름으로 보다,Warns that continually tolerating something only leads to being taken advantage of even more.,3,2,2,2,2,2,2,AUTO_CLASSIFIED,P3,KNU 한국어 일상 표현 사전 (Naver 오픈사전),"dictionary-style only, no nuance/example yet; korean accuracy not yet human-verified (separate axis from content strategy fit)"
mwogadoena-01,,뭐가 되나,ko,idiom,뭐가 되나,P1,"MEANING (inferred from content structure, not real search data)",,,뭐가 되나,Wondering how much trouble/danger a person in a difficult situation is really in.,3,2,2,2,2,2,2,AUTO_CLASSIFIED,P3,KNU 한국어 일상 표현 사전 (Naver 오픈사전),"dictionary-style only, no nuance/example yet; korean accuracy not yet human-verified (separate axis from content strategy fit)"
gungjiebbajida-01,,궁지에 빠지다,ko,idiom,궁지에 빠지다,P1,"MEANING (inferred from content structure, not real search data)",,,궁지에 빠지다,To find oneself in a genuinely difficult predicament.,3,2,2,2,2,2,2,AUTO_CLASSIFIED,P3,KNU 한국어 일상 표현 사전 (Naver 오픈사전),"dictionary-style only, no nuance/example yet; korean accuracy not yet human-verified (separate axis from content strategy fit)"
eolgulisseokda-01,,얼굴(이) 썩다,ko,idiom,얼굴(이) 썩다,P1,"MEANING (inferred from content structure, not real search data)",,,얼굴(이) 썩다,For one's expression to darken from a bad mood.,3,2,2,2,2,2,2,AUTO_CLASSIFIED,P3,KNU 한국어 일상 표현 사전 (Naver 오픈사전),"dictionary-style only, no nuance/example yet; korean accuracy not yet human-verified (separate axis from content strategy fit)"
donnnaga-01,,돈(이) 나가다,ko,idiom,돈(이) 나가다,P1,"MEANING (inferred from content structure, not real search data)",,,돈(이) 나가다,For money to be spent/go out.,3,2,2,2,2,2,2,AUTO_CLASSIFIED,P3,KNU 한국어 일상 표현 사전 (Naver 오픈사전),"dictionary-style only, no nuance/example yet; korean accuracy not yet human-verified (separate axis from content strategy fit)"
himeuljuda-01,,힘(을) 주다,ko,idiom,힘(을) 주다,P1,"MEANING (inferred from content structure, not real search data)",,,힘(을) 주다,To pay especially careful attention to something.,3,2,2,2,2,2,2,AUTO_CLASSIFIED,P3,KNU 한국어 일상 표현 사전 (Naver 오픈사전),"dictionary-style only, no nuance/example yet; korean accuracy not yet human-verified (separate axis from content strategy fit)"
keunbul-01,,큰불,ko,idiom,큰불,P1,"MEANING (inferred from content structure, not real search data)",,,큰불,An important task/matter that urgently needs to be resolved.,3,2,2,2,2,2,2,AUTO_CLASSIFIED,P3,KNU 한국어 일상 표현 사전 (Naver 오픈사전),"dictionary-style only, no nuance/example yet; korean accuracy not yet human-verified (separate axis from content strategy fit)"
pyeoneulgareuda-01,,편(을) 가르다,ko,idiom,편(을) 가르다,P1,"MEANING (inferred from content structure, not real search data)",,,편(을) 가르다,To divide people into sides based on relationships or factions.,3,2,2,2,2,2,2,AUTO_CLASSIFIED,P3,KNU 한국어 일상 표현 사전 (Naver 오픈사전),"dictionary-style only, no nuance/example yet; korean accuracy not yet human-verified (separate axis from content strategy fit)"
geunbonineomchida-01,,근본(이) 넘치다,ko,idiom,근본(이) 넘치다,P1,"MEANING (inferred from content structure, not real search data)",,,근본(이) 넘치다,"To have deep history and roots, overflowing with fundamentals.",3,2,2,2,2,2,2,AUTO_CLASSIFIED,P3,KNU 한국어 일상 표현 사전 (Naver 오픈사전),"dictionary-style only, no nuance/example yet; korean accuracy not yet human-verified (separate axis from content strategy fit)"
moksoritteunsaramiiginda-01,,목소리 큰 사람이 이긴다,ko,idiom,목소리 큰 사람이 이긴다,P1,"MEANING (inferred from content structure, not real search data)",,,목소리 큰 사람이 이긴다,"""Whoever's loudest wins"" — describing arguments settled by volume rather than logic.",3,2,2,2,2,2,2,AUTO_CLASSIFIED,P3,KNU 한국어 일상 표현 사전 (Naver 오픈사전),"dictionary-style only, no nuance/example yet; korean accuracy not yet human-verified (separate axis from content strategy fit)"
dangujangpyosi-01,,당구장 표시,ko,idiom,당구장 표시,P1,"MEANING (inferred from content structure, not real search data)",,,당구장 표시,"The ※ symbol, used to mark something as a reference or important note.",3,2,2,2,2,2,2,AUTO_CLASSIFIED,P3,KNU 한국어 일상 표현 사전 (Naver 오픈사전),"dictionary-style only, no nuance/example yet; korean accuracy not yet human-verified (separate axis from content strategy fit)"
kkalgogada-01,,깔고 가다,ko,idiom,깔고 가다,P1,"MEANING (inferred from content structure, not real search data)",,,깔고 가다,"Figuratively, to treat something as a basic given/foundation for doing a task.",3,2,2,2,2,2,2,AUTO_CLASSIFIED,P3,KNU 한국어 일상 표현 사전 (Naver 오픈사전),"dictionary-style only, no nuance/example yet; korean accuracy not yet human-verified (separate axis from content strategy fit)"
nunteugoppaeatgida-01,,눈 뜨고 뻿기다,ko,idiom,눈 뜨고 뻿기다,P1,"MEANING (inferred from content structure, not real search data)",,,눈 뜨고 뻿기다,"To lose something one had, unable to hold onto it despite being fully aware.",3,2,2,2,2,2,2,AUTO_CLASSIFIED,P3,KNU 한국어 일상 표현 사전 (Naver 오픈사전),"dictionary-style only, no nuance/example yet; korean accuracy not yet human-verified (separate axis from content strategy fit)"
useumbeoteun-01,,웃음 버튼,ko,idiom,웃음 버튼,P1,"MEANING (inferred from content structure, not real search data)",,,웃음 버튼,"Figuratively, an element (or content containing it) that keeps making you laugh.",3,2,2,2,2,2,2,AUTO_CLASSIFIED,P3,KNU 한국어 일상 표현 사전 (Naver 오픈사전),"dictionary-style only, no nuance/example yet; korean accuracy not yet human-verified (separate axis from content strategy fit)"
daegeulkkeunta-01,,댁(을) 끊다,ko,idiom,댁(을) 끊다,P1,"MEANING (inferred from content structure, not real search data)",,,댁(을) 끊다,To stop a flow/pattern.,3,2,2,2,2,2,2,AUTO_CLASSIFIED,P3,KNU 한국어 일상 표현 사전 (Naver 오픈사전),"dictionary-style only, no nuance/example yet; korean accuracy not yet human-verified (separate axis from content strategy fit)"
ppeoreulbatda-01,,뻘(을) 받다,ko,idiom,뻘(을) 받다,P1,"MEANING (inferred from content structure, not real search data)",,,뻘(을) 받다,To feel a strong urge to do something.,3,2,2,2,2,2,2,AUTO_CLASSIFIED,P3,KNU 한국어 일상 표현 사전 (Naver 오픈사전),"dictionary-style only, no nuance/example yet; korean accuracy not yet human-verified (separate axis from content strategy fit)"
gyeorimatda-01,,결(이) 맞다,ko,idiom,결(이) 맞다,P1,"MEANING (inferred from content structure, not real search data)",,,결(이) 맞다,For two things' tendencies or characteristics to be similar or match well.,3,2,2,2,2,2,2,AUTO_CLASSIFIED,P3,KNU 한국어 일상 표현 사전 (Naver 오픈사전),"dictionary-style only, no nuance/example yet; korean accuracy not yet human-verified (separate axis from content strategy fit)"
jaemireuldeurida-01,,재미(를) 들이다,ko,idiom,재미(를) 들이다,P1,"MEANING (inferred from content structure, not real search data)",,,재미(를) 들이다,To develop an interest in or fondness for doing something.,3,2,2,2,2,2,2,AUTO_CLASSIFIED,P3,KNU 한국어 일상 표현 사전 (Naver 오픈사전),"dictionary-style only, no nuance/example yet; korean accuracy not yet human-verified (separate axis from content strategy fit)"
geokjeongeuldeolda-01,,걱정(을) 덜다,ko,idiom,걱정(을) 덜다,P1,"MEANING (inferred from content structure, not real search data)",,,걱정(을) 덜다,"To ease/reduce a worry, quietened by preparing for or looking after it.",3,2,2,2,2,2,2,AUTO_CLASSIFIED,P3,KNU 한국어 일상 표현 사전 (Naver 오픈사전),"dictionary-style only, no nuance/example yet; korean accuracy not yet human-verified (separate axis from content strategy fit)"
gudeunsaribakhida-01,,굳은살(이) 박히다,ko,idiom,굳은살(이) 박히다,P1,"MEANING (inferred from content structure, not real search data)",,,굳은살(이) 박히다,"For calluses to form from repeated friction, becoming thick and hardened.",3,2,2,2,2,2,2,AUTO_CLASSIFIED,P3,KNU 한국어 일상 표현 사전 (Naver 오픈사전),"dictionary-style only, no nuance/example yet; korean accuracy not yet human-verified (separate axis from content strategy fit)"
geureusijakda-01,,그릇(이) 작다,ko,idiom,그릇(이) 작다,P1,"MEANING (inferred from content structure, not real search data)",,,그릇(이) 작다,To lack the capacity or generosity to handle a big responsibility.,3,2,2,2,2,2,2,AUTO_CLASSIFIED,P3,KNU 한국어 일상 표현 사전 (Naver 오픈사전),"dictionary-style only, no nuance/example yet; korean accuracy not yet human-verified (separate axis from content strategy fit)"
dwitmogeuljapda-01,,뒷목(을) 잡다,ko,idiom,뒷목(을) 잡다,P1,"MEANING (inferred from content structure, not real search data)",,,뒷목(을) 잡다,To be so shocked/angered that you clutch the back of your neck.,3,2,2,2,2,2,2,AUTO_CLASSIFIED,P3,KNU 한국어 일상 표현 사전 (Naver 오픈사전),"dictionary-style only, no nuance/example yet; korean accuracy not yet human-verified (separate axis from content strategy fit)"
gungjiemollida-01,,궁지에 몰리다,ko,idiom,궁지에 몰리다,P1,"MEANING (inferred from content structure, not real search data)",,,궁지에 몰리다,"To be driven into a corner, facing a very difficult, hard-to-escape situation.",3,2,2,2,2,2,2,AUTO_CLASSIFIED,P3,KNU 한국어 일상 표현 사전 (Naver 오픈사전),"dictionary-style only, no nuance/example yet; korean accuracy not yet human-verified (separate axis from content strategy fit)"
eolgulibanbanhada-01,,얼굴(이) 반반하다,ko,idiom,얼굴(이) 반반하다,P1,"MEANING (inferred from content structure, not real search data)",,,얼굴(이) 반반하다,To have a decently attractive face.,3,2,2,2,2,2,2,AUTO_CLASSIFIED,P3,KNU 한국어 일상 표현 사전 (Naver 오픈사전),"dictionary-style only, no nuance/example yet; korean accuracy not yet human-verified (separate axis from content strategy fit)"
kkaesogeumida-01,,깨소금이다,ko,idiom,깨소금이다,P1,"MEANING (inferred from content structure, not real search data)",,,깨소금이다,"Said with satisfaction when a disliked person's plans fail — ""sesame-oil sweet.""",3,2,2,2,2,2,2,AUTO_CLASSIFIED,P3,KNU 한국어 일상 표현 사전 (Naver 오픈사전),"dictionary-style only, no nuance/example yet; korean accuracy not yet human-verified (separate axis from content strategy fit)"
maeumeuljeopda-01,,마음(을) 접다,ko,idiom,마음(을) 접다,P1,"MEANING (inferred from content structure, not real search data)",,,마음(을) 접다,To stop harboring an interest or intention toward something.,3,2,2,2,2,2,2,AUTO_CLASSIFIED,P3,KNU 한국어 일상 표현 사전 (Naver 오픈사전),"dictionary-style only, no nuance/example yet; korean accuracy not yet human-verified (separate axis from content strategy fit)"
motbaeuntigananda-01,,못 배운 티가 나다,ko,idiom,못 배운 티가 나다,P1,"MEANING (inferred from content structure, not real search data)",,,못 배운 티가 나다,For a lack of education/manners to show clearly in someone's behavior.,3,2,2,2,2,2,2,AUTO_CLASSIFIED,P3,KNU 한국어 일상 표현 사전 (Naver 오픈사전),"dictionary-style only, no nuance/example yet; korean accuracy not yet human-verified (separate axis from content strategy fit)"
yeonghonuidanjjak-01,,영혼의 단짝,ko,idiom,영혼의 단짝,P1,"MEANING (inferred from content structure, not real search data)",,,영혼의 단짝,"""Soulmate"" — two people who suit each other extremely well.",3,2,2,2,2,2,2,AUTO_CLASSIFIED,P3,KNU 한국어 일상 표현 사전 (Naver 오픈사전),"dictionary-style only, no nuance/example yet; korean accuracy not yet human-verified (separate axis from content strategy fit)"
naemari-01,,내 말이,ko,idiom,내 말이,P1,"MEANING (inferred from content structure, not real search data)",,,내 말이,"""That's what I'm saying"" — strong agreement with what someone just said.",3,2,2,2,2,2,2,AUTO_CLASSIFIED,P3,KNU 한국어 일상 표현 사전 (Naver 오픈사전),"dictionary-style only, no nuance/example yet; korean accuracy not yet human-verified (separate axis from content strategy fit)"
miunjeongimuseopda-01,,미운 정이 무섭다,ko,idiom,미운 정이 무섭다,P1,"MEANING (inferred from content structure, not real search data)",,,미운 정이 무섭다,The affection built up even through fighting can bind people deeper than expected.,3,2,2,2,2,2,2,AUTO_CLASSIFIED,P3,KNU 한국어 일상 표현 사전 (Naver 오픈사전),"dictionary-style only, no nuance/example yet; korean accuracy not yet human-verified (separate axis from content strategy fit)"
gimchigugeulmasida-01,,김칫국(을) 마시다,ko,idiom,김칫국(을) 마시다,P1,"MEANING (inferred from content structure, not real search data)",,,김칫국(을) 마시다,To assume/prepare for something as if it's already decided when it hasn't been at all.,3,2,2,2,2,2,2,AUTO_CLASSIFIED,P3,KNU 한국어 일상 표현 사전 (Naver 오픈사전),"dictionary-style only, no nuance/example yet; korean accuracy not yet human-verified (separate axis from content strategy fit)"
negoreulhada-01,,네고(를) 하다,ko,idiom,네고(를) 하다,P1,"MEANING (inferred from content structure, not real search data)",,,네고(를) 하다,To negotiate a price together.,3,2,2,2,2,2,2,AUTO_CLASSIFIED,P3,KNU 한국어 일상 표현 사전 (Naver 오픈사전),"dictionary-style only, no nuance/example yet; korean accuracy not yet human-verified (separate axis from content strategy fit)"
malmanbeonjjireohada-01,,말만 번지레하다,ko,idiom,말만 번지레하다,P1,"MEANING (inferred from content structure, not real search data)",,,말만 번지레하다,To only sound convincing in words while failing to follow through in behavior or results.,3,2,2,2,2,2,2,AUTO_CLASSIFIED,P3,KNU 한국어 일상 표현 사전 (Naver 오픈사전),"dictionary-style only, no nuance/example yet; korean accuracy not yet human-verified (separate axis from content strategy fit)"
nunchireulkkada-01,,눈치(를) 까다,ko,idiom,눈치(를) 까다,P1,"MEANING (inferred from content structure, not real search data)",,,눈치(를) 까다,To pick up on a situation or another's feelings on one's own.,3,2,2,2,2,2,2,AUTO_CLASSIFIED,P3,KNU 한국어 일상 표현 사전 (Naver 오픈사전),"dictionary-style only, no nuance/example yet; korean accuracy not yet human-verified (separate axis from content strategy fit)"
jasalsaengjonja-01,,자살 생존자,ko,idiom,자살 생존자,P1,"MEANING (inferred from content structure, not real search data)",,,자살 생존자,Someone left suffering from the aftereffects of a family member's or friend's suicide.,3,2,2,2,2,2,2,AUTO_CLASSIFIED,P3,KNU 한국어 일상 표현 사전 (Naver 오픈사전),"dictionary-style only, no nuance/example yet; korean accuracy not yet human-verified (separate axis from content strategy fit)"
sajjajigeop-01,,사짜 직업,ko,idiom,사짜 직업,P1,"MEANING (inferred from content structure, not real search data)",,,사짜 직업,"Occupations ending in ""-사"" that carry high social prestige, like doctor, lawyer, judge, or accountant.",3,2,2,2,2,2,2,AUTO_CLASSIFIED,P3,KNU 한국어 일상 표현 사전 (Naver 오픈사전),"dictionary-style only, no nuance/example yet; korean accuracy not yet human-verified (separate axis from content strategy fit)"
ireolsuga-01,,이럴 수가,ko,idiom,이럴 수가,P1,"MEANING (inferred from content structure, not real search data)",,,이럴 수가,"""How can this be"" — expressing shock or disbelief at something.",3,2,2,2,2,2,2,AUTO_CLASSIFIED,P3,KNU 한국어 일상 표현 사전 (Naver 오픈사전),"dictionary-style only, no nuance/example yet; korean accuracy not yet human-verified (separate axis from content strategy fit)"
keunmureseonolda-01,,큰물에서 놀다,ko,idiom,큰물에서 놀다,P1,"MEANING (inferred from content structure, not real search data)",,,큰물에서 놀다,"To operate in a bigger, higher-stakes arena than an ordinary one.",3,2,2,2,2,2,2,AUTO_CLASSIFIED,P3,KNU 한국어 일상 표현 사전 (Naver 오픈사전),"dictionary-style only, no nuance/example yet; korean accuracy not yet human-verified (separate axis from content strategy fit)"
ssangttabong-01,,쌍따봉,ko,idiom,쌍따봉,P1,"MEANING (inferred from content structure, not real search data)",,,쌍따봉,Giving a double thumbs-up when praising something enthusiastically.,3,2,2,2,2,2,2,AUTO_CLASSIFIED,P3,KNU 한국어 일상 표현 사전 (Naver 오픈사전),"dictionary-style only, no nuance/example yet; korean accuracy not yet human-verified (separate axis from content strategy fit)"
yangsimetteolinada-01,,양심에 털(이) 나다,ko,idiom,양심에 털(이) 나다,P1,"MEANING (inferred from content structure, not real search data)",,,양심에 털(이) 나다,To have lost the ability to feel guilt or shame.,3,2,2,2,2,2,2,AUTO_CLASSIFIED,P3,KNU 한국어 일상 표현 사전 (Naver 오픈사전),"dictionary-style only, no nuance/example yet; korean accuracy not yet human-verified (separate axis from content strategy fit)"
pandoreulbakkuda-01,,판도(를) 바꾸다,ko,idiom,판도(를) 바꾸다,P1,"MEANING (inferred from content structure, not real search data)",,,판도(를) 바꾸다,To completely change the existing structure or dynamic of a situation.,3,2,2,2,2,2,2,AUTO_CLASSIFIED,P3,KNU 한국어 일상 표현 사전 (Naver 오픈사전),"dictionary-style only, no nuance/example yet; korean accuracy not yet human-verified (separate axis from content strategy fit)"
isaranga-01,,이 사람아,ko,idiom,이 사람아,P1,"MEANING (inferred from content structure, not real search data)",,,이 사람아,An informal way of addressing someone (can be affectionate or scolding).,3,2,2,2,2,2,2,AUTO_CLASSIFIED,P3,KNU 한국어 일상 표현 사전 (Naver 오픈사전),"dictionary-style only, no nuance/example yet; korean accuracy not yet human-verified (separate axis from content strategy fit)"
momsareulgyeokda-01,,몸살(을) 겪다,ko,idiom,몸살(을) 겪다,P1,"MEANING (inferred from content structure, not real search data)",,,몸살(을) 겪다,For an individual or a group to suffer hardship or difficulty because of something.,3,2,2,2,2,2,2,AUTO_CLASSIFIED,P3,KNU 한국어 일상 표현 사전 (Naver 오픈사전),"dictionary-style only, no nuance/example yet; korean accuracy not yet human-verified (separate axis from content strategy fit)"
hanbaleuldamgeuda-01,,한발(을) 담그다,ko,idiom,한발(을) 담그다,P1,"MEANING (inferred from content structure, not real search data)",,,한발(을) 담그다,To carefully begin getting involved in something.,3,2,2,2,2,2,2,AUTO_CLASSIFIED,P3,KNU 한국어 일상 표현 사전 (Naver 오픈사전),"dictionary-style only, no nuance/example yet; korean accuracy not yet human-verified (separate axis from content strategy fit)"
daereulitda-01,,대(를) 잇다,ko,idiom,대(를) 잇다,P1,"MEANING (inferred from content structure, not real search data)",,,대(를) 잇다,To carry on a family line or tradition across generations.,3,2,2,2,2,2,2,AUTO_CLASSIFIED,P3,KNU 한국어 일상 표현 사전 (Naver 오픈사전),"dictionary-style only, no nuance/example yet; korean accuracy not yet human-verified (separate axis from content strategy fit)"
mokeulggotggotagesewuda-01,,목(을) 꼿꼿하게 세우다,ko,idiom,목(을) 꼿꼿하게 세우다,P1,"MEANING (inferred from content structure, not real search data)",,,목(을) 꼿꼿하게 세우다,"To hold oneself stiffly proud, unwilling to back down.",3,2,2,2,2,2,2,AUTO_CLASSIFIED,P3,KNU 한국어 일상 표현 사전 (Naver 오픈사전),"dictionary-style only, no nuance/example yet; korean accuracy not yet human-verified (separate axis from content strategy fit)"
hoksinahaeseo-01,,혹시나 해서,ko,idiom,혹시나 해서,P1,"MEANING (inferred from content structure, not real search data)",,,혹시나 해서,"""Just in case"" — done out of a small lingering doubt or hope.",3,2,2,2,2,2,2,AUTO_CLASSIFIED,P3,KNU 한국어 일상 표현 사전 (Naver 오픈사전),"dictionary-style only, no nuance/example yet; korean accuracy not yet human-verified (separate axis from content strategy fit)"
bangasoereuldangida-01,,방아쇠(를) 당기다,ko,idiom,방아쇠(를) 당기다,P1,"MEANING (inferred from content structure, not real search data)",,,방아쇠(를) 당기다,"Figuratively, to trigger an incident or action.",3,2,2,2,2,2,2,AUTO_CLASSIFIED,P3,KNU 한국어 일상 표현 사전 (Naver 오픈사전),"dictionary-style only, no nuance/example yet; korean accuracy not yet human-verified (separate axis from content strategy fit)"
koapedakchida-01,,코앞에 닥치다,ko,idiom,코앞에 닥치다,P1,"MEANING (inferred from content structure, not real search data)",,,코앞에 닥치다,"For something to be right around the corner, very close in time.",3,2,2,2,2,2,2,AUTO_CLASSIFIED,P3,KNU 한국어 일상 표현 사전 (Naver 오픈사전),"dictionary-style only, no nuance/example yet; korean accuracy not yet human-verified (separate axis from content strategy fit)"
jamsuibyeol-01,,잠수 이별,ko,idiom,잠수 이별,P1,"MEANING (inferred from content structure, not real search data)",,,잠수 이별,Ending a relationship by silently cutting off all contact instead of formally breaking up.,3,2,2,2,2,2,2,AUTO_CLASSIFIED,P3,KNU 한국어 일상 표현 사전 (Naver 오픈사전),"dictionary-style only, no nuance/example yet; korean accuracy not yet human-verified (separate axis from content strategy fit)"
himipullida-01,,힘(이) 풀리다,ko,idiom,힘(이) 풀리다,P1,"MEANING (inferred from content structure, not real search data)",,,힘(이) 풀리다,To become so drained of tension or excitement that your body goes limp.,3,2,2,2,2,2,2,AUTO_CLASSIFIED,P3,KNU 한국어 일상 표현 사전 (Naver 오픈사전),"dictionary-style only, no nuance/example yet; korean accuracy not yet human-verified (separate axis from content strategy fit)"
imoyangigol-01,,이 모양 이 꼴,ko,idiom,이 모양 이 꼴,P1,"MEANING (inferred from content structure, not real search data)",,,이 모양 이 꼴,"Emphasizing dissatisfaction at a bad situation or attitude — ""this state, this mess.""",3,2,2,2,2,2,2,AUTO_CLASSIFIED,P3,KNU 한국어 일상 표현 사전 (Naver 오픈사전),"dictionary-style only, no nuance/example yet; korean accuracy not yet human-verified (separate axis from content strategy fit)"
maeumeuldollida-02,,마음(을) 돌리다,ko,idiom,마음(을) 돌리다,P1,"MEANING (inferred from content structure, not real search data)",,,마음(을) 돌리다,To change one's mind from what was originally thought.,3,2,2,2,2,2,2,AUTO_CLASSIFIED,P3,KNU 한국어 일상 표현 사전 (Naver 오픈사전),"dictionary-style only, no nuance/example yet; korean accuracy not yet human-verified (separate axis from content strategy fit)"
sonmogajireulgeolda-01,,손모가지(를) 걸다,ko,idiom,손모가지(를) 걸다,P1,"MEANING (inferred from content structure, not real search data)",,,손모가지(를) 걸다,"To stake something valuable (informally, ""your wrist"") on being confident about a claim.",3,2,2,2,2,2,2,AUTO_CLASSIFIED,P3,KNU 한국어 일상 표현 사전 (Naver 오픈사전),"dictionary-style only, no nuance/example yet; korean accuracy not yet human-verified (separate axis from content strategy fit)"
gwedoreulgatihada-01,,궤도를 같이하다,ko,idiom,궤도를 같이하다,P1,"MEANING (inferred from content structure, not real search data)",,,궤도를 같이하다,For something to proceed in the same direction/track as something else.,3,2,2,2,2,2,2,AUTO_CLASSIFIED,P3,KNU 한국어 일상 표현 사전 (Naver 오픈사전),"dictionary-style only, no nuance/example yet; korean accuracy not yet human-verified (separate axis from content strategy fit)"
sonimojarada-01,,손(이) 모자라다,ko,idiom,손(이) 모자라다,P1,"MEANING (inferred from content structure, not real search data)",,,손(이) 모자라다,To lack enough hands/people to get the work done.,3,2,2,2,2,2,2,AUTO_CLASSIFIED,P3,KNU 한국어 일상 표현 사전 (Naver 오픈사전),"dictionary-style only, no nuance/example yet; korean accuracy not yet human-verified (separate axis from content strategy fit)"
gaettongeulkkeunta-01,,개가 똥을 끊다,ko,idiom,개가 똥을 끊다,P1,"MEANING (inferred from content structure, not real search data)",,,개가 똥을 끊다,"Sarcastically implying it's impossible for someone to stop a bad habit — ""as likely as a dog giving up feces.""",3,2,2,2,2,2,2,AUTO_CLASSIFIED,P3,KNU 한국어 일상 표현 사전 (Naver 오픈사전),"dictionary-style only, no nuance/example yet; korean accuracy not yet human-verified (separate axis from content strategy fit)"
myeoneulsewuda-01,,면(을) 세우다,ko,idiom,면(을) 세우다,P1,"MEANING (inferred from content structure, not real search data)",,,면(을) 세우다,"To maintain dignity/reputation in front of others, without embarrassment.",3,2,2,2,2,2,2,AUTO_CLASSIFIED,P3,KNU 한국어 일상 표현 사전 (Naver 오픈사전),"dictionary-style only, no nuance/example yet; korean accuracy not yet human-verified (separate axis from content strategy fit)"
sareoleumpanwireulgeotda-01,,살얼음판 위를 걷다,ko,idiom,살얼음판 위를 걷다,P1,"MEANING (inferred from content structure, not real search data)",,,살얼음판 위를 걷다,"Figuratively, to do something precarious and anxiety-inducing.",3,2,2,2,2,2,2,AUTO_CLASSIFIED,P3,KNU 한국어 일상 표현 사전 (Naver 오픈사전),"dictionary-style only, no nuance/example yet; korean accuracy not yet human-verified (separate axis from content strategy fit)"
nuneulbeorida-01,,눈(을) 버리다,ko,idiom,눈(을) 버리다,P1,"MEANING (inferred from content structure, not real search data)",,,눈(을) 버리다,To have one's taste ruined by seeing/experiencing something unpleasant.,3,2,2,2,2,2,2,AUTO_CLASSIFIED,P3,KNU 한국어 일상 표현 사전 (Naver 오픈사전),"dictionary-style only, no nuance/example yet; korean accuracy not yet human-verified (separate axis from content strategy fit)"
kkaereulbokda-01,,깨(를) 볶다,ko,idiom,깨(를) 볶다,P1,"MEANING (inferred from content structure, not real search data)",,,깨(를) 볶다,"To spend cozy, affectionate time together, like a couple.",3,2,2,2,2,2,2,AUTO_CLASSIFIED,P3,KNU 한국어 일상 표현 사전 (Naver 오픈사전),"dictionary-style only, no nuance/example yet; korean accuracy not yet human-verified (separate axis from content strategy fit)"
sugohaesseumnida-02,,수고했습니다,ko,idiom,수고했습니다,P1,"MEANING (inferred from content structure, not real search data)",,,수고했습니다,A polite greeting thanking someone for their effort when a task is finished.,3,2,2,2,2,2,2,AUTO_CLASSIFIED,P3,KNU 한국어 일상 표현 사전 (Naver 오픈사전),"dictionary-style only, no nuance/example yet; korean accuracy not yet human-verified (separate axis from content strategy fit)"
hogugajapida-01,,호구(가) 잡히다,ko,idiom,호구(가) 잡히다,P1,"MEANING (inferred from content structure, not real search data)",,,호구(가) 잡히다,"To be taken advantage of, easily deceived by others.",3,2,2,2,2,2,2,AUTO_CLASSIFIED,P3,KNU 한국어 일상 표현 사전 (Naver 오픈사전),"dictionary-style only, no nuance/example yet; korean accuracy not yet human-verified (separate axis from content strategy fit)"
kal-jeopdusa-01,,칼-,ko,idiom,칼-,P1,"MEANING (inferred from content structure, not real search data)",,,칼-,"A prefix attached to certain time nouns to mean ""precisely/exactly"" or ""promptly.""",3,2,2,2,2,2,2,AUTO_CLASSIFIED,P3,KNU 한국어 일상 표현 사전 (Naver 오픈사전),"dictionary-style only, no nuance/example yet; korean accuracy not yet human-verified (separate axis from content strategy fit)"
jeolhouichanseu-01,,절호의 찬스,ko,idiom,절호의 찬스,P1,"MEANING (inferred from content structure, not real search data)",,,절호의 찬스,"A perfect, once-in-a-while golden opportunity.",3,2,2,2,2,2,2,AUTO_CLASSIFIED,P3,KNU 한국어 일상 표현 사전 (Naver 오픈사전),"dictionary-style only, no nuance/example yet; korean accuracy not yet human-verified (separate axis from content strategy fit)"
nkkaenaullida-01,,N깨나 울리다,ko,idiom,N깨나 울리다,P1,"MEANING (inferred from content structure, not real search data)",,,N깨나 울리다,"Figuratively, to have made quite a few members of the opposite sex cry (through romantic experience).",3,2,2,2,2,2,2,AUTO_CLASSIFIED,P3,KNU 한국어 일상 표현 사전 (Naver 오픈사전),"dictionary-style only, no nuance/example yet; korean accuracy not yet human-verified (separate axis from content strategy fit)"
chagoneomchida-01,,차고 넘치다,ko,idiom,차고 넘치다,P1,"MEANING (inferred from content structure, not real search data)",,,차고 넘치다,To be so abundant it overflows a set standard.,3,2,2,2,2,2,2,AUTO_CLASSIFIED,P3,KNU 한국어 일상 표현 사전 (Naver 오픈사전),"dictionary-style only, no nuance/example yet; korean accuracy not yet human-verified (separate axis from content strategy fit)"
gongjangchogihwa-01,,공장 초기화,ko,idiom,공장 초기화,P1,"MEANING (inferred from content structure, not real search data)",,,공장 초기화,Factory reset — restoring a device/software to its original out-of-the-box state.,3,2,2,2,2,2,2,AUTO_CLASSIFIED,P3,KNU 한국어 일상 표현 사전 (Naver 오픈사전),"dictionary-style only, no nuance/example yet; korean accuracy not yet human-verified (separate axis from content strategy fit)"
singyeongeulgondusewuda-01,,신경(을) 곤두세우다,ko,idiom,신경(을) 곤두세우다,P1,"MEANING (inferred from content structure, not real search data)",,,신경(을) 곤두세우다,"To pay excessively careful, tense attention to something.",3,2,2,2,2,2,2,AUTO_CLASSIFIED,P3,KNU 한국어 일상 표현 사전 (Naver 오픈사전),"dictionary-style only, no nuance/example yet; korean accuracy not yet human-verified (separate axis from content strategy fit)"
ibenoreunaerida-01,,입에 오르내리다,ko,idiom,입에 오르내리다,P1,"MEANING (inferred from content structure, not real search data)",,,입에 오르내리다,To become the subject of others' gossip.,3,2,2,2,2,2,2,AUTO_CLASSIFIED,P3,KNU 한국어 일상 표현 사전 (Naver 오픈사전),"dictionary-style only, no nuance/example yet; korean accuracy not yet human-verified (separate axis from content strategy fit)"
dangitteoreojida-01,,당(이) 떨어지다,ko,idiom,당(이) 떨어지다,P1,"MEANING (inferred from content structure, not real search data)",,,당(이) 떨어지다,"To feel your blood sugar/energy crash, as if starved (from fatigue, stress, exercise).",3,2,2,2,2,2,2,AUTO_CLASSIFIED,P3,KNU 한국어 일상 표현 사전 (Naver 오픈사전),"dictionary-style only, no nuance/example yet; korean accuracy not yet human-verified (separate axis from content strategy fit)"
saenggagejamgida-01,,생각에 잠기다,ko,idiom,생각에 잠기다,P1,"MEANING (inferred from content structure, not real search data)",,,생각에 잠기다,To be absorbed in one's own thoughts.,3,2,2,2,2,2,2,AUTO_CLASSIFIED,P3,KNU 한국어 일상 표현 사전 (Naver 오픈사전),"dictionary-style only, no nuance/example yet; korean accuracy not yet human-verified (separate axis from content strategy fit)"
jjaetteun-01,,쨌든,ko,idiom,쨌든,P1,"MEANING (inferred from content structure, not real search data)",,,쨌든,"A shortened, casual form of ""어쨌든"" (anyway).",3,2,2,2,2,2,2,AUTO_CLASSIFIED,P3,KNU 한국어 일상 표현 사전 (Naver 오픈사전),"dictionary-style only, no nuance/example yet; korean accuracy not yet human-verified (separate axis from content strategy fit)"
mworae-01,,뭐래,ko,idiom,뭐래,P1,"MEANING (inferred from content structure, not real search data)",,,뭐래,"""There's no point in what they're saying"" — dismissing someone's words as meaningless.",3,2,2,2,2,2,2,AUTO_CLASSIFIED,P3,KNU 한국어 일상 표현 사전 (Naver 오픈사전),"dictionary-style only, no nuance/example yet; korean accuracy not yet human-verified (separate axis from content strategy fit)"
hwagachimilda-01,,화(가) 치밀다,ko,idiom,화(가) 치밀다,P1,"MEANING (inferred from content structure, not real search data)",,,화(가) 치밀다,For anger to well up strongly.,3,2,2,2,2,2,2,AUTO_CLASSIFIED,P3,KNU 한국어 일상 표현 사전 (Naver 오픈사전),"dictionary-style only, no nuance/example yet; korean accuracy not yet human-verified (separate axis from content strategy fit)"
meorigamalkda-01,,머리가 맑다,ko,idiom,머리가 맑다,P1,"MEANING (inferred from content structure, not real search data)",,,머리가 맑다,"To have a clear head, free of worry or distraction.",3,2,2,2,2,2,2,AUTO_CLASSIFIED,P3,KNU 한국어 일상 표현 사전 (Naver 오픈사전),"dictionary-style only, no nuance/example yet; korean accuracy not yet human-verified (separate axis from content strategy fit)"
dwikkeutiitda-01,,뒤끝(이) 있다,ko,idiom,뒤끝(이) 있다,P1,"MEANING (inferred from content structure, not real search data)",,,뒤끝(이) 있다,To hold onto a bad feeling even after something has ended.,3,2,2,2,2,2,2,AUTO_CLASSIFIED,P3,KNU 한국어 일상 표현 사전 (Naver 오픈사전),"dictionary-style only, no nuance/example yet; korean accuracy not yet human-verified (separate axis from content strategy fit)"
seoteoreulnaerida-01,,서터(를) 내리다,ko,idiom,서터(를) 내리다,P1,"MEANING (inferred from content structure, not real search data)",,,서터(를) 내리다,To stop doing business (roll down the shop's shutter).,3,2,2,2,2,2,2,AUTO_CLASSIFIED,P3,KNU 한국어 일상 표현 사전 (Naver 오픈사전),"dictionary-style only, no nuance/example yet; korean accuracy not yet human-verified (separate axis from content strategy fit)"
seoneulboda-01,,선(을) 보다,ko,idiom,선(을) 보다,P1,"MEANING (inferred from content structure, not real search data)",,,선(을) 보다,"To meet someone through a formal matchmaking introduction, with marriage in mind.",3,2,2,2,2,2,2,AUTO_CLASSIFIED,P3,KNU 한국어 일상 표현 사전 (Naver 오픈사전),"dictionary-style only, no nuance/example yet; korean accuracy not yet human-verified (separate axis from content strategy fit)"
seollyereulnamgida-01,,선례(를) 남기다,ko,idiom,선례(를) 남기다,P1,"MEANING (inferred from content structure, not real search data)",,,선례(를) 남기다,To set a precedent that will be handed down as a standard practice for the future.,3,2,2,2,2,2,2,AUTO_CLASSIFIED,P3,KNU 한국어 일상 표현 사전 (Naver 오픈사전),"dictionary-style only, no nuance/example yet; korean accuracy not yet human-verified (separate axis from content strategy fit)"
gonyogeulchireuda-01,,곤욕을 치르다,ko,idiom,곤욕을 치르다,P1,"MEANING (inferred from content structure, not real search data)",,,곤욕을 치르다,To go through severe humiliation or a very hard time.,3,2,2,2,2,2,2,AUTO_CLASSIFIED,P3,KNU 한국어 일상 표현 사전 (Naver 오픈사전),"dictionary-style only, no nuance/example yet; korean accuracy not yet human-verified (separate axis from content strategy fit)"
bunnaemsae-01,,분 냄새,ko,idiom,분 냄새,P1,"MEANING (inferred from content structure, not real search data)",,,분 냄새,The smell of makeup/powder.,3,2,2,2,2,2,2,AUTO_CLASSIFIED,P3,KNU 한국어 일상 표현 사전 (Naver 오픈사전),"dictionary-style only, no nuance/example yet; korean accuracy not yet human-verified (separate axis from content strategy fit)"
mugereulchida-01,,무게(를) 치다,ko,idiom,무게(를) 치다,P1,"MEANING (inferred from content structure, not real search data)",,,무게(를) 치다,"In weightlifting, to lift some given amount of weight.",3,2,2,2,2,2,2,AUTO_CLASSIFIED,P3,KNU 한국어 일상 표현 사전 (Naver 오픈사전),"dictionary-style only, no nuance/example yet; korean accuracy not yet human-verified (separate axis from content strategy fit)"
hosereulburida-01,,허세(를) 부리다,ko,idiom,허세(를) 부리다,P1,"MEANING (inferred from content structure, not real search data)",,,허세(를) 부리다,"To act in an exaggerated, boastful way, hiding one's real feelings or ability.",3,2,2,2,2,2,2,AUTO_CLASSIFIED,P3,KNU 한국어 일상 표현 사전 (Naver 오픈사전),"dictionary-style only, no nuance/example yet; korean accuracy not yet human-verified (separate axis from content strategy fit)"
ppeoljjitada-01,,뻘짓하다,ko,idiom,뻘짓하다,P1,"MEANING (inferred from content structure, not real search data)",,,뻘짓하다,To do something pointless/useless without any real result.,3,2,2,2,2,2,2,AUTO_CLASSIFIED,P3,KNU 한국어 일상 표현 사전 (Naver 오픈사전),"dictionary-style only, no nuance/example yet; korean accuracy not yet human-verified (separate axis from content strategy fit)"
baltobuiddaemandomotada-01,,발톱의 때만도 못하다,ko,idiom,발톱의 때만도 못하다,P1,"MEANING (inferred from content structure, not real search data)",,,발톱의 때만도 못하다,"To be extremely insignificant or worthless — ""not even worth the dirt under a toenail.""",3,2,2,2,2,2,2,AUTO_CLASSIFIED,P3,KNU 한국어 일상 표현 사전 (Naver 오픈사전),"dictionary-style only, no nuance/example yet; korean accuracy not yet human-verified (separate axis from content strategy fit)"
geureogemarimnida-01,,그러게 말입니다,ko,idiom,그러게 말입니다,P1,"MEANING (inferred from content structure, not real search data)",,,그러게 말입니다,A response agreeing with or sympathizing with what someone just said.,3,2,2,2,2,2,2,AUTO_CLASSIFIED,P3,KNU 한국어 일상 표현 사전 (Naver 오픈사전),"dictionary-style only, no nuance/example yet; korean accuracy not yet human-verified (separate axis from content strategy fit)"
halsueopda-02,,할 수 없다,ko,idiom,할 수 없다,P1,"MEANING (inferred from content structure, not real search data)",,,할 수 없다,"""There's nothing that can be done"" — accepting an outcome or giving up persuasion.",3,2,2,2,2,2,2,AUTO_CLASSIFIED,P3,KNU 한국어 일상 표현 사전 (Naver 오픈사전),"dictionary-style only, no nuance/example yet; korean accuracy not yet human-verified (separate axis from content strategy fit)"
moreugginmollado-01,,모르긴 몰라도,ko,idiom,모르긴 몰라도,P1,"MEANING (inferred from content structure, not real search data)",,,모르긴 몰라도,"""I can't say for sure, but..."" — a hedge before offering a guess.",3,2,2,2,2,2,2,AUTO_CLASSIFIED,P3,KNU 한국어 일상 표현 사전 (Naver 오픈사전),"dictionary-style only, no nuance/example yet; korean accuracy not yet human-verified (separate axis from content strategy fit)"
bureoumyeonjineungeoda-01,,부러우면 지는 거다,ko,idiom,부러우면 지는 거다,P1,"MEANING (inferred from content structure, not real search data)",,,부러우면 지는 거다,"A joking rule that admitting envy toward someone means you've ""lost"" to them.",3,2,2,2,2,2,2,AUTO_CLASSIFIED,P3,KNU 한국어 일상 표현 사전 (Naver 오픈사전),"dictionary-style only, no nuance/example yet; korean accuracy not yet human-verified (separate axis from content strategy fit)"
geureusikeuda-01,,그릇(이) 크다,ko,idiom,그릇(이) 크다,P1,"MEANING (inferred from content structure, not real search data)",,,그릇(이) 크다,To have great capacity — ability or generosity to handle big things.,3,2,2,2,2,2,2,AUTO_CLASSIFIED,P3,KNU 한국어 일상 표현 사전 (Naver 오픈사전),"dictionary-style only, no nuance/example yet; korean accuracy not yet human-verified (separate axis from content strategy fit)"
seungbureulboda-01,,승부(를) 보다,ko,idiom,승부(를) 보다,P1,"MEANING (inferred from content structure, not real search data)",,,승부(를) 보다,To settle a matter by determining a clear winner.,3,2,2,2,2,2,2,AUTO_CLASSIFIED,P3,KNU 한국어 일상 표현 사전 (Naver 오픈사전),"dictionary-style only, no nuance/example yet; korean accuracy not yet human-verified (separate axis from content strategy fit)"
seonuiuigyeongjaeng-01,,선의의 경쟁,ko,idiom,선의의 경쟁,P1,"MEANING (inferred from content structure, not real search data)",,,선의의 경쟁,Healthy competition that helps both sides and has a positive effect.,3,2,2,2,2,2,2,AUTO_CLASSIFIED,P3,KNU 한국어 일상 표현 사전 (Naver 오픈사전),"dictionary-style only, no nuance/example yet; korean accuracy not yet human-verified (separate axis from content strategy fit)"
halmareulilta-01,,할 말(을) 잃다,ko,idiom,할 말(을) 잃다,P1,"MEANING (inferred from content structure, not real search data)",,,할 말(을) 잃다,To be left speechless.,3,2,2,2,2,2,2,AUTO_CLASSIFIED,P3,KNU 한국어 일상 표현 사전 (Naver 오픈사전),"dictionary-style only, no nuance/example yet; korean accuracy not yet human-verified (separate axis from content strategy fit)"
sewoljjangsaganeopda-01,,세월에 장사(가) 없다,ko,idiom,세월에 장사(가) 없다,P1,"MEANING (inferred from content structure, not real search data)",,,세월에 장사(가) 없다,"""No one beats time"" — everyone's strength/vitality fades as they age.",3,2,2,2,2,2,2,AUTO_CLASSIFIED,P3,KNU 한국어 일상 표현 사전 (Naver 오픈사전),"dictionary-style only, no nuance/example yet; korean accuracy not yet human-verified (separate axis from content strategy fit)"
nunippajida-01,,눈(이) 빠지다,ko,idiom,눈(이) 빠지다,P1,"MEANING (inferred from content structure, not real search data)",,,눈(이) 빠지다,To wait for something so intently and for so long your eyes practically fall out.,3,2,2,2,2,2,2,AUTO_CLASSIFIED,P3,KNU 한국어 일상 표현 사전 (Naver 오픈사전),"dictionary-style only, no nuance/example yet; korean accuracy not yet human-verified (separate axis from content strategy fit)"
gwangyeja-oechulipgeumji-01,,관계자 외 출입 금지,ko,idiom,관계자 외 출입 금지,P1,"MEANING (inferred from content structure, not real search data)",,,관계자 외 출입 금지,"""No entry except for authorized personnel"" — a common restricted-area sign.",3,2,2,2,2,2,2,AUTO_CLASSIFIED,P3,KNU 한국어 일상 표현 사전 (Naver 오픈사전),"dictionary-style only, no nuance/example yet; korean accuracy not yet human-verified (separate axis from content strategy fit)"
eorigwangeulpiuda-01,,어리광(을) 피우다,ko,idiom,어리광(을) 피우다,P1,"MEANING (inferred from content structure, not real search data)",,,어리광(을) 피우다,To act cutely spoiled to win favor or affection.,3,2,2,2,2,2,2,AUTO_CLASSIFIED,P3,KNU 한국어 일상 표현 사전 (Naver 오픈사전),"dictionary-style only, no nuance/example yet; korean accuracy not yet human-verified (separate axis from content strategy fit)"
goinuimyeongbogeulbimnida-01,,고인의 명복을 빕니다,ko,idiom,고인의 명복을 빕니다,P1,"MEANING (inferred from content structure, not real search data)",,,고인의 명복을 빕니다,"""May they rest in peace"" — a condolence greeting for a death in someone's family.",3,2,2,2,2,2,2,AUTO_CLASSIFIED,P3,KNU 한국어 일상 표현 사전 (Naver 오픈사전),"dictionary-style only, no nuance/example yet; korean accuracy not yet human-verified (separate axis from content strategy fit)"
ibeuldatda-01,,입(을) 닫다,ko,idiom,입(을) 닫다,P1,"MEANING (inferred from content structure, not real search data)",,,입(을) 닫다,To say absolutely nothing about something.,3,2,2,2,2,2,2,AUTO_CLASSIFIED,P3,KNU 한국어 일상 표현 사전 (Naver 오픈사전),"dictionary-style only, no nuance/example yet; korean accuracy not yet human-verified (separate axis from content strategy fit)"
sonjeolhada-01,,손절하다,ko,idiom,손절하다,P1,"MEANING (inferred from content structure, not real search data)",,,손절하다,"To cut one's losses on a held stock, accepting a loss.",3,2,2,2,2,2,2,AUTO_CLASSIFIED,P3,KNU 한국어 일상 표현 사전 (Naver 오픈사전),"dictionary-style only, no nuance/example yet; korean accuracy not yet human-verified (separate axis from content strategy fit)"
bukae-01,,부캐,ko,idiom,부캐,P1,"MEANING (inferred from content structure, not real search data)",,,부캐,"A ""secondary character/persona,"" originally a second game character but now used for a person's alternate public persona.",3,2,2,2,2,2,2,AUTO_CLASSIFIED,P3,KNU 한국어 일상 표현 사전 (Naver 오픈사전),"dictionary-style only, no nuance/example yet; korean accuracy not yet human-verified (separate axis from content strategy fit)"
ibedalgosalda-01,,입에 달고 살다,ko,idiom,입에 달고 살다,P1,"MEANING (inferred from content structure, not real search data)",,,입에 달고 살다,"To say a certain phrase repeatedly, as a habit.",3,2,2,2,2,2,2,AUTO_CLASSIFIED,P3,KNU 한국어 일상 표현 사전 (Naver 오픈사전),"dictionary-style only, no nuance/example yet; korean accuracy not yet human-verified (separate axis from content strategy fit)"
eongdeongigagyeopda-01,,엉덩이가 가볍다,ko,idiom,엉덩이가 가볍다,P1,"MEANING (inferred from content structure, not real search data)",,,엉덩이가 가볍다,"To move around restlessly, unable to sit still for long.",3,2,2,2,2,2,2,AUTO_CLASSIFIED,P3,KNU 한국어 일상 표현 사전 (Naver 오픈사전),"dictionary-style only, no nuance/example yet; korean accuracy not yet human-verified (separate axis from content strategy fit)"
eodikkajina-01,,어디까지나,ko,idiom,어디까지나,P1,"MEANING (inferred from content structure, not real search data)",,,어디까지나,"""Strictly speaking"" — clarifying that no other possibility applies.",3,2,2,2,2,2,2,AUTO_CLASSIFIED,P3,KNU 한국어 일상 표현 사전 (Naver 오픈사전),"dictionary-style only, no nuance/example yet; korean accuracy not yet human-verified (separate axis from content strategy fit)"
nunibalkda-01,,눈(이) 밝다,ko,idiom,눈(이) 밝다,P1,"MEANING (inferred from content structure, not real search data)",,,눈(이) 밝다,"Figuratively, to be good at spotting/finding things others miss.",3,2,2,2,2,2,2,AUTO_CLASSIFIED,P3,KNU 한국어 일상 표현 사전 (Naver 오픈사전),"dictionary-style only, no nuance/example yet; korean accuracy not yet human-verified (separate axis from content strategy fit)"
bonjeoneulppopda-01,,본전(을) 뽑다,ko,idiom,본전(을) 뽑다,P1,"MEANING (inferred from content structure, not real search data)",,,본전(을) 뽑다,To get one's money's worth from an investment.,3,2,2,2,2,2,2,AUTO_CLASSIFIED,P3,KNU 한국어 일상 표현 사전 (Naver 오픈사전),"dictionary-style only, no nuance/example yet; korean accuracy not yet human-verified (separate axis from content strategy fit)"
eopseoboida-01,,없어 보이다,ko,idiom,없어 보이다,P1,"MEANING (inferred from content structure, not real search data)",,,없어 보이다,To seem cheap or unimpressive in status/quality.,3,2,2,2,2,2,2,AUTO_CLASSIFIED,P3,KNU 한국어 일상 표현 사전 (Naver 오픈사전),"dictionary-style only, no nuance/example yet; korean accuracy not yet human-verified (separate axis from content strategy fit)"
deungjjaeseumaesing-01,,등짝 스매싱,ko,idiom,등짝 스매싱,P1,"MEANING (inferred from content structure, not real search data)",,,등짝 스매싱,"A hard, scolding slap on the back — ""back smash.""",3,2,2,2,2,2,2,AUTO_CLASSIFIED,P3,KNU 한국어 일상 표현 사전 (Naver 오픈사전),"dictionary-style only, no nuance/example yet; korean accuracy not yet human-verified (separate axis from content strategy fit)"
ttagaunsiseon-01,,따가운 시선,ko,idiom,따가운 시선,P1,"MEANING (inferred from content structure, not real search data)",,,따가운 시선,"Sharp, judgmental looks from others.",3,2,2,2,2,2,2,AUTO_CLASSIFIED,P3,KNU 한국어 일상 표현 사전 (Naver 오픈사전),"dictionary-style only, no nuance/example yet; korean accuracy not yet human-verified (separate axis from content strategy fit)"
kkigosalda-01,,끼고 살다,ko,idiom,끼고 살다,P1,"MEANING (inferred from content structure, not real search data)",,,끼고 살다,"To use something constantly, over a very long time.",3,2,2,2,2,2,2,AUTO_CLASSIFIED,P3,KNU 한국어 일상 표현 사전 (Naver 오픈사전),"dictionary-style only, no nuance/example yet; korean accuracy not yet human-verified (separate axis from content strategy fit)"
habeobyu-01,,하버 뷰,ko,idiom,하버 뷰,P1,"MEANING (inferred from content structure, not real search data)",,,하버 뷰,A hotel/facility room with a harbor view.,3,2,2,2,2,2,2,AUTO_CLASSIFIED,P3,KNU 한국어 일상 표현 사전 (Naver 오픈사전),"dictionary-style only, no nuance/example yet; korean accuracy not yet human-verified (separate axis from content strategy fit)"
balgireuldollida-01,,발길(을) 돌리다,ko,idiom,발길(을) 돌리다,P1,"MEANING (inferred from content structure, not real search data)",,,발길(을) 돌리다,"To change course/direction, going back or heading somewhere else.",3,2,2,2,2,2,2,AUTO_CLASSIFIED,P3,KNU 한국어 일상 표현 사전 (Naver 오픈사전),"dictionary-style only, no nuance/example yet; korean accuracy not yet human-verified (separate axis from content strategy fit)"
gaseumimeokmeokhada-01,,가슴이 먹먹하다,ko,idiom,가슴이 먹먹하다,P1,"MEANING (inferred from content structure, not real search data)",,,가슴이 먹먹하다,To feel one's chest tighten from being deeply moved or sad.,3,2,2,2,2,2,2,AUTO_CLASSIFIED,P3,KNU 한국어 일상 표현 사전 (Naver 오픈사전),"dictionary-style only, no nuance/example yet; korean accuracy not yet human-verified (separate axis from content strategy fit)"
naegamotsara-01,,내가 못 살아,ko,idiom,내가 못 살아,P1,"MEANING (inferred from content structure, not real search data)",,,내가 못 살아,An exasperated remark when a situation is so ridiculous you can't help but react.,3,2,2,2,2,2,2,AUTO_CLASSIFIED,P3,KNU 한국어 일상 표현 사전 (Naver 오픈사전),"dictionary-style only, no nuance/example yet; korean accuracy not yet human-verified (separate axis from content strategy fit)"
sonbalioogradeulda-01,,손발(이) 오그라들다,ko,idiom,손발(이) 오그라들다,P1,"MEANING (inferred from content structure, not real search data)",,,손발(이) 오그라들다,To feel intensely embarrassed/cringe at something cheesy or awkward.,3,2,2,2,2,2,2,AUTO_CLASSIFIED,P3,KNU 한국어 일상 표현 사전 (Naver 오픈사전),"dictionary-style only, no nuance/example yet; korean accuracy not yet human-verified (separate axis from content strategy fit)"
danggeuneuljuda-01,,당근을 주다,ko,idiom,당근을 주다,P1,"MEANING (inferred from content structure, not real search data)",,,당근을 주다,"Figuratively, to give someone an incentive/reward to encourage a desired behavior.",3,2,2,2,2,2,2,AUTO_CLASSIFIED,P3,KNU 한국어 일상 표현 사전 (Naver 오픈사전),"dictionary-style only, no nuance/example yet; korean accuracy not yet human-verified (separate axis from content strategy fit)"
gwiegeoseullida-01,,귀에 거슬리다,ko,idiom,귀에 거슬리다,P1,"MEANING (inferred from content structure, not real search data)",,,귀에 거슬리다,For a sound to grate on the ear unpleasantly.,3,2,2,2,2,2,2,AUTO_CLASSIFIED,P3,KNU 한국어 일상 표현 사전 (Naver 오픈사전),"dictionary-style only, no nuance/example yet; korean accuracy not yet human-verified (separate axis from content strategy fit)"
jeonsereulnaeda-01,,전세(를) 내다,ko,idiom,전세(를) 내다,P1,"MEANING (inferred from content structure, not real search data)",,,전세(를) 내다,"To act as if a shared, public thing/space belongs only to oneself.",3,2,2,2,2,2,2,AUTO_CLASSIFIED,P3,KNU 한국어 일상 표현 사전 (Naver 오픈사전),"dictionary-style only, no nuance/example yet; korean accuracy not yet human-verified (separate axis from content strategy fit)"
meorigaapeuda-01,,머리(가) 아프다,ko,idiom,머리(가) 아프다,P1,"MEANING (inferred from content structure, not real search data)",,,머리(가) 아프다,To be mentally worn out by a difficult or complicated problem.,3,2,2,2,2,2,2,AUTO_CLASSIFIED,P3,KNU 한국어 일상 표현 사전 (Naver 오픈사전),"dictionary-style only, no nuance/example yet; korean accuracy not yet human-verified (separate axis from content strategy fit)"
aneunmasimuseopda-01,,아는 맛이 무섭다,ko,idiom,아는 맛이 무섭다,P1,"MEANING (inferred from content structure, not real search data)",,,아는 맛이 무섭다,A familiar taste can be even more enjoyable/dangerous because you already know how good it is.,3,2,2,2,2,2,2,AUTO_CLASSIFIED,P3,KNU 한국어 일상 표현 사전 (Naver 오픈사전),"dictionary-style only, no nuance/example yet; korean accuracy not yet human-verified (separate axis from content strategy fit)"
ilgouigachidoeopda-01,,일고의 가치도 없다,ko,idiom,일고의 가치도 없다,P1,"MEANING (inferred from content structure, not real search data)",,,일고의 가치도 없다,Not even worth a single moment's consideration.,3,2,2,2,2,2,2,AUTO_CLASSIFIED,P3,KNU 한국어 일상 표현 사전 (Naver 오픈사전),"dictionary-style only, no nuance/example yet; korean accuracy not yet human-verified (separate axis from content strategy fit)"
simsimchianke-01,,심심치 않게,ko,idiom,심심치 않게,P1,"MEANING (inferred from content structure, not real search data)",,,심심치 않게,"""Fairly often"" — happening with some regularity.",3,2,2,2,2,2,2,AUTO_CLASSIFIED,P3,KNU 한국어 일상 표현 사전 (Naver 오픈사전),"dictionary-style only, no nuance/example yet; korean accuracy not yet human-verified (separate axis from content strategy fit)"
wonhaneulsada-01,,원한(을) 사다,ko,idiom,원한(을) 사다,P1,"MEANING (inferred from content structure, not real search data)",,,원한(을) 사다,To provoke someone into holding a grudge against you.,3,2,2,2,2,2,2,AUTO_CLASSIFIED,P3,KNU 한국어 일상 표현 사전 (Naver 오픈사전),"dictionary-style only, no nuance/example yet; korean accuracy not yet human-verified (separate axis from content strategy fit)"
maeumeuldatda-01,,마음(을) 닫다,ko,idiom,마음(을) 닫다,P1,"MEANING (inferred from content structure, not real search data)",,,마음(을) 닫다,To emotionally distance oneself from another person.,3,2,2,2,2,2,2,AUTO_CLASSIFIED,P3,KNU 한국어 일상 표현 사전 (Naver 오픈사전),"dictionary-style only, no nuance/example yet; korean accuracy not yet human-verified (separate axis from content strategy fit)"
banghyangeuljapda-01,,방향(을) 잡다,ko,idiom,방향(을) 잡다,P1,"MEANING (inferred from content structure, not real search data)",,,방향(을) 잡다,To decide the direction a plan or effort should take.,3,2,2,2,2,2,2,AUTO_CLASSIFIED,P3,KNU 한국어 일상 표현 사전 (Naver 오픈사전),"dictionary-style only, no nuance/example yet; korean accuracy not yet human-verified (separate axis from content strategy fit)"
dodungnomsimbo-01,,도둑놈 심보,ko,idiom,도둑놈 심보,P1,"MEANING (inferred from content structure, not real search data)",,,도둑놈 심보,"A greedy, self-serving mindset — ""a thief's mentality.""",3,2,2,2,2,2,2,AUTO_CLASSIFIED,P3,KNU 한국어 일상 표현 사전 (Naver 오픈사전),"dictionary-style only, no nuance/example yet; korean accuracy not yet human-verified (separate axis from content strategy fit)"
naigamyeoinde-01,,나이가 몇인데,ko,idiom,나이가 몇인데,P1,"MEANING (inferred from content structure, not real search data)",,,나이가 몇인데,A rebuke pointing out someone's age doesn't match their (immature) behavior.,3,2,2,2,2,2,2,AUTO_CLASSIFIED,P3,KNU 한국어 일상 표현 사전 (Naver 오픈사전),"dictionary-style only, no nuance/example yet; korean accuracy not yet human-verified (separate axis from content strategy fit)"
budameuldeolda-01,,부담(을) 덜다,ko,idiom,부담(을) 덜다,P1,"MEANING (inferred from content structure, not real search data)",,,부담(을) 덜다,To lighten a sense of obligation or responsibility.,3,2,2,2,2,2,2,AUTO_CLASSIFIED,P3,KNU 한국어 일상 표현 사전 (Naver 오픈사전),"dictionary-style only, no nuance/example yet; korean accuracy not yet human-verified (separate axis from content strategy fit)"
nmureulmeokda-01,,N 물(을) 먹다,ko,idiom,N 물(을) 먹다,P1,"MEANING (inferred from content structure, not real search data)",,,N 물(을) 먹다,To be strongly shaped by exposure to a certain culture/environment (N).,3,2,2,2,2,2,2,AUTO_CLASSIFIED,P3,KNU 한국어 일상 표현 사전 (Naver 오픈사전),"dictionary-style only, no nuance/example yet; korean accuracy not yet human-verified (separate axis from content strategy fit)"
aeapeseoneunmuldohambeuromotmasinda-01,,애 앞에서는 물도 함부로 못 마신다,ko,idiom,애 앞에서는 물도 함부로 못 마신다,P1,"MEANING (inferred from content structure, not real search data)",,,애 앞에서는 물도 함부로 못 마신다,"Even a small everyday action must be careful in front of a child, since kids imitate everything.",3,2,2,2,2,2,2,AUTO_CLASSIFIED,P3,KNU 한국어 일상 표현 사전 (Naver 오픈사전),"dictionary-style only, no nuance/example yet; korean accuracy not yet human-verified (separate axis from content strategy fit)"
daldalgurihada-01,,달달구리하다,ko,idiom,달달구리하다,P1,"MEANING (inferred from content structure, not real search data)",,,달달구리하다,For food to have a pleasantly sweet taste.,3,2,2,2,2,2,2,AUTO_CLASSIFIED,P3,KNU 한국어 일상 표현 사전 (Naver 오픈사전),"dictionary-style only, no nuance/example yet; korean accuracy not yet human-verified (separate axis from content strategy fit)"
kkeunta-01,,끊다,ko,idiom,끊다,P1,"MEANING (inferred from content structure, not real search data)",,,끊다,"To register/enroll (in an academy, institution) in order to learn something.",3,2,2,2,2,2,2,AUTO_CLASSIFIED,P3,KNU 한국어 일상 표현 사전 (Naver 오픈사전),"dictionary-style only, no nuance/example yet; korean accuracy not yet human-verified (separate axis from content strategy fit)"
huhwanidureopda-01,,후환(이) 두렵다,ko,idiom,후환(이) 두렵다,P1,"MEANING (inferred from content structure, not real search data)",,,후환(이) 두렵다,To worry about future consequences from something you've done.,3,2,2,2,2,2,2,AUTO_CLASSIFIED,P3,KNU 한국어 일상 표현 사전 (Naver 오픈사전),"dictionary-style only, no nuance/example yet; korean accuracy not yet human-verified (separate axis from content strategy fit)"
chokioda-01,,촉(이) 오다,ko,idiom,촉(이) 오다,P1,"MEANING (inferred from content structure, not real search data)",,,촉(이) 오다,To suddenly get an intuitive feeling about a person or situation.,3,2,2,2,2,2,2,AUTO_CLASSIFIED,P3,KNU 한국어 일상 표현 사전 (Naver 오픈사전),"dictionary-style only, no nuance/example yet; korean accuracy not yet human-verified (separate axis from content strategy fit)"
banggwireultteuda-01,,방귀(를) 트다,ko,idiom,방귀(를) 트다,P1,"MEANING (inferred from content structure, not real search data)",,,방귀(를) 트다,For a relationship to become so comfortable that even breaking wind isn't embarrassing.,3,2,2,2,2,2,2,AUTO_CLASSIFIED,P3,KNU 한국어 일상 표현 사전 (Naver 오픈사전),"dictionary-style only, no nuance/example yet; korean accuracy not yet human-verified (separate axis from content strategy fit)"
deoropgochisahada-01,,더럽고 치사하다,ko,idiom,더럽고 치사하다,P1,"MEANING (inferred from content structure, not real search data)",,,더럽고 치사하다,"Extremely unpleasant and petty, describing someone's words or actions.",3,2,2,2,2,2,2,AUTO_CLASSIFIED,P3,KNU 한국어 일상 표현 사전 (Naver 오픈사전),"dictionary-style only, no nuance/example yet; korean accuracy not yet human-verified (separate axis from content strategy fit)"
jikgyeoktaneulmatda-01,,직격탄(을) 맞다,ko,idiom,직격탄(을) 맞다,P1,"MEANING (inferred from content structure, not real search data)",,,직격탄(을) 맞다,"Figuratively, to be hit directly by damage or fallout.",3,2,2,2,2,2,2,AUTO_CLASSIFIED,P3,KNU 한국어 일상 표현 사전 (Naver 오픈사전),"dictionary-style only, no nuance/example yet; korean accuracy not yet human-verified (separate axis from content strategy fit)"
yeollagidujeoldoeda-01,,연락(이) 두절되다,ko,idiom,연락(이) 두절되다,P1,"MEANING (inferred from content structure, not real search data)",,,연락(이) 두절되다,For contact between people to be completely lost.,3,2,2,2,2,2,2,AUTO_CLASSIFIED,P3,KNU 한국어 일상 표현 사전 (Naver 오픈사전),"dictionary-style only, no nuance/example yet; korean accuracy not yet human-verified (separate axis from content strategy fit)"
utgineunjjambbong-01,,웃기는 짬뽕,ko,idiom,웃기는 짬뽕,P1,"MEANING (inferred from content structure, not real search data)",,,웃기는 짬뽕,A mocking term for someone acting absurdly or ridiculously.,3,2,2,2,2,2,2,AUTO_CLASSIFIED,P3,KNU 한국어 일상 표현 사전 (Naver 오픈사전),"dictionary-style only, no nuance/example yet; korean accuracy not yet human-verified (separate axis from content strategy fit)"
gaoreulburida-01,,가오(를) 부리다,ko,idiom,가오(를) 부리다,P1,"MEANING (inferred from content structure, not real search data)",,,가오(를) 부리다,"To act tough/put on airs, hiding one's real feelings or ability.",3,2,2,2,2,2,2,AUTO_CLASSIFIED,P3,KNU 한국어 일상 표현 사전 (Naver 오픈사전),"dictionary-style only, no nuance/example yet; korean accuracy not yet human-verified (separate axis from content strategy fit)"
dollyeokkada-01,,돌려 까다,ko,idiom,돌려 까다,P1,"MEANING (inferred from content structure, not real search data)",,,돌려 까다,To criticize someone indirectly rather than confronting them directly.,3,2,2,2,2,2,2,AUTO_CLASSIFIED,P3,KNU 한국어 일상 표현 사전 (Naver 오픈사전),"dictionary-style only, no nuance/example yet; korean accuracy not yet human-verified (separate axis from content strategy fit)"
imoyang-01,,이 모양,ko,idiom,이 모양,P1,"MEANING (inferred from content structure, not real search data)",,,이 모양,A criticism aimed at someone thinking too highly of themselves or looking down on others when they don't measure up.,3,2,2,2,2,2,2,AUTO_CLASSIFIED,P3,KNU 한국어 일상 표현 사전 (Naver 오픈사전),"dictionary-style only, no nuance/example yet; korean accuracy not yet human-verified (separate axis from content strategy fit)"
baekbeoncheonbeon-01,,백 번 천 번,ko,idiom,백 번 천 번,P1,"MEANING (inferred from content structure, not real search data)",,,백 번 천 번,Emphasizing something by exaggerating how many times it's happened.,3,2,2,2,2,2,2,AUTO_CLASSIFIED,P3,KNU 한국어 일상 표현 사전 (Naver 오픈사전),"dictionary-style only, no nuance/example yet; korean accuracy not yet human-verified (separate axis from content strategy fit)"
ibiteojida1-01,,입(이) 터지다¹,ko,idiom,입(이) 터지다¹,P1,"MEANING (inferred from content structure, not real search data)",,,입(이) 터지다¹,"Figuratively, to have nothing left to say.",3,2,2,2,2,2,2,AUTO_CLASSIFIED,P3,KNU 한국어 일상 표현 사전 (Naver 오픈사전),"dictionary-style only, no nuance/example yet; korean accuracy not yet human-verified (separate axis from content strategy fit)"
byeogeulchida-01,,벽(을) 치다,ko,idiom,벽(을) 치다,P1,"MEANING (inferred from content structure, not real search data)",,,벽(을) 치다,To refuse to engage in a relationship with someone.,3,2,2,2,2,2,2,AUTO_CLASSIFIED,P3,KNU 한국어 일상 표현 사전 (Naver 오픈사전),"dictionary-style only, no nuance/example yet; korean accuracy not yet human-verified (separate axis from content strategy fit)"
soneulbillida-01,,손(을) 빌리다,ko,idiom,손(을) 빌리다,P1,"MEANING (inferred from content structure, not real search data)",,,손(을) 빌리다,To receive help from someone else.,3,2,2,2,2,2,2,AUTO_CLASSIFIED,P3,KNU 한국어 일상 표현 사전 (Naver 오픈사전),"dictionary-style only, no nuance/example yet; korean accuracy not yet human-verified (separate axis from content strategy fit)"
neulhanmomehatda-01,,N을 한몸에 받다,ko,idiom,N을 한몸에 받다,P1,"MEANING (inferred from content structure, not real search data)",,,N을 한몸에 받다,"To receive an entire amount of something (attention, love) all focused on oneself.",3,2,2,2,2,2,2,AUTO_CLASSIFIED,P3,KNU 한국어 일상 표현 사전 (Naver 오픈사전),"dictionary-style only, no nuance/example yet; korean accuracy not yet human-verified (separate axis from content strategy fit)"
eoseoosipsio-01,,어서 오십시오,ko,idiom,어서 오십시오,P1,"MEANING (inferred from content structure, not real search data)",,,어서 오십시오,A greeting welcoming a visitor warmly.,3,2,2,2,2,2,2,AUTO_CLASSIFIED,P3,KNU 한국어 일상 표현 사전 (Naver 오픈사전),"dictionary-style only, no nuance/example yet; korean accuracy not yet human-verified (separate axis from content strategy fit)"
malhajamyeongilda-01,,말하자면 길다,ko,idiom,말하자면 길다,P1,"MEANING (inferred from content structure, not real search data)",,,말하자면 길다,"""It's a long story"" — explaining the background would take too long.",3,2,2,2,2,2,2,AUTO_CLASSIFIED,P3,KNU 한국어 일상 표현 사전 (Naver 오픈사전),"dictionary-style only, no nuance/example yet; korean accuracy not yet human-verified (separate axis from content strategy fit)"
jarireulmandeulda-01,,자리(를) 만들다,ko,idiom,자리(를) 만들다,P1,"MEANING (inferred from content structure, not real search data)",,,자리(를) 만들다,To arrange an occasion or opportunity for people to meet.,3,2,2,2,2,2,2,AUTO_CLASSIFIED,P3,KNU 한국어 일상 표현 사전 (Naver 오픈사전),"dictionary-style only, no nuance/example yet; korean accuracy not yet human-verified (separate axis from content strategy fit)"
hanbangeulnallida-01,,한 방(을) 날리다,ko,idiom,한 방(을) 날리다,P1,"MEANING (inferred from content structure, not real search data)",,,한 방(을) 날리다,To make one decisive move that has a big impact.,3,2,2,2,2,2,2,AUTO_CLASSIFIED,P3,KNU 한국어 일상 표현 사전 (Naver 오픈사전),"dictionary-style only, no nuance/example yet; korean accuracy not yet human-verified (separate axis from content strategy fit)"
surioreuda-01,,술(이) 오르다,ko,idiom,술(이) 오르다,P1,"MEANING (inferred from content structure, not real search data)",,,술(이) 오르다,For alcohol's effect to kick in throughout one's body.,3,2,2,2,2,2,2,AUTO_CLASSIFIED,P3,KNU 한국어 일상 표현 사전 (Naver 오픈사전),"dictionary-style only, no nuance/example yet; korean accuracy not yet human-verified (separate axis from content strategy fit)"
soneulgeonneda-01,,손(을) 건네다,ko,idiom,손(을) 건네다,P1,"MEANING (inferred from content structure, not real search data)",,,손(을) 건네다,To offer help or comfort through kind words or actions.,3,2,2,2,2,2,2,AUTO_CLASSIFIED,P3,KNU 한국어 일상 표현 사전 (Naver 오픈사전),"dictionary-style only, no nuance/example yet; korean accuracy not yet human-verified (separate axis from content strategy fit)"
ttaktteoreojida-01,,딱 떨어지다,ko,idiom,딱 떨어지다,P1,"MEANING (inferred from content structure, not real search data)",,,딱 떨어지다,To fit or suit something perfectly.,3,2,2,2,2,2,2,AUTO_CLASSIFIED,P3,KNU 한국어 일상 표현 사전 (Naver 오픈사전),"dictionary-style only, no nuance/example yet; korean accuracy not yet human-verified (separate axis from content strategy fit)"
ppallaereuldollida-01,,빨래(를) 돌리다,ko,idiom,빨래(를) 돌리다,P1,"MEANING (inferred from content structure, not real search data)",,,빨래(를) 돌리다,To run a load of laundry in the washing machine.,3,2,2,2,2,2,2,AUTO_CLASSIFIED,P3,KNU 한국어 일상 표현 사전 (Naver 오픈사전),"dictionary-style only, no nuance/example yet; korean accuracy not yet human-verified (separate axis from content strategy fit)"
ilitteojida-01,,일(이) 터지다,ko,idiom,일(이) 터지다,P1,"MEANING (inferred from content structure, not real search data)",,,일(이) 터지다,For a conflict or incident to suddenly break out.,3,2,2,2,2,2,2,AUTO_CLASSIFIED,P3,KNU 한국어 일상 표현 사전 (Naver 오픈사전),"dictionary-style only, no nuance/example yet; korean accuracy not yet human-verified (separate axis from content strategy fit)"
nalgaegakkeoida-01,,날개(가) 꺾이다,ko,idiom,날개(가) 꺾이다,P1,"MEANING (inferred from content structure, not real search data)",,,날개(가) 꺾이다,To fail to achieve a goal or plan.,3,2,2,2,2,2,2,AUTO_CLASSIFIED,P3,KNU 한국어 일상 표현 사전 (Naver 오픈사전),"dictionary-style only, no nuance/example yet; korean accuracy not yet human-verified (separate axis from content strategy fit)"
mogitteuida-01,,목(이) 트이다,ko,idiom,목(이) 트이다,P1,"MEANING (inferred from content structure, not real search data)",,,목(이) 트이다,For one's voice to loosen up and sound clear.,3,2,2,2,2,2,2,AUTO_CLASSIFIED,P3,KNU 한국어 일상 표현 사전 (Naver 오픈사전),"dictionary-style only, no nuance/example yet; korean accuracy not yet human-verified (separate axis from content strategy fit)"
gihoereultada-01,,기회(를) 타다,ko,idiom,기회(를) 타다,P1,"MEANING (inferred from content structure, not real search data)",,,기회(를) 타다,To seize the best possible moment to act on something.,3,2,2,2,2,2,2,AUTO_CLASSIFIED,P3,KNU 한국어 일상 표현 사전 (Naver 오픈사전),"dictionary-style only, no nuance/example yet; korean accuracy not yet human-verified (separate axis from content strategy fit)"
teumigeoleojida-01,,틈(이) 벌어지다,ko,idiom,틈(이) 벌어지다,P1,"MEANING (inferred from content structure, not real search data)",,,틈(이) 벌어지다,"Figuratively, for a relationship between people or countries to worsen and become distant.",3,2,2,2,2,2,2,AUTO_CLASSIFIED,P3,KNU 한국어 일상 표현 사전 (Naver 오픈사전),"dictionary-style only, no nuance/example yet; korean accuracy not yet human-verified (separate axis from content strategy fit)"
pilioda-01,,필(이) 오다,ko,idiom,필(이) 오다,P1,"MEANING (inferred from content structure, not real search data)",,,필(이) 오다,"For a feeling, thought, or inspiration to suddenly hit.",3,2,2,2,2,2,2,AUTO_CLASSIFIED,P3,KNU 한국어 일상 표현 사전 (Naver 오픈사전),"dictionary-style only, no nuance/example yet; korean accuracy not yet human-verified (separate axis from content strategy fit)"
soneseonochianta-01,,손에서 놓지 않다,ko,idiom,손에서 놓지 않다,P1,"MEANING (inferred from content structure, not real search data)",,,손에서 놓지 않다,To keep doing something diligently without giving it up.,3,2,2,2,2,2,2,AUTO_CLASSIFIED,P3,KNU 한국어 일상 표현 사전 (Naver 오픈사전),"dictionary-style only, no nuance/example yet; korean accuracy not yet human-verified (separate axis from content strategy fit)"
saenggageuldollida-01,,생각(을) 돌리다,ko,idiom,생각(을) 돌리다,P1,"MEANING (inferred from content structure, not real search data)",,,생각(을) 돌리다,To shift one's thinking toward a different direction.,3,2,2,2,2,2,2,AUTO_CLASSIFIED,P3,KNU 한국어 일상 표현 사전 (Naver 오픈사전),"dictionary-style only, no nuance/example yet; korean accuracy not yet human-verified (separate axis from content strategy fit)"
jamgwigaeodupda-01,,잠귀(가) 어둡다,ko,idiom,잠귀(가) 어둡다,P1,"MEANING (inferred from content structure, not real search data)",,,잠귀(가) 어둡다,"To be a heavy sleeper, not waking easily to noise.",3,2,2,2,2,2,2,AUTO_CLASSIFIED,P3,KNU 한국어 일상 표현 사전 (Naver 오픈사전),"dictionary-style only, no nuance/example yet; korean accuracy not yet human-verified (separate axis from content strategy fit)"
neuncheodadoanboda-01,,N은 처다도 안 보다,ko,idiom,N은 처다도 안 보다,P1,"MEANING (inferred from content structure, not real search data)",,,N은 처다도 안 보다,"""Won't even look at N"" — refusing to ever consider or engage with something.",3,2,2,2,2,2,2,AUTO_CLASSIFIED,P3,KNU 한국어 일상 표현 사전 (Naver 오픈사전),"dictionary-style only, no nuance/example yet; korean accuracy not yet human-verified (separate axis from content strategy fit)"
seonggyeogeulbeorida-01,,성격(을) 버리다,ko,idiom,성격(을) 버리다,P1,"MEANING (inferred from content structure, not real search data)",,,성격(을) 버리다,For someone's personality to worsen from repeated bad experiences.,3,2,2,2,2,2,2,AUTO_CLASSIFIED,P3,KNU 한국어 일상 표현 사전 (Naver 오픈사전),"dictionary-style only, no nuance/example yet; korean accuracy not yet human-verified (separate axis from content strategy fit)"
ibianteoreojida-01,,입이 안 떨어지다,ko,idiom,입이 안 떨어지다,P1,"MEANING (inferred from content structure, not real search data)",,,입이 안 떨어지다,To be unable to bring oneself to say something difficult.,3,2,2,2,2,2,2,AUTO_CLASSIFIED,P3,KNU 한국어 일상 표현 사전 (Naver 오픈사전),"dictionary-style only, no nuance/example yet; korean accuracy not yet human-verified (separate axis from content strategy fit)"
mothalmareulhada-01,,못 할 말(을) 하다,ko,idiom,못 할 말(을) 하다,P1,"MEANING (inferred from content structure, not real search data)",,,못 할 말(을) 하다,To say something one really shouldn't have said.,3,2,2,2,2,2,2,AUTO_CLASSIFIED,P3,KNU 한국어 일상 표현 사전 (Naver 오픈사전),"dictionary-style only, no nuance/example yet; korean accuracy not yet human-verified (separate axis from content strategy fit)"
kkumeuljeopda-01,,꿈(을) 접다,ko,idiom,꿈(을) 접다,P1,"MEANING (inferred from content structure, not real search data)",,,꿈(을) 접다,To give up on a hope or ambition.,3,2,2,2,2,2,2,AUTO_CLASSIFIED,P3,KNU 한국어 일상 표현 사전 (Naver 오픈사전),"dictionary-style only, no nuance/example yet; korean accuracy not yet human-verified (separate axis from content strategy fit)"
gaeppyeodagwigateunsori-01,,개뼈다귀 같은 소리,ko,idiom,개뼈다귀 같은 소리,P1,"MEANING (inferred from content structure, not real search data)",,,개뼈다귀 같은 소리,"Dismissing something as nonsense — ""talk like a dog bone.""",3,2,2,2,2,2,2,AUTO_CLASSIFIED,P3,KNU 한국어 일상 표현 사전 (Naver 오픈사전),"dictionary-style only, no nuance/example yet; korean accuracy not yet human-verified (separate axis from content strategy fit)"
geongangchaenggisipsio-01,,건강 챙기십시오,ko,idiom,건강 챙기십시오,P1,"MEANING (inferred from content structure, not real search data)",,,건강 챙기십시오,A parting greeting a younger person says to wish an elder good health.,3,2,2,2,2,2,2,AUTO_CLASSIFIED,P3,KNU 한국어 일상 표현 사전 (Naver 오픈사전),"dictionary-style only, no nuance/example yet; korean accuracy not yet human-verified (separate axis from content strategy fit)"
salgoboda-01,,살고 보다,ko,idiom,살고 보다,P1,"MEANING (inferred from content structure, not real search data)",,,살고 보다,Prioritizing survival above all else when one lacks the means to worry about anything more.,3,2,2,2,2,2,2,AUTO_CLASSIFIED,P3,KNU 한국어 일상 표현 사전 (Naver 오픈사전),"dictionary-style only, no nuance/example yet; korean accuracy not yet human-verified (separate axis from content strategy fit)"
saenggereulitda-01,,생계(를) 잇다,ko,idiom,생계(를) 잇다,P1,"MEANING (inferred from content structure, not real search data)",,,생계(를) 잇다,To keep working to sustain one's livelihood.,3,2,2,2,2,2,2,AUTO_CLASSIFIED,P3,KNU 한국어 일상 표현 사전 (Naver 오픈사전),"dictionary-style only, no nuance/example yet; korean accuracy not yet human-verified (separate axis from content strategy fit)"
doelnomendoeda-01,,될 놈은 되다,ko,idiom,될 놈은 되다,P1,"MEANING (inferred from content structure, not real search data)",,,될 놈은 되다,Someone destined to succeed will succeed even under harsh circumstances.,3,2,2,2,2,2,2,AUTO_CLASSIFIED,P3,KNU 한국어 일상 표현 사전 (Naver 오픈사전),"dictionary-style only, no nuance/example yet; korean accuracy not yet human-verified (separate axis from content strategy fit)"
keugedoeda-01,,크게 되다,ko,idiom,크게 되다,P1,"MEANING (inferred from content structure, not real search data)",,,크게 되다,To achieve great success.,3,2,2,2,2,2,2,AUTO_CLASSIFIED,P3,KNU 한국어 일상 표현 사전 (Naver 오픈사전),"dictionary-style only, no nuance/example yet; korean accuracy not yet human-verified (separate axis from content strategy fit)"
sonibannabaribanna-01,,"손이 없나, 발이 없나",ko,idiom,"손이 없나, 발이 없나",P1,"MEANING (inferred from content structure, not real search data)",,,"손이 없나, 발이 없나",A scolding remark toward someone too lazy to do something themselves and instead asking others.,3,2,2,2,2,2,2,AUTO_CLASSIFIED,P3,KNU 한국어 일상 표현 사전 (Naver 오픈사전),"dictionary-style only, no nuance/example yet; korean accuracy not yet human-verified (separate axis from content strategy fit)"
annyeonghijumusyeotseumnikka-01,,안녕히 주무셨습니까,ko,idiom,안녕히 주무셨습니까,P1,"MEANING (inferred from content structure, not real search data)",,,안녕히 주무셨습니까,A polite morning greeting asking if someone slept well.,3,2,2,2,2,2,2,AUTO_CLASSIFIED,P3,KNU 한국어 일상 표현 사전 (Naver 오픈사전),"dictionary-style only, no nuance/example yet; korean accuracy not yet human-verified (separate axis from content strategy fit)"
mulleonalgosiepda-01,,물러날 곳이 없다,ko,idiom,물러날 곳이 없다,P1,"MEANING (inferred from content structure, not real search data)",,,물러날 곳이 없다,To face a situation with no way to retreat or escape.,3,2,2,2,2,2,2,AUTO_CLASSIFIED,P3,KNU 한국어 일상 표현 사전 (Naver 오픈사전),"dictionary-style only, no nuance/example yet; korean accuracy not yet human-verified (separate axis from content strategy fit)"
sillyegamanatseumnida-01,,실례(가) 많았습니다,ko,idiom,실례(가) 많았습니다,P1,"MEANING (inferred from content structure, not real search data)",,,실례(가) 많았습니다,A polite apology said after having done something that may have been an imposition.,3,2,2,2,2,2,2,AUTO_CLASSIFIED,P3,KNU 한국어 일상 표현 사전 (Naver 오픈사전),"dictionary-style only, no nuance/example yet; korean accuracy not yet human-verified (separate axis from content strategy fit)"
muntteulbong-01,,문틀봉,ko,idiom,문틀봉,P1,"MEANING (inferred from content structure, not real search data)",,,문틀봉,A pull-up bar fixture set up in a doorframe for home exercise.,3,2,2,2,2,2,2,AUTO_CLASSIFIED,P3,KNU 한국어 일상 표현 사전 (Naver 오픈사전),"dictionary-style only, no nuance/example yet; korean accuracy not yet human-verified (separate axis from content strategy fit)"
mwona-01,,뭐나,ko,idiom,뭐나,P1,"MEANING (inferred from content structure, not real search data)",,,뭐나,Used when one can't quite recall what comes next in thought or speech.,3,2,2,2,2,2,2,AUTO_CLASSIFIED,P3,KNU 한국어 일상 표현 사전 (Naver 오픈사전),"dictionary-style only, no nuance/example yet; korean accuracy not yet human-verified (separate axis from content strategy fit)"
songutda-01,,손(이) 굳다,ko,idiom,손(이) 굳다,P1,"MEANING (inferred from content structure, not real search data)",,,손(이) 굳다,To lose one's touch/dexterity from lack of practice.,3,2,2,2,2,2,2,AUTO_CLASSIFIED,P3,KNU 한국어 일상 표현 사전 (Naver 오픈사전),"dictionary-style only, no nuance/example yet; korean accuracy not yet human-verified (separate axis from content strategy fit)"
pumesalgopumejukda-01,,품에 살고 품에 죽다,ko,idiom,품에 살고 품에 죽다,P1,"MEANING (inferred from content structure, not real search data)",,,품에 살고 품에 죽다,To prioritize appearances over substance in one's attitude or values.,3,2,2,2,2,2,2,AUTO_CLASSIFIED,P3,KNU 한국어 일상 표현 사전 (Naver 오픈사전),"dictionary-style only, no nuance/example yet; korean accuracy not yet human-verified (separate axis from content strategy fit)"
maeumipulleojida-01,,마음이 풀어지다,ko,idiom,마음이 풀어지다,P1,"MEANING (inferred from content structure, not real search data)",,,마음이 풀어지다,For a bad feeling to fade and one's mood to soften.,3,2,2,2,2,2,2,AUTO_CLASSIFIED,P3,KNU 한국어 일상 표현 사전 (Naver 오픈사전),"dictionary-style only, no nuance/example yet; korean accuracy not yet human-verified (separate axis from content strategy fit)"
dakeonne-01,,다 컸네,ko,idiom,다 컸네,P1,"MEANING (inferred from content structure, not real search data)",,,다 컸네,Said admiringly when someone shows unexpectedly mature behavior.,3,2,2,2,2,2,2,AUTO_CLASSIFIED,P3,KNU 한국어 일상 표현 사전 (Naver 오픈사전),"dictionary-style only, no nuance/example yet; korean accuracy not yet human-verified (separate axis from content strategy fit)"
bakkuomalhada-01,,바꾸어 말하다,ko,idiom,바꾸어 말하다,P1,"MEANING (inferred from content structure, not real search data)",,,바꾸어 말하다,"To express the same thing differently, in other words.",3,2,2,2,2,2,2,AUTO_CLASSIFIED,P3,KNU 한국어 일상 표현 사전 (Naver 오픈사전),"dictionary-style only, no nuance/example yet; korean accuracy not yet human-verified (separate axis from content strategy fit)"
sureulikda-01,,수를 읽다,ko,idiom,수를 읽다,P1,"MEANING (inferred from content structure, not real search data)",,,수를 읽다,To see through and figure out someone's plans or scheme.,3,2,2,2,2,2,2,AUTO_CLASSIFIED,P3,KNU 한국어 일상 표현 사전 (Naver 오픈사전),"dictionary-style only, no nuance/example yet; korean accuracy not yet human-verified (separate axis from content strategy fit)"
sadarireulgeoeochada-01,,사다리(를) 걷어차다,ko,idiom,사다리(를) 걷어차다,P1,"MEANING (inferred from content structure, not real search data)",,,사다리(를) 걷어차다,To cut off the chance for someone else (or oneself) to move up to the next level.,3,2,2,2,2,2,2,AUTO_CLASSIFIED,P3,KNU 한국어 일상 표현 사전 (Naver 오픈사전),"dictionary-style only, no nuance/example yet; korean accuracy not yet human-verified (separate axis from content strategy fit)"
munjangeulkkumida-01,,문장을 꾸미다,ko,idiom,문장을 꾸미다,P1,"MEANING (inferred from content structure, not real search data)",,,문장을 꾸미다,"To add elements to a sentence, making it more vivid and specific.",3,2,2,2,2,2,2,AUTO_CLASSIFIED,P3,KNU 한국어 일상 표현 사전 (Naver 오픈사전),"dictionary-style only, no nuance/example yet; korean accuracy not yet human-verified (separate axis from content strategy fit)"
myeongmaegeulieogada-01,,명맥을 이어 가다,ko,idiom,명맥을 이어 가다,P1,"MEANING (inferred from content structure, not real search data)",,,명맥을 이어 가다,To keep the essential minimum part of something going in order to sustain it.,3,2,2,2,2,2,2,AUTO_CLASSIFIED,P3,KNU 한국어 일상 표현 사전 (Naver 오픈사전),"dictionary-style only, no nuance/example yet; korean accuracy not yet human-verified (separate axis from content strategy fit)"
nunebwuineungeopda-01,,눈에 뵈는 게 없다,ko,idiom,눈에 뵈는 게 없다,P1,"MEANING (inferred from content structure, not real search data)",,,눈에 뵈는 게 없다,To have lost all sense of judgment/restraint.,3,2,2,2,2,2,2,AUTO_CLASSIFIED,P3,KNU 한국어 일상 표현 사전 (Naver 오픈사전),"dictionary-style only, no nuance/example yet; korean accuracy not yet human-verified (separate axis from content strategy fit)"
gasareuljeolda-01,,가사(를) 절다,ko,idiom,가사(를) 절다,P1,"MEANING (inferred from content structure, not real search data)",,,가사(를) 절다,To forget the lyrics while singing along.,3,2,2,2,2,2,2,AUTO_CLASSIFIED,P3,KNU 한국어 일상 표현 사전 (Naver 오픈사전),"dictionary-style only, no nuance/example yet; korean accuracy not yet human-verified (separate axis from content strategy fit)"
hwangsanguikombi-01,,환상의 콤비,ko,idiom,환상의 콤비,P1,"MEANING (inferred from content structure, not real search data)",,,환상의 콤비,A pair or duo who complement each other extremely well.,3,2,2,2,2,2,2,AUTO_CLASSIFIED,P3,KNU 한국어 일상 표현 사전 (Naver 오픈사전),"dictionary-style only, no nuance/example yet; korean accuracy not yet human-verified (separate axis from content strategy fit)"
heumjibeulnaeda-01,,흠집(을) 내다,ko,idiom,흠집(을) 내다,P1,"MEANING (inferred from content structure, not real search data)",,,흠집(을) 내다,To fabricate faults or defects in a person or product.,3,2,2,2,2,2,2,AUTO_CLASSIFIED,P3,KNU 한국어 일상 표현 사전 (Naver 오픈사전),"dictionary-style only, no nuance/example yet; korean accuracy not yet human-verified (separate axis from content strategy fit)"
nkeot-01,,N 컷,ko,idiom,N 컷,P1,"MEANING (inferred from content structure, not real search data)",,,N 컷,Something completed within N units of time.,3,2,2,2,2,2,2,AUTO_CLASSIFIED,P3,KNU 한국어 일상 표현 사전 (Naver 오픈사전),"dictionary-style only, no nuance/example yet; korean accuracy not yet human-verified (separate axis from content strategy fit)"
jarireulmullyeojuda-01,,자리를 물려주다,ko,idiom,자리를 물려주다,P1,"MEANING (inferred from content structure, not real search data)",,,자리를 물려주다,To hand over one's position or status to someone else.,3,2,2,2,2,2,2,AUTO_CLASSIFIED,P3,KNU 한국어 일상 표현 사전 (Naver 오픈사전),"dictionary-style only, no nuance/example yet; korean accuracy not yet human-verified (separate axis from content strategy fit)"
nimatdonaematdoanida-01,,니 맛도 내 맛도 아니다,ko,idiom,니 맛도 내 맛도 아니다,P1,"MEANING (inferred from content structure, not real search data)",,,니 맛도 내 맛도 아니다,Neither this nor that — lacking any distinctive taste or character.,3,2,2,2,2,2,2,AUTO_CLASSIFIED,P3,KNU 한국어 일상 표현 사전 (Naver 오픈사전),"dictionary-style only, no nuance/example yet; korean accuracy not yet human-verified (separate axis from content strategy fit)"
bibilguseok-01,,비빌 구석,ko,idiom,비빌 구석,P1,"MEANING (inferred from content structure, not real search data)",,,비빌 구석,Someone or something one can lean on and rely on.,3,2,2,2,2,2,2,AUTO_CLASSIFIED,P3,KNU 한국어 일상 표현 사전 (Naver 오픈사전),"dictionary-style only, no nuance/example yet; korean accuracy not yet human-verified (separate axis from content strategy fit)"
pallorettulda-01,,판로(를) 뚫다,ko,idiom,판로(를) 뚫다,P1,"MEANING (inferred from content structure, not real search data)",,,판로(를) 뚫다,To find a new way/market to sell a product.,3,2,2,2,2,2,2,AUTO_CLASSIFIED,P3,KNU 한국어 일상 표현 사전 (Naver 오픈사전),"dictionary-style only, no nuance/example yet; korean accuracy not yet human-verified (separate axis from content strategy fit)"
gaebaksalinada-01,,개박살(이) 나다,ko,idiom,개박살(이) 나다,P1,"MEANING (inferred from content structure, not real search data)",,,개박살(이) 나다,"Informally, to be utterly, thoroughly destroyed/beaten.",3,2,2,2,2,2,2,AUTO_CLASSIFIED,P3,KNU 한국어 일상 표현 사전 (Naver 오픈사전),"dictionary-style only, no nuance/example yet; korean accuracy not yet human-verified (separate axis from content strategy fit)"
beoseujinagagosonheundeulda-01,,버스 지나가고 손 흔들다,ko,idiom,버스 지나가고 손 흔들다,P1,"MEANING (inferred from content structure, not real search data)",,,버스 지나가고 손 흔들다,"To act too late, doing something only after the opportune moment has already passed.",3,2,2,2,2,2,2,AUTO_CLASSIFIED,P3,KNU 한국어 일상 표현 사전 (Naver 오픈사전),"dictionary-style only, no nuance/example yet; korean accuracy not yet human-verified (separate axis from content strategy fit)"
yeolbyeoneultohada-01,,열변(을) 토하다,ko,idiom,열변(을) 토하다,P1,"MEANING (inferred from content structure, not real search data)",,,열변(을) 토하다,To speak passionately and forcefully in support of one's argument.,3,2,2,2,2,2,2,AUTO_CLASSIFIED,P3,KNU 한국어 일상 표현 사전 (Naver 오픈사전),"dictionary-style only, no nuance/example yet; korean accuracy not yet human-verified (separate axis from content strategy fit)"
heotdul-01,,헛둘,ko,idiom,헛둘,P1,"MEANING (inferred from content structure, not real search data)",,,헛둘,"A count (""one, two"") shouted rhythmically during exercise/marching drills.",3,2,2,2,2,2,2,AUTO_CLASSIFIED,P3,KNU 한국어 일상 표현 사전 (Naver 오픈사전),"dictionary-style only, no nuance/example yet; korean accuracy not yet human-verified (separate axis from content strategy fit)"
pyojeongigutda-01,,표정(이) 굳다,ko,idiom,표정(이) 굳다,P1,"MEANING (inferred from content structure, not real search data)",,,표정(이) 굳다,"For one's expression to stiffen, losing softness.",3,2,2,2,2,2,2,AUTO_CLASSIFIED,P3,KNU 한국어 일상 표현 사전 (Naver 오픈사전),"dictionary-style only, no nuance/example yet; korean accuracy not yet human-verified (separate axis from content strategy fit)"
nalgogida-01,,날고 기다,ko,idiom,날고 기다,P1,"MEANING (inferred from content structure, not real search data)",,,날고 기다,"To be exceptionally, outstandingly skilled.",3,2,2,2,2,2,2,AUTO_CLASSIFIED,P3,KNU 한국어 일상 표현 사전 (Naver 오픈사전),"dictionary-style only, no nuance/example yet; korean accuracy not yet human-verified (separate axis from content strategy fit)"
gungnikkeute-01,,궁리 끝에,ko,idiom,궁리 끝에,P1,"MEANING (inferred from content structure, not real search data)",,,궁리 끝에,"""After much deliberation"" — following a period of careful thought.",3,2,2,2,2,2,2,AUTO_CLASSIFIED,P3,KNU 한국어 일상 표현 사전 (Naver 오픈사전),"dictionary-style only, no nuance/example yet; korean accuracy not yet human-verified (separate axis from content strategy fit)"
gaetteokgatimalhaedochaltteokgatialadeutda-01,,개떡 같이 말해도 찰떡 같이 알아듣다,ko,idiom,개떡 같이 말해도 찰떡 같이 알아듣다,P1,"MEANING (inferred from content structure, not real search data)",,,개떡 같이 말해도 찰떡 같이 알아듣다,To understand perfectly even when something is explained poorly.,3,2,2,2,2,2,2,AUTO_CLASSIFIED,P3,KNU 한국어 일상 표현 사전 (Naver 오픈사전),"dictionary-style only, no nuance/example yet; korean accuracy not yet human-verified (separate axis from content strategy fit)"
goksorigananda-01,,곡소리(가) 나다,ko,idiom,곡소리(가) 나다,P1,"MEANING (inferred from content structure, not real search data)",,,곡소리(가) 나다,For a task or situation to be so hard it makes people groan/wail.,3,2,2,2,2,2,2,AUTO_CLASSIFIED,P3,KNU 한국어 일상 표현 사전 (Naver 오픈사전),"dictionary-style only, no nuance/example yet; korean accuracy not yet human-verified (separate axis from content strategy fit)"
bapsangeulgeoeochada-01,,밥상(을) 걷어차다,ko,idiom,밥상(을) 걷어차다,P1,"MEANING (inferred from content structure, not real search data)",,,밥상(을) 걷어차다,"Figuratively, to throw away a good opportunity that came one's way.",3,2,2,2,2,2,2,AUTO_CLASSIFIED,P3,KNU 한국어 일상 표현 사전 (Naver 오픈사전),"dictionary-style only, no nuance/example yet; korean accuracy not yet human-verified (separate axis from content strategy fit)"
saigabeoleojida-01,,사이가 벌어지다,ko,idiom,사이가 벌어지다,P1,"MEANING (inferred from content structure, not real search data)",,,사이가 벌어지다,For a relationship to grow more distant.,3,2,2,2,2,2,2,AUTO_CLASSIFIED,P3,KNU 한국어 일상 표현 사전 (Naver 오픈사전),"dictionary-style only, no nuance/example yet; korean accuracy not yet human-verified (separate axis from content strategy fit)"
jugeulnareulbadaanota-01,,죽을 날(을) 받아 놓다,ko,idiom,죽을 날(을) 받아 놓다,P1,"MEANING (inferred from content structure, not real search data)",,,죽을 날(을) 받아 놓다,"To act unlike one's usual self, as if resigned to death being near.",3,2,2,2,2,2,2,AUTO_CLASSIFIED,P3,KNU 한국어 일상 표현 사전 (Naver 오픈사전),"dictionary-style only, no nuance/example yet; korean accuracy not yet human-verified (separate axis from content strategy fit)"
ibeulbeorida-01,,입(을) 버리다,ko,idiom,입(을) 버리다,P1,"MEANING (inferred from content structure, not real search data)",,,입(을) 버리다,To lose one's appetite.,3,2,2,2,2,2,2,AUTO_CLASSIFIED,P3,KNU 한국어 일상 표현 사전 (Naver 오픈사전),"dictionary-style only, no nuance/example yet; korean accuracy not yet human-verified (separate axis from content strategy fit)"
mwonsoriya-01,,뭔 소리야,ko,idiom,뭔 소리야,P1,"MEANING (inferred from content structure, not real search data)",,,뭔 소리야,"""What are you talking about?"" — reacting to a confusing or unexpected statement.",3,2,2,2,2,2,2,AUTO_CLASSIFIED,P3,KNU 한국어 일상 표현 사전 (Naver 오픈사전),"dictionary-style only, no nuance/example yet; korean accuracy not yet human-verified (separate axis from content strategy fit)"
gajigonolda-01,,가지고 놀다,ko,idiom,가지고 놀다,P1,"MEANING (inferred from content structure, not real search data)",,,가지고 놀다,"Informally, to toy with a person or thing as if they were one's plaything.",3,2,2,2,2,2,2,AUTO_CLASSIFIED,P3,KNU 한국어 일상 표현 사전 (Naver 오픈사전),"dictionary-style only, no nuance/example yet; korean accuracy not yet human-verified (separate axis from content strategy fit)"
donghakgaemi-01,,동학 개미,ko,idiom,동학 개미,P1,"MEANING (inferred from content structure, not real search data)",,,동학 개미,A term for individual retail investors who piled into Korean stocks after COVID-19.,3,2,2,2,2,2,2,AUTO_CLASSIFIED,P3,KNU 한국어 일상 표현 사전 (Naver 오픈사전),"dictionary-style only, no nuance/example yet; korean accuracy not yet human-verified (separate axis from content strategy fit)"
kkaengpaneulnota-01,,깽판(을) 놓다,ko,idiom,깽판(을) 놓다,P1,"MEANING (inferred from content structure, not real search data)",,,깽판(을) 놓다,"Informally, to loudly disrupt a situation.",3,2,2,2,2,2,2,AUTO_CLASSIFIED,P3,KNU 한국어 일상 표현 사전 (Naver 오픈사전),"dictionary-style only, no nuance/example yet; korean accuracy not yet human-verified (separate axis from content strategy fit)"
garageuljapda-01,,가락(을) 잡다,ko,idiom,가락(을) 잡다,P1,"MEANING (inferred from content structure, not real search data)",,,가락(을) 잡다,For a song or performance to match rhythm and pitch properly.,3,2,2,2,2,2,2,AUTO_CLASSIFIED,P3,KNU 한국어 일상 표현 사전 (Naver 오픈사전),"dictionary-style only, no nuance/example yet; korean accuracy not yet human-verified (separate axis from content strategy fit)"
kkeunteoreojinyeon-01,,끈 떨어진 연,ko,idiom,끈 떨어진 연,P1,"MEANING (inferred from content structure, not real search data)",,,끈 떨어진 연,"Figuratively, someone who's lost all backing/support and been left stranded — ""a kite with a cut string.""",3,2,2,2,2,2,2,AUTO_CLASSIFIED,P3,KNU 한국어 일상 표현 사전 (Naver 오픈사전),"dictionary-style only, no nuance/example yet; korean accuracy not yet human-verified (separate axis from content strategy fit)"
haneuleulureoreohanjeombukkeureoumieopda-01,,하늘을 우러러 한 점 부끄러움(이) 없다,ko,idiom,하늘을 우러러 한 점 부끄러움(이) 없다,P1,"MEANING (inferred from content structure, not real search data)",,,하늘을 우러러 한 점 부끄러움(이) 없다,To have absolutely nothing to be ashamed of.,3,2,2,2,2,2,2,AUTO_CLASSIFIED,P3,KNU 한국어 일상 표현 사전 (Naver 오픈사전),"dictionary-style only, no nuance/example yet; korean accuracy not yet human-verified (separate axis from content strategy fit)"
doririksueopneunganguleongeonneda-01,,돌이킬 수 없는 강을 건너다,ko,idiom,돌이킬 수 없는 강을 건너다,P1,"MEANING (inferred from content structure, not real search data)",,,돌이킬 수 없는 강을 건너다,To cross a point of no return.,3,2,2,2,2,2,2,AUTO_CLASSIFIED,P3,KNU 한국어 일상 표현 사전 (Naver 오픈사전),"dictionary-style only, no nuance/example yet; korean accuracy not yet human-verified (separate axis from content strategy fit)"
gyegeupjangeultteego-01,,계급장(을) 떼고,ko,idiom,계급장(을) 떼고,P1,"MEANING (inferred from content structure, not real search data)",,,계급장(을) 떼고,"""Setting aside rank/status"" — treating each other as equals regardless of hierarchy.",3,2,2,2,2,2,2,AUTO_CLASSIFIED,P3,KNU 한국어 일상 표현 사전 (Naver 오픈사전),"dictionary-style only, no nuance/example yet; korean accuracy not yet human-verified (separate axis from content strategy fit)"
jayuroeunyeonghon-01,,자유로운 영혼,ko,idiom,자유로운 영혼,P1,"MEANING (inferred from content structure, not real search data)",,,자유로운 영혼,"Someone who acts entirely by their own will, unbound by convention.",3,2,2,2,2,2,2,AUTO_CLASSIFIED,P3,KNU 한국어 일상 표현 사전 (Naver 오픈사전),"dictionary-style only, no nuance/example yet; korean accuracy not yet human-verified (separate axis from content strategy fit)"
eolgureulpulda-01,,얼굴(을) 풀다,ko,idiom,얼굴(을) 풀다,P1,"MEANING (inferred from content structure, not real search data)",,,얼굴(을) 풀다,To soften a tense or angry expression.,3,2,2,2,2,2,2,AUTO_CLASSIFIED,P3,KNU 한국어 일상 표현 사전 (Naver 오픈사전),"dictionary-style only, no nuance/example yet; korean accuracy not yet human-verified (separate axis from content strategy fit)"
nawonchamm-01,,나 원 참,ko,idiom,나 원 참,P1,"MEANING (inferred from content structure, not real search data)",,,나 원 참,An exclamation of astonishment or exasperation.,3,2,2,2,2,2,2,AUTO_CLASSIFIED,P3,KNU 한국어 일상 표현 사전 (Naver 오픈사전),"dictionary-style only, no nuance/example yet; korean accuracy not yet human-verified (separate axis from content strategy fit)"
nimaerongida-01,,N(이) 매롱이다,ko,idiom,N(이) 매롱이다,P1,"MEANING (inferred from content structure, not real search data)",,,N(이) 매롱이다,For a situation to become awkward or embarrassing.,3,2,2,2,2,2,2,AUTO_CLASSIFIED,P3,KNU 한국어 일상 표현 사전 (Naver 오픈사전),"dictionary-style only, no nuance/example yet; korean accuracy not yet human-verified (separate axis from content strategy fit)"
maeumiyakhaejida-01,,마음(이) 약해지다,ko,idiom,마음(이) 약해지다,P1,"MEANING (inferred from content structure, not real search data)",,,마음(이) 약해지다,"For one's resolve to weaken, becoming softer emotionally.",3,2,2,2,2,2,2,AUTO_CLASSIFIED,P3,KNU 한국어 일상 표현 사전 (Naver 오픈사전),"dictionary-style only, no nuance/example yet; korean accuracy not yet human-verified (separate axis from content strategy fit)"
sonhaereulboda-01,,손해(를) 보다,ko,idiom,손해(를) 보다,P1,"MEANING (inferred from content structure, not real search data)",,,손해(를) 보다,To suffer material or mental loss/harm.,3,2,2,2,2,2,2,AUTO_CLASSIFIED,P3,KNU 한국어 일상 표현 사전 (Naver 오픈사전),"dictionary-style only, no nuance/example yet; korean accuracy not yet human-verified (separate axis from content strategy fit)"
saekkalroneulssuida-01,,색깔론(을) 씌우다,ko,idiom,색깔론(을) 씌우다,P1,"MEANING (inferred from content structure, not real search data)",,,색깔론(을) 씌우다,"To accuse a political rival of favoring North Korea/being ideologically suspect, mainly in political disputes.",3,2,2,2,2,2,2,AUTO_CLASSIFIED,P3,KNU 한국어 일상 표현 사전 (Naver 오픈사전),"dictionary-style only, no nuance/example yet; korean accuracy not yet human-verified (separate axis from content strategy fit)"
jaesutaengi-01,,재수탱이,ko,idiom,재수탱이,P1,"MEANING (inferred from content structure, not real search data)",,,재수탱이,A term for someone bratty and unlikeable.,3,2,2,2,2,2,2,AUTO_CLASSIFIED,P3,KNU 한국어 일상 표현 사전 (Naver 오픈사전),"dictionary-style only, no nuance/example yet; korean accuracy not yet human-verified (separate axis from content strategy fit)"
jangnimkokkirdarimanjigi-01,,장님 코끼리 다리 만지기,ko,idiom,장님 코끼리 다리 만지기,P1,"MEANING (inferred from content structure, not real search data)",,,장님 코끼리 다리 만지기,"""A blind man feeling an elephant's leg"" — describing someone who explains a whole thing based on only one small part they know.",3,2,2,2,2,2,2,AUTO_CLASSIFIED,P3,KNU 한국어 일상 표현 사전 (Naver 오픈사전),"dictionary-style only, no nuance/example yet; korean accuracy not yet human-verified (separate axis from content strategy fit)"
eolgulgapseulhada-01,,얼굴값(을) 하다,ko,idiom,얼굴값(을) 하다,P1,"MEANING (inferred from content structure, not real search data)",,,얼굴값(을) 하다,"Informally, to act (usually poorly) in a way that matches one's looks.",3,2,2,2,2,2,2,AUTO_CLASSIFIED,P3,KNU 한국어 일상 표현 사전 (Naver 오픈사전),"dictionary-style only, no nuance/example yet; korean accuracy not yet human-verified (separate axis from content strategy fit)"
gidoanchada-01,,기도 안 차다,ko,idiom,기도 안 차다,P1,"MEANING (inferred from content structure, not real search data)",,,기도 안 차다,"To be too absurd for words, leaving one speechless.",3,2,2,2,2,2,2,AUTO_CLASSIFIED,P3,KNU 한국어 일상 표현 사전 (Naver 오픈사전),"dictionary-style only, no nuance/example yet; korean accuracy not yet human-verified (separate axis from content strategy fit)"
saseohada-01,,사서 하다,ko,idiom,사서 하다,P1,"MEANING (inferred from content structure, not real search data)",,,사서 하다,To do something entirely unnecessary out of one's own choice.,3,2,2,2,2,2,2,AUTO_CLASSIFIED,P3,KNU 한국어 일상 표현 사전 (Naver 오픈사전),"dictionary-style only, no nuance/example yet; korean accuracy not yet human-verified (separate axis from content strategy fit)"
onyuwolgaepaedeut-01,,오뉴월 개 패듯,ko,idiom,오뉴월 개 패듯,P1,"MEANING (inferred from content structure, not real search data)",,,오뉴월 개 패듯,Beating someone mercilessly and without restraint.,3,2,2,2,2,2,2,AUTO_CLASSIFIED,P3,KNU 한국어 일상 표현 사전 (Naver 오픈사전),"dictionary-style only, no nuance/example yet; korean accuracy not yet human-verified (separate axis from content strategy fit)"
nundojangeuljjikda-01,,눈도장(을) 찍다,ko,idiom,눈도장(을) 찍다,P1,"MEANING (inferred from content structure, not real search data)",,,눈도장(을) 찍다,To catch someone's eye and leave a favorable impression.,3,2,2,2,2,2,2,AUTO_CLASSIFIED,P3,KNU 한국어 일상 표현 사전 (Naver 오픈사전),"dictionary-style only, no nuance/example yet; korean accuracy not yet human-verified (separate axis from content strategy fit)"
baekmatanwangja-01,,백마 탄 왕자,ko,idiom,백마 탄 왕자,P1,"MEANING (inferred from content structure, not real search data)",,,백마 탄 왕자,"Figuratively, an ideal, perfect man — ""a prince on a white horse.""",3,2,2,2,2,2,2,AUTO_CLASSIFIED,P3,KNU 한국어 일상 표현 사전 (Naver 오픈사전),"dictionary-style only, no nuance/example yet; korean accuracy not yet human-verified (separate axis from content strategy fit)"
heonsinhamyeonheonsinjjagidoenda-01,,헌신하면 헌신짝(이) 되다,ko,idiom,헌신하면 헌신짝(이) 되다,P1,"MEANING (inferred from content structure, not real search data)",,,헌신하면 헌신짝(이) 되다,"The more you devote yourself to someone, the more likely you are to be discarded once you're no longer useful.",3,2,2,2,2,2,2,AUTO_CLASSIFIED,P3,KNU 한국어 일상 표현 사전 (Naver 오픈사전),"dictionary-style only, no nuance/example yet; korean accuracy not yet human-verified (separate axis from content strategy fit)"
jjeojida-01,,찢어지다,ko,idiom,찢어지다,P1,"MEANING (inferred from content structure, not real search data)",,,찢어지다,"For a romantic relationship to end, or a friendship to fall apart.",3,2,2,2,2,2,2,AUTO_CLASSIFIED,P3,KNU 한국어 일상 표현 사전 (Naver 오픈사전),"dictionary-style only, no nuance/example yet; korean accuracy not yet human-verified (separate axis from content strategy fit)"
nallidoanida-01,,난리도 아니다,ko,idiom,난리도 아니다,P1,"MEANING (inferred from content structure, not real search data)",,,난리도 아니다,Describing a situation as chaotic and disorganized.,3,2,2,2,2,2,2,AUTO_CLASSIFIED,P3,KNU 한국어 일상 표현 사전 (Naver 오픈사전),"dictionary-style only, no nuance/example yet; korean accuracy not yet human-verified (separate axis from content strategy fit)"
idojeodoanida-01,,이도 저도 아니다,ko,idiom,이도 저도 아니다,P1,"MEANING (inferred from content structure, not real search data)",,,이도 저도 아니다,"To be neither one thing nor the other, lacking any clear identity.",3,2,2,2,2,2,2,AUTO_CLASSIFIED,P3,KNU 한국어 일상 표현 사전 (Naver 오픈사전),"dictionary-style only, no nuance/example yet; korean accuracy not yet human-verified (separate axis from content strategy fit)"
anjuroSamda-01,,안주(로) 삼다,ko,idiom,안주(로) 삼다,P1,"MEANING (inferred from content structure, not real search data)",,,안주(로) 삼다,"Figuratively, to use something (like gossip) as material to enjoy talking about.",3,2,2,2,2,2,2,AUTO_CLASSIFIED,P3,KNU 한국어 일상 표현 사전 (Naver 오픈사전),"dictionary-style only, no nuance/example yet; korean accuracy not yet human-verified (separate axis from content strategy fit)"
maeumiitda-01,,마음(이) 있다,ko,idiom,마음(이) 있다,P1,"MEANING (inferred from content structure, not real search data)",,,마음(이) 있다,To have interest or affection toward something/someone.,3,2,2,2,2,2,2,AUTO_CLASSIFIED,P3,KNU 한국어 일상 표현 사전 (Naver 오픈사전),"dictionary-style only, no nuance/example yet; korean accuracy not yet human-verified (separate axis from content strategy fit)"
motbolggol-01,,못 볼 꼴,ko,idiom,못 볼 꼴,P1,"MEANING (inferred from content structure, not real search data)",,,못 볼 꼴,An unpleasant sight.,3,2,2,2,2,2,2,AUTO_CLASSIFIED,P3,KNU 한국어 일상 표현 사전 (Naver 오픈사전),"dictionary-style only, no nuance/example yet; korean accuracy not yet human-verified (separate axis from content strategy fit)"
gimigaboida-01,,기미(가) 보이다,ko,idiom,기미(가) 보이다,P1,"MEANING (inferred from content structure, not real search data)",,,기미(가) 보이다,For signs that something is starting/progressing to become apparent.,3,2,2,2,2,2,2,AUTO_CLASSIFIED,P3,KNU 한국어 일상 표현 사전 (Naver 오픈사전),"dictionary-style only, no nuance/example yet; korean accuracy not yet human-verified (separate axis from content strategy fit)"
beirege-gamchwojida-01,,베일에 감춰지다,ko,idiom,베일에 감춰지다,P1,"MEANING (inferred from content structure, not real search data)",,,베일에 감춰지다,For something to be kept so secret that its true nature can't be known.,3,2,2,2,2,2,2,AUTO_CLASSIFIED,P3,KNU 한국어 일상 표현 사전 (Naver 오픈사전),"dictionary-style only, no nuance/example yet; korean accuracy not yet human-verified (separate axis from content strategy fit)"
sabeontaja-01,,사 번 타자,ko,idiom,사 번 타자,P1,"MEANING (inferred from content structure, not real search data)",,,사 번 타자,"The ""cleanup hitter"" — the person/thing playing the most important role or best equipped for a task.",3,2,2,2,2,2,2,AUTO_CLASSIFIED,P3,KNU 한국어 일상 표현 사전 (Naver 오픈사전),"dictionary-style only, no nuance/example yet; korean accuracy not yet human-verified (separate axis from content strategy fit)"
jikgyeoktaneulnallida-01,,직격탄(을) 날리다,ko,idiom,직격탄(을) 날리다,P1,"MEANING (inferred from content structure, not real search data)",,,직격탄(을) 날리다,To inflict direct damage on someone/something.,3,2,2,2,2,2,2,AUTO_CLASSIFIED,P3,KNU 한국어 일상 표현 사전 (Naver 오픈사전),"dictionary-style only, no nuance/example yet; korean accuracy not yet human-verified (separate axis from content strategy fit)"
yakjeomeuljapda-01,,약점(을) 잡다,ko,idiom,약점(을) 잡다,P1,"MEANING (inferred from content structure, not real search data)",,,약점(을) 잡다,To find and use someone's weakness or hidden secret against them.,3,2,2,2,2,2,2,AUTO_CLASSIFIED,P3,KNU 한국어 일상 표현 사전 (Naver 오픈사전),"dictionary-style only, no nuance/example yet; korean accuracy not yet human-verified (separate axis from content strategy fit)"
meorireulbokkda-01,,머리(를) 볶다,ko,idiom,머리(를) 볶다,P1,"MEANING (inferred from content structure, not real search data)",,,머리(를) 볶다,To get a perm done on one's hair.,3,2,2,2,2,2,2,AUTO_CLASSIFIED,P3,KNU 한국어 일상 표현 사전 (Naver 오픈사전),"dictionary-style only, no nuance/example yet; korean accuracy not yet human-verified (separate axis from content strategy fit)"
eopjianaitda-01,,없지 않아 있다,ko,idiom,없지 않아 있다,P1,"MEANING (inferred from content structure, not real search data)",,,없지 않아 있다,To exist to at least some noticeable degree.,3,2,2,2,2,2,2,AUTO_CLASSIFIED,P3,KNU 한국어 일상 표현 사전 (Naver 오픈사전),"dictionary-style only, no nuance/example yet; korean accuracy not yet human-verified (separate axis from content strategy fit)"
gigajukda-01,,기(가) 죽다,ko,idiom,기(가) 죽다,P1,"MEANING (inferred from content structure, not real search data)",,,기(가) 죽다,"To lose one's spirit or confidence, feeling intimidated.",3,2,2,2,2,2,2,AUTO_CLASSIFIED,P3,KNU 한국어 일상 표현 사전 (Naver 오픈사전),"dictionary-style only, no nuance/example yet; korean accuracy not yet human-verified (separate axis from content strategy fit)"
baejjangidudukhada-01,,배짱(이) 두둑하다,ko,idiom,배짱(이) 두둑하다,P1,"MEANING (inferred from content structure, not real search data)",,,배짱(이) 두둑하다,To have a lot of nerve/boldness.,3,2,2,2,2,2,2,AUTO_CLASSIFIED,P3,KNU 한국어 일상 표현 사전 (Naver 오픈사전),"dictionary-style only, no nuance/example yet; korean accuracy not yet human-verified (separate axis from content strategy fit)"
pari-01,,-팔이,ko,idiom,-팔이,P1,"MEANING (inferred from content structure, not real search data)",,,-팔이,"A suffix meaning ""seller of"" something, sometimes with a slightly derogatory connotation.",3,2,2,2,2,2,2,AUTO_CLASSIFIED,P3,KNU 한국어 일상 표현 사전 (Naver 오픈사전),"dictionary-style only, no nuance/example yet; korean accuracy not yet human-verified (separate axis from content strategy fit)"
kkumegeurida-01,,꿈에 그리다,ko,idiom,꿈에 그리다,P1,"MEANING (inferred from content structure, not real search data)",,,꿈에 그리다,To earnestly hope for and long after something.,3,2,2,2,2,2,2,AUTO_CLASSIFIED,P3,KNU 한국어 일상 표현 사전 (Naver 오픈사전),"dictionary-style only, no nuance/example yet; korean accuracy not yet human-verified (separate axis from content strategy fit)"
sesangbicheulmotboda-01,,세상 빛(을) 못 보다,ko,idiom,세상 빛(을) 못 보다,P1,"MEANING (inferred from content structure, not real search data)",,,세상 빛(을) 못 보다,For a work or product to never be released to the public.,3,2,2,2,2,2,2,AUTO_CLASSIFIED,P3,KNU 한국어 일상 표현 사전 (Naver 오픈사전),"dictionary-style only, no nuance/example yet; korean accuracy not yet human-verified (separate axis from content strategy fit)"
ulbunichimilda-01,,울분(이) 치밀다,ko,idiom,울분(이) 치밀다,P1,"MEANING (inferred from content structure, not real search data)",,,울분(이) 치밀다,For strong frustration and indignation to well up.,3,2,2,2,2,2,2,AUTO_CLASSIFIED,P3,KNU 한국어 일상 표현 사전 (Naver 오픈사전),"dictionary-style only, no nuance/example yet; korean accuracy not yet human-verified (separate axis from content strategy fit)"
batongeulieobatda-01,,바통(을) 이어받다,ko,idiom,바통(을) 이어받다,P1,"MEANING (inferred from content structure, not real search data)",,,바통(을) 이어받다,"Figuratively, to take over someone else's task or role.",3,2,2,2,2,2,2,AUTO_CLASSIFIED,P3,KNU 한국어 일상 표현 사전 (Naver 오픈사전),"dictionary-style only, no nuance/example yet; korean accuracy not yet human-verified (separate axis from content strategy fit)"
suljaneulchaeuda-01,,술잔(을) 채우다,ko,idiom,술잔(을) 채우다,P1,"MEANING (inferred from content structure, not real search data)",,,술잔(을) 채우다,To fill up someone's drinking glass.,3,2,2,2,2,2,2,AUTO_CLASSIFIED,P3,KNU 한국어 일상 표현 사전 (Naver 오픈사전),"dictionary-style only, no nuance/example yet; korean accuracy not yet human-verified (separate axis from content strategy fit)"
bunsureulmoreuda-01,,분수(를) 모르다,ko,idiom,분수(를) 모르다,P1,"MEANING (inferred from content structure, not real search data)",,,분수(를) 모르다,To not realize one's own limits or standing.,3,2,2,2,2,2,2,AUTO_CLASSIFIED,P3,KNU 한국어 일상 표현 사전 (Naver 오픈사전),"dictionary-style only, no nuance/example yet; korean accuracy not yet human-verified (separate axis from content strategy fit)"
gimseobang-01,,김 서방,ko,idiom,김 서방,P1,"MEANING (inferred from content structure, not real search data)",,,김 서방,"A generic term for an ordinary man, not referring to any specific person.",3,2,2,2,2,2,2,AUTO_CLASSIFIED,P3,KNU 한국어 일상 표현 사전 (Naver 오픈사전),"dictionary-style only, no nuance/example yet; korean accuracy not yet human-verified (separate axis from content strategy fit)"
ijewaseomuseunsoyongiya-01,,이제 와서 무슨 소용이야,ko,idiom,이제 와서 무슨 소용이야,P1,"MEANING (inferred from content structure, not real search data)",,,이제 와서 무슨 소용이야,"""What's the use now?"" — regretting that action is too late to matter.",3,2,2,2,2,2,2,AUTO_CLASSIFIED,P3,KNU 한국어 일상 표현 사전 (Naver 오픈사전),"dictionary-style only, no nuance/example yet; korean accuracy not yet human-verified (separate axis from content strategy fit)"
ssaktongmeorigaeopda-01,,싹퉁머리(가) 없다,ko,idiom,싹퉁머리(가) 없다,P1,"MEANING (inferred from content structure, not real search data)",,,싹퉁머리(가) 없다,"To be rude, lacking basic manners toward others.",3,2,2,2,2,2,2,AUTO_CLASSIFIED,P3,KNU 한국어 일상 표현 사전 (Naver 오픈사전),"dictionary-style only, no nuance/example yet; korean accuracy not yet human-verified (separate axis from content strategy fit)"
huisaengeulgamsuhada-01,,희생(을) 감수하다,ko,idiom,희생(을) 감수하다,P1,"MEANING (inferred from content structure, not real search data)",,,희생(을) 감수하다,To accept the cost of sacrificing something in order to achieve a goal.,3,2,2,2,2,2,2,AUTO_CLASSIFIED,P3,KNU 한국어 일상 표현 사전 (Naver 오픈사전),"dictionary-style only, no nuance/example yet; korean accuracy not yet human-verified (separate axis from content strategy fit)"
jeongeulssada-02,,정(을) 쌓다,ko,idiom,정(을) 쌓다,P1,"MEANING (inferred from content structure, not real search data)",,,정(을) 쌓다,To build closeness and affection with someone over time.,3,2,2,2,2,2,2,AUTO_CLASSIFIED,P3,KNU 한국어 일상 표현 사전 (Naver 오픈사전),"dictionary-style only, no nuance/example yet; korean accuracy not yet human-verified (separate axis from content strategy fit)"
nunsiuritteugeowojida-01,,눈시울이 뜨거워지다,ko,idiom,눈시울이 뜨거워지다,P1,"MEANING (inferred from content structure, not real search data)",,,눈시울이 뜨거워지다,For one's eyes to well up with tears from strong emotion.,3,2,2,2,2,2,2,AUTO_CLASSIFIED,P3,KNU 한국어 일상 표현 사전 (Naver 오픈사전),"dictionary-style only, no nuance/example yet; korean accuracy not yet human-verified (separate axis from content strategy fit)"
utgineunjjajang-01,,웃기는 짜장,ko,idiom,웃기는 짜장,P1,"MEANING (inferred from content structure, not real search data)",,,웃기는 짜장,A mocking term for someone acting absurd or ridiculous.,3,2,2,2,2,2,2,AUTO_CLASSIFIED,P3,KNU 한국어 일상 표현 사전 (Naver 오픈사전),"dictionary-style only, no nuance/example yet; korean accuracy not yet human-verified (separate axis from content strategy fit)"
amugeotdoanida-01,,아무것도 아니다,ko,idiom,아무것도 아니다,P1,"MEANING (inferred from content structure, not real search data)",,,아무것도 아니다,"To be trivial, not a big deal at all.",3,2,2,2,2,2,2,AUTO_CLASSIFIED,P3,KNU 한국어 일상 표현 사전 (Naver 오픈사전),"dictionary-style only, no nuance/example yet; korean accuracy not yet human-verified (separate axis from content strategy fit)"
donigutda-01,,돈(이) 굳다,ko,idiom,돈(이) 굳다,P1,"MEANING (inferred from content structure, not real search data)",,,돈(이) 굳다,For money one expected to spend to end up staying in one's pocket.,3,2,2,2,2,2,2,AUTO_CLASSIFIED,P3,KNU 한국어 일상 표현 사전 (Naver 오픈사전),"dictionary-style only, no nuance/example yet; korean accuracy not yet human-verified (separate axis from content strategy fit)"
ibematda-01,,입에 맞다,ko,idiom,입에 맞다,P1,"MEANING (inferred from content structure, not real search data)",,,입에 맞다,For food to suit one's taste.,3,2,2,2,2,2,2,AUTO_CLASSIFIED,P3,KNU 한국어 일상 표현 사전 (Naver 오픈사전),"dictionary-style only, no nuance/example yet; korean accuracy not yet human-verified (separate axis from content strategy fit)"
kkumeulieuda-01,,꿈(을) 이루다,ko,idiom,꿈(을) 이루다,P1,"MEANING (inferred from content structure, not real search data)",,,꿈(을) 이루다,To achieve one's hope/dream.,3,2,2,2,2,2,2,AUTO_CLASSIFIED,P3,KNU 한국어 일상 표현 사전 (Naver 오픈사전),"dictionary-style only, no nuance/example yet; korean accuracy not yet human-verified (separate axis from content strategy fit)"
hangeoreume-01,,한걸음에,ko,idiom,한걸음에,P1,"MEANING (inferred from content structure, not real search data)",,,한걸음에,"""Without stopping, straightaway"" — done immediately and directly.",3,2,2,2,2,2,2,AUTO_CLASSIFIED,P3,KNU 한국어 일상 표현 사전 (Naver 오픈사전),"dictionary-style only, no nuance/example yet; korean accuracy not yet human-verified (separate axis from content strategy fit)"
iljeongeuljjogaeda-01,,일정(을) 쪼개다,ko,idiom,일정(을) 쪼개다,P1,"MEANING (inferred from content structure, not real search data)",,,일정(을) 쪼개다,To adjust one's schedule to make time for something.,3,2,2,2,2,2,2,AUTO_CLASSIFIED,P3,KNU 한국어 일상 표현 사전 (Naver 오픈사전),"dictionary-style only, no nuance/example yet; korean accuracy not yet human-verified (separate axis from content strategy fit)"
aegyoreulteolda-01,,애교(를) 떨다,ko,idiom,애교(를) 떨다,P1,"MEANING (inferred from content structure, not real search data)",,,애교(를) 떨다,To act cutely charming toward someone.,3,2,2,2,2,2,2,AUTO_CLASSIFIED,P3,KNU 한국어 일상 표현 사전 (Naver 오픈사전),"dictionary-style only, no nuance/example yet; korean accuracy not yet human-verified (separate axis from content strategy fit)"
yeobugaitgetseumnikka-01,,여부가 있겠습니까,ko,idiom,여부가 있겠습니까,P1,"MEANING (inferred from content structure, not real search data)",,,여부가 있겠습니까,"""Of course, without a doubt"" — a rhetorical way of strongly affirming something.",3,2,2,2,2,2,2,AUTO_CLASSIFIED,P3,KNU 한국어 일상 표현 사전 (Naver 오픈사전),"dictionary-style only, no nuance/example yet; korean accuracy not yet human-verified (separate axis from content strategy fit)"
haetteullarioda-01,,해 뜰 날(이) 오다,ko,idiom,해 뜰 날(이) 오다,P1,"MEANING (inferred from content structure, not real search data)",,,해 뜰 날(이) 오다,For good fortune to finally arrive after a period of hardship.,3,2,2,2,2,2,2,AUTO_CLASSIFIED,P3,KNU 한국어 일상 표현 사전 (Naver 오픈사전),"dictionary-style only, no nuance/example yet; korean accuracy not yet human-verified (separate axis from content strategy fit)"
mareultteuda-01,,말(을) 트다,ko,idiom,말(을) 트다,P1,"MEANING (inferred from content structure, not real search data)",,,말(을) 트다,To start speaking casually with someone rather than formally.,3,2,2,2,2,2,2,AUTO_CLASSIFIED,P3,KNU 한국어 일상 표현 사전 (Naver 오픈사전),"dictionary-style only, no nuance/example yet; korean accuracy not yet human-verified (separate axis from content strategy fit)"
ttangeulchida-01,,땅을 치다,ko,idiom,땅을 치다,P1,"MEANING (inferred from content structure, not real search data)",,,땅을 치다,"To deeply regret something, as if pounding the ground in frustration.",3,2,2,2,2,2,2,AUTO_CLASSIFIED,P3,KNU 한국어 일상 표현 사전 (Naver 오픈사전),"dictionary-style only, no nuance/example yet; korean accuracy not yet human-verified (separate axis from content strategy fit)"
hanbawidolgooda-01,,한 바퀴 돌고 오다,ko,idiom,한 바퀴 돌고 오다,P1,"MEANING (inferred from content structure, not real search data)",,,한 바퀴 돌고 오다,To go out and come back after making the rounds of several places.,3,2,2,2,2,2,2,AUTO_CLASSIFIED,P3,KNU 한국어 일상 표현 사전 (Naver 오픈사전),"dictionary-style only, no nuance/example yet; korean accuracy not yet human-verified (separate axis from content strategy fit)"
maridolda-01,,말(이) 돌다,ko,idiom,말(이) 돌다,P1,"MEANING (inferred from content structure, not real search data)",,,말(이) 돌다,For a rumor or story to circulate.,3,2,2,2,2,2,2,AUTO_CLASSIFIED,P3,KNU 한국어 일상 표현 사전 (Naver 오픈사전),"dictionary-style only, no nuance/example yet; korean accuracy not yet human-verified (separate axis from content strategy fit)"
geurimgwagatda-01,,그림(과) 같다,ko,idiom,그림(과) 같다,P1,"MEANING (inferred from content structure, not real search data)",,,그림(과) 같다,To be picture-perfect — a scene so beautiful it looks like a painting.,3,2,2,2,2,2,2,AUTO_CLASSIFIED,P3,KNU 한국어 일상 표현 사전 (Naver 오픈사전),"dictionary-style only, no nuance/example yet; korean accuracy not yet human-verified (separate axis from content strategy fit)"
seoulchonnom-01,,서울 촌놈,ko,idiom,서울 촌놈,P1,"MEANING (inferred from content structure, not real search data)",,,서울 촌놈,A man who's clueless about other regions and worldly matters despite being from Seoul.,3,2,2,2,2,2,2,AUTO_CLASSIFIED,P3,KNU 한국어 일상 표현 사전 (Naver 오픈사전),"dictionary-style only, no nuance/example yet; korean accuracy not yet human-verified (separate axis from content strategy fit)"
hoksinahaenneundeyeoksina-01,,혹시나 했는데 역시나,ko,idiom,혹시나 했는데 역시나,P1,"MEANING (inferred from content structure, not real search data)",,,혹시나 했는데 역시나,"""I hoped for better, but as expected..."" — a result confirms a pessimistic expectation.",3,2,2,2,2,2,2,AUTO_CLASSIFIED,P3,KNU 한국어 일상 표현 사전 (Naver 오픈사전),"dictionary-style only, no nuance/example yet; korean accuracy not yet human-verified (separate axis from content strategy fit)"
gaseumijjinghada-01,,가슴(이) 찡하다,ko,idiom,가슴(이) 찡하다,P1,"MEANING (inferred from content structure, not real search data)",,,가슴(이) 찡하다,"To feel deeply, sharply moved.",3,2,2,2,2,2,2,AUTO_CLASSIFIED,P3,KNU 한국어 일상 표현 사전 (Naver 오픈사전),"dictionary-style only, no nuance/example yet; korean accuracy not yet human-verified (separate axis from content strategy fit)"
juneungeoseopsiitda-01,,주는 것 없이 밉다,ko,idiom,주는 것 없이 밉다,P1,"MEANING (inferred from content structure, not real search data)",,,주는 것 없이 밉다,To dislike someone for no particular reason at all.,3,2,2,2,2,2,2,AUTO_CLASSIFIED,P3,KNU 한국어 일상 표현 사전 (Naver 오픈사전),"dictionary-style only, no nuance/example yet; korean accuracy not yet human-verified (separate axis from content strategy fit)"
naegahamyeonromaenseunamihamyeonbullyun-01,,내가 하면 로맨스 남이 하면 불륜,ko,idiom,내가 하면 로맨스 남이 하면 불륜,P1,"MEANING (inferred from content structure, not real search data)",,,내가 하면 로맨스 남이 하면 불륜,"""If I do it, it's romance; if someone else does it, it's an affair"" — calling out a double standard (full form of 내로남불).",3,2,2,2,2,2,2,AUTO_CLASSIFIED,P3,KNU 한국어 일상 표현 사전 (Naver 오픈사전),"dictionary-style only, no nuance/example yet; korean accuracy not yet human-verified (separate axis from content strategy fit)"
chakhada-01,,착하다,ko,idiom,착하다,P1,"MEANING (inferred from content structure, not real search data)",,,착하다,"To be reasonable and not excessive, as in a fair price or fair process.",3,2,2,2,2,2,2,AUTO_CLASSIFIED,P3,KNU 한국어 일상 표현 사전 (Naver 오픈사전),"dictionary-style only, no nuance/example yet; korean accuracy not yet human-verified (separate axis from content strategy fit)"
jigabeuldatda-01,,지갑(을) 닫다,ko,idiom,지갑(을) 닫다,P1,"MEANING (inferred from content structure, not real search data)",,,지갑(을) 닫다,To stop spending money.,3,2,2,2,2,2,2,AUTO_CLASSIFIED,P3,KNU 한국어 일상 표현 사전 (Naver 오픈사전),"dictionary-style only, no nuance/example yet; korean accuracy not yet human-verified (separate axis from content strategy fit)"
sagwabakseu-01,,사과 박스,ko,idiom,사과 박스,P1,"MEANING (inferred from content structure, not real search data)",,,사과 박스,"Figuratively, a bribe (or the means of delivering one).",3,2,2,2,2,2,2,AUTO_CLASSIFIED,P3,KNU 한국어 일상 표현 사전 (Naver 오픈사전),"dictionary-style only, no nuance/example yet; korean accuracy not yet human-verified (separate axis from content strategy fit)"
ibidoragada-01,,입(이) 돌아가다,ko,idiom,입(이) 돌아가다,P1,"MEANING (inferred from content structure, not real search data)",,,입(이) 돌아가다,"For one's face muscles to be exhausted from overuse (talking, chewing, etc.).",3,2,2,2,2,2,2,AUTO_CLASSIFIED,P3,KNU 한국어 일상 표현 사전 (Naver 오픈사전),"dictionary-style only, no nuance/example yet; korean accuracy not yet human-verified (separate axis from content strategy fit)"
badageulboida-01,,바닥(을) 보이다,ko,idiom,바닥(을) 보이다,P1,"MEANING (inferred from content structure, not real search data)",,,바닥(을) 보이다,"For money, goods, or skill to visibly run out/dwindle.",3,2,2,2,2,2,2,AUTO_CLASSIFIED,P3,KNU 한국어 일상 표현 사전 (Naver 오픈사전),"dictionary-style only, no nuance/example yet; korean accuracy not yet human-verified (separate axis from content strategy fit)"
neomeoyahalsanimanta-01,,넘어야 할 산(이) 많다,ko,idiom,넘어야 할 산(이) 많다,P1,"MEANING (inferred from content structure, not real search data)",,,넘어야 할 산(이) 많다,There are still many difficult tasks to get through.,3,2,2,2,2,2,2,AUTO_CLASSIFIED,P3,KNU 한국어 일상 표현 사전 (Naver 오픈사전),"dictionary-style only, no nuance/example yet; korean accuracy not yet human-verified (separate axis from content strategy fit)"
hankyueahaegyeolhada-01,,한 큐에 해결하다,ko,idiom,한 큐에 해결하다,P1,"MEANING (inferred from content structure, not real search data)",,,한 큐에 해결하다,To resolve a matter in one go.,3,2,2,2,2,2,2,AUTO_CLASSIFIED,P3,KNU 한국어 일상 표현 사전 (Naver 오픈사전),"dictionary-style only, no nuance/example yet; korean accuracy not yet human-verified (separate axis from content strategy fit)"
mulmirgyeongjaeng-01,,물밑 경쟁,ko,idiom,물밑 경쟁,P1,"MEANING (inferred from content structure, not real search data)",,,물밑 경쟁,"Quiet, behind-the-scenes competition, without an open show of it.",3,2,2,2,2,2,2,AUTO_CLASSIFIED,P3,KNU 한국어 일상 표현 사전 (Naver 오픈사전),"dictionary-style only, no nuance/example yet; korean accuracy not yet human-verified (separate axis from content strategy fit)"
balgeoreumimugeopda-01,,발걸음이 무겁다,ko,idiom,발걸음이 무겁다,P1,"MEANING (inferred from content structure, not real search data)",,,발걸음이 무겁다,"To feel weighed down by worry, making one's steps feel heavy and gloomy.",3,2,2,2,2,2,2,AUTO_CLASSIFIED,P3,KNU 한국어 일상 표현 사전 (Naver 오픈사전),"dictionary-style only, no nuance/example yet; korean accuracy not yet human-verified (separate axis from content strategy fit)"
hannuneulpalda-01,,한눈(을) 팔다,ko,idiom,한눈(을) 팔다,P1,"MEANING (inferred from content structure, not real search data)",,,한눈(을) 팔다,For someone who has a partner to show romantic interest in someone else.,3,2,2,2,2,2,2,AUTO_CLASSIFIED,P3,KNU 한국어 일상 표현 사전 (Naver 오픈사전),"dictionary-style only, no nuance/example yet; korean accuracy not yet human-verified (separate axis from content strategy fit)"
samnyeonmugeunchejeungineryeoganda-01,,삼 년 묵은 체증이 내려가다,ko,idiom,삼 년 묵은 체증이 내려가다,P1,"MEANING (inferred from content structure, not real search data)",,,삼 년 묵은 체증이 내려가다,"For a long-standing frustration to finally be resolved, giving huge relief.",3,2,2,2,2,2,2,AUTO_CLASSIFIED,P3,KNU 한국어 일상 표현 사전 (Naver 오픈사전),"dictionary-style only, no nuance/example yet; korean accuracy not yet human-verified (separate axis from content strategy fit)"
pibulochegamhada-01,,피부로 체감하다,ko,idiom,피부로 체감하다,P1,"MEANING (inferred from content structure, not real search data)",,,피부로 체감하다,"To directly, personally feel/experience something.",3,2,2,2,2,2,2,AUTO_CLASSIFIED,P3,KNU 한국어 일상 표현 사전 (Naver 오픈사전),"dictionary-style only, no nuance/example yet; korean accuracy not yet human-verified (separate axis from content strategy fit)"
doneulkkalgoanjta-01,,돈(을) 깔고 앉다,ko,idiom,돈(을) 깔고 앉다,P1,"MEANING (inferred from content structure, not real search data)",,,돈(을) 깔고 앉다,To have plenty of money at one's disposal.,3,2,2,2,2,2,2,AUTO_CLASSIFIED,P3,KNU 한국어 일상 표현 사전 (Naver 오픈사전),"dictionary-style only, no nuance/example yet; korean accuracy not yet human-verified (separate axis from content strategy fit)"
halmarieopda-01,,할 말(이) 없다,ko,idiom,할 말(이) 없다,P1,"MEANING (inferred from content structure, not real search data)",,,할 말(이) 없다,To have no possible defense or excuse to offer.,3,2,2,2,2,2,2,AUTO_CLASSIFIED,P3,KNU 한국어 일상 표현 사전 (Naver 오픈사전),"dictionary-style only, no nuance/example yet; korean accuracy not yet human-verified (separate axis from content strategy fit)"
seoneuljikida-01,,선(을) 지키다,ko,idiom,선(을) 지키다,P1,"MEANING (inferred from content structure, not real search data)",,,선(을) 지키다,To not overstep the bounds/limits of a relationship.,3,2,2,2,2,2,2,AUTO_CLASSIFIED,P3,KNU 한국어 일상 표현 사전 (Naver 오픈사전),"dictionary-style only, no nuance/example yet; korean accuracy not yet human-verified (separate axis from content strategy fit)"
uimireulbueohada-01,,의미(를) 부여하다,ko,idiom,의미(를) 부여하다,P1,"MEANING (inferred from content structure, not real search data)",,,의미(를) 부여하다,To assign special significance or meaning to something.,3,2,2,2,2,2,2,AUTO_CLASSIFIED,P3,KNU 한국어 일상 표현 사전 (Naver 오픈사전),"dictionary-style only, no nuance/example yet; korean accuracy not yet human-verified (separate axis from content strategy fit)"
gumeongittulida-01,,구멍(이) 뚫리다,ko,idiom,구멍(이) 뚫리다,P1,"MEANING (inferred from content structure, not real search data)",,,구멍(이) 뚫리다,"For a gap/hole to open up, causing a shortfall.",3,2,2,2,2,2,2,AUTO_CLASSIFIED,P3,KNU 한국어 일상 표현 사전 (Naver 오픈사전),"dictionary-style only, no nuance/example yet; korean accuracy not yet human-verified (separate axis from content strategy fit)"
heureumeultada-01,,흐름(을) 타다,ko,idiom,흐름(을) 타다,P1,"MEANING (inferred from content structure, not real search data)",,,흐름(을) 타다,For something to naturally proceed along its own flow.,3,2,2,2,2,2,2,AUTO_CLASSIFIED,P3,KNU 한국어 일상 표현 사전 (Naver 오픈사전),"dictionary-style only, no nuance/example yet; korean accuracy not yet human-verified (separate axis from content strategy fit)"
jibtokkireuljapda-01,,집토끼(를) 잡다,ko,idiom,집토끼(를) 잡다,P1,"MEANING (inferred from content structure, not real search data)",,,집토끼(를) 잡다,To keep one's existing (core) support base from straying away.,3,2,2,2,2,2,2,AUTO_CLASSIFIED,P3,KNU 한국어 일상 표현 사전 (Naver 오픈사전),"dictionary-style only, no nuance/example yet; korean accuracy not yet human-verified (separate axis from content strategy fit)"
minnat-01,,민낯,ko,idiom,민낯,P1,"MEANING (inferred from content structure, not real search data)",,,민낯,"Figuratively, the unfavorable true nature of something that had been hidden or disguised.",3,2,2,2,2,2,2,AUTO_CLASSIFIED,P3,KNU 한국어 일상 표현 사전 (Naver 오픈사전),"dictionary-style only, no nuance/example yet; korean accuracy not yet human-verified (separate axis from content strategy fit)"
kkorireulmalda-01,,꼬리(를) 말다,ko,idiom,꼬리(를) 말다,P1,"MEANING (inferred from content structure, not real search data)",,,꼬리(를) 말다,"To back down/give up, admitting defeat.",3,2,2,2,2,2,2,AUTO_CLASSIFIED,P3,KNU 한국어 일상 표현 사전 (Naver 오픈사전),"dictionary-style only, no nuance/example yet; korean accuracy not yet human-verified (separate axis from content strategy fit)"
dwitdamhwareulkkada-01,,뒷담화(를) 까다,ko,idiom,뒷담화(를) 까다,P1,"MEANING (inferred from content structure, not real search data)",,,뒷담화(를) 까다,To gossip about someone behind their back.,3,2,2,2,2,2,2,AUTO_CLASSIFIED,P3,KNU 한국어 일상 표현 사전 (Naver 오픈사전),"dictionary-style only, no nuance/example yet; korean accuracy not yet human-verified (separate axis from content strategy fit)"
tongnyeomeulkkaeda-01,,통념(을) 깨다,ko,idiom,통념(을) 깨다,P1,"MEANING (inferred from content structure, not real search data)",,,통념(을) 깨다,To break away from a commonly accepted way of thinking.,3,2,2,2,2,2,2,AUTO_CLASSIFIED,P3,KNU 한국어 일상 표현 사전 (Naver 오픈사전),"dictionary-style only, no nuance/example yet; korean accuracy not yet human-verified (separate axis from content strategy fit)"
heureumeulikda-01,,흐름을 읽다,ko,idiom,흐름을 읽다,P1,"MEANING (inferred from content structure, not real search data)",,,흐름을 읽다,To understand how a situation or matter is currently proceeding.,3,2,2,2,2,2,2,AUTO_CLASSIFIED,P3,KNU 한국어 일상 표현 사전 (Naver 오픈사전),"dictionary-style only, no nuance/example yet; korean accuracy not yet human-verified (separate axis from content strategy fit)"
honsatgireulmakda-01,,혼삿길(을) 막다,ko,idiom,혼삿길(을) 막다,P1,"MEANING (inferred from content structure, not real search data)",,,혼삿길(을) 막다,To interfere with/block someone's marriage prospects.,3,2,2,2,2,2,2,AUTO_CLASSIFIED,P3,KNU 한국어 일상 표현 사전 (Naver 오픈사전),"dictionary-style only, no nuance/example yet; korean accuracy not yet human-verified (separate axis from content strategy fit)"
moksorireulnopida-01,,목소리(를) 높이다,ko,idiom,목소리(를) 높이다,P1,"MEANING (inferred from content structure, not real search data)",,,목소리(를) 높이다,To speak up loudly and assertively for an opinion.,3,2,2,2,2,2,2,AUTO_CLASSIFIED,P3,KNU 한국어 일상 표현 사전 (Naver 오픈사전),"dictionary-style only, no nuance/example yet; korean accuracy not yet human-verified (separate axis from content strategy fit)"
tongson-01,,통손,ko,idiom,통손,P1,"MEANING (inferred from content structure, not real search data)",,,통손,A term describing someone with no talent or skill in their hands.,3,2,2,2,2,2,2,AUTO_CLASSIFIED,P3,KNU 한국어 일상 표현 사전 (Naver 오픈사전),"dictionary-style only, no nuance/example yet; korean accuracy not yet human-verified (separate axis from content strategy fit)"
ipsomuneultada-01,,입소문(을) 타다,ko,idiom,입소문(을) 타다,P1,"MEANING (inferred from content structure, not real search data)",,,입소문(을) 타다,For word of mouth about something to spread from person to person.,3,2,2,2,2,2,2,AUTO_CLASSIFIED,P3,KNU 한국어 일상 표현 사전 (Naver 오픈사전),"dictionary-style only, no nuance/example yet; korean accuracy not yet human-verified (separate axis from content strategy fit)"
chojeomeulmatchuda-01,,초점을 맞추다,ko,idiom,초점을 맞추다,P1,"MEANING (inferred from content structure, not real search data)",,,초점을 맞추다,To put special focus/emphasis on a particular point.,3,2,2,2,2,2,2,AUTO_CLASSIFIED,P3,KNU 한국어 일상 표현 사전 (Naver 오픈사전),"dictionary-style only, no nuance/example yet; korean accuracy not yet human-verified (separate axis from content strategy fit)"
yonguikkoribodabaemuimeoriganatda-01,,용의 꼬리보다 뱀의 머리가 낫다,ko,idiom,용의 꼬리보다 뱀의 머리가 낫다,P1,"MEANING (inferred from content structure, not real search data)",,,용의 꼬리보다 뱀의 머리가 낫다,"""Better to be the head of a snake than the tail of a dragon"" — it's better to be the top of a small group than at the bottom of a great one.",3,2,2,2,2,2,2,AUTO_CLASSIFIED,P3,KNU 한국어 일상 표현 사전 (Naver 오픈사전),"dictionary-style only, no nuance/example yet; korean accuracy not yet human-verified (separate axis from content strategy fit)"
nuneuljipda-01,,눈(을) 집다,ko,idiom,눈(을) 집다,P1,"MEANING (inferred from content structure, not real search data)",,,눈(을) 집다,To get double-eyelid surgery.,3,2,2,2,2,2,2,AUTO_CLASSIFIED,P3,KNU 한국어 일상 표현 사전 (Naver 오픈사전),"dictionary-style only, no nuance/example yet; korean accuracy not yet human-verified (separate axis from content strategy fit)"
soritong-01,,소리통,ko,idiom,소리통,P1,"MEANING (inferred from content structure, not real search data)",,,소리통,"Figuratively, a term for someone's temperament.",3,2,2,2,2,2,2,AUTO_CLASSIFIED,P3,KNU 한국어 일상 표현 사전 (Naver 오픈사전),"dictionary-style only, no nuance/example yet; korean accuracy not yet human-verified (separate axis from content strategy fit)"
yeomnyeoreulbuteoreomaeda-01,,염려(를) 붙들어 매다,ko,idiom,염려(를) 붙들어 매다,P1,"MEANING (inferred from content structure, not real search data)",,,염려(를) 붙들어 매다,"""Don't worry"" — telling someone not to be anxious about something.",3,2,2,2,2,2,2,AUTO_CLASSIFIED,P3,KNU 한국어 일상 표현 사전 (Naver 오픈사전),"dictionary-style only, no nuance/example yet; korean accuracy not yet human-verified (separate axis from content strategy fit)"
neurodajyeojida-01,,N으로 다져지다,ko,idiom,N으로 다져지다,P1,"MEANING (inferred from content structure, not real search data)",,,N으로 다져지다,To become solid and firm through experience of N.,3,2,2,2,2,2,2,AUTO_CLASSIFIED,P3,KNU 한국어 일상 표현 사전 (Naver 오픈사전),"dictionary-style only, no nuance/example yet; korean accuracy not yet human-verified (separate axis from content strategy fit)"
ibissugdeureoganda-01,,입이 쑥 들어가다,ko,idiom,입이 쑥 들어가다,P1,"MEANING (inferred from content structure, not real search data)",,,입이 쑥 들어가다,"Figuratively, to suddenly have nothing more to say about something.",3,2,2,2,2,2,2,AUTO_CLASSIFIED,P3,KNU 한국어 일상 표현 사전 (Naver 오픈사전),"dictionary-style only, no nuance/example yet; korean accuracy not yet human-verified (separate axis from content strategy fit)"
sonbadageuldwijipda-01,,손바닥(을) 뒤집다,ko,idiom,손바닥(을) 뒤집다,P1,"MEANING (inferred from content structure, not real search data)",,,손바닥(을) 뒤집다,To suddenly and drastically change one's attitude.,3,2,2,2,2,2,2,AUTO_CLASSIFIED,P3,KNU 한국어 일상 표현 사전 (Naver 오픈사전),"dictionary-style only, no nuance/example yet; korean accuracy not yet human-verified (separate axis from content strategy fit)"
mulheureudeusi-01,,물 흐르듯이,ko,idiom,물 흐르듯이,P1,"MEANING (inferred from content structure, not real search data)",,,물 흐르듯이,"Naturally and smoothly, without resistance.",3,2,2,2,2,2,2,AUTO_CLASSIFIED,P3,KNU 한국어 일상 표현 사전 (Naver 오픈사전),"dictionary-style only, no nuance/example yet; korean accuracy not yet human-verified (separate axis from content strategy fit)"
nunchigaitda-01,,눈치(가) 있다,ko,idiom,눈치(가) 있다,P1,"MEANING (inferred from content structure, not real search data)",,,눈치(가) 있다,To have the ability to read a situation or others' feelings well.,3,2,2,2,2,2,2,AUTO_CLASSIFIED,P3,KNU 한국어 일상 표현 사전 (Naver 오픈사전),"dictionary-style only, no nuance/example yet; korean accuracy not yet human-verified (separate axis from content strategy fit)"
insaseongibalkda-01,,인사성(이) 밝다,ko,idiom,인사성(이) 밝다,P1,"MEANING (inferred from content structure, not real search data)",,,인사성(이) 밝다,To be polite and diligent about greeting others properly.,3,2,2,2,2,2,2,AUTO_CLASSIFIED,P3,KNU 한국어 일상 표현 사전 (Naver 오픈사전),"dictionary-style only, no nuance/example yet; korean accuracy not yet human-verified (separate axis from content strategy fit)"
salmobeom-01,,살묘범,ko,idiom,살묘범,P1,"MEANING (inferred from content structure, not real search data)",,,살묘범,A term for someone who kills cats.,3,2,2,2,2,2,2,AUTO_CLASSIFIED,P3,KNU 한국어 일상 표현 사전 (Naver 오픈사전),"dictionary-style only, no nuance/example yet; korean accuracy not yet human-verified (separate axis from content strategy fit)"
negulreulbareuda-01,,N에 꿀(을) 바르다,ko,idiom,N에 꿀(을) 바르다,P1,"MEANING (inferred from content structure, not real search data)",,,N에 꿀(을) 바르다,"Figuratively, describing someone who highly values and treasures N, keeping it close.",3,2,2,2,2,2,2,AUTO_CLASSIFIED,P3,KNU 한국어 일상 표현 사전 (Naver 오픈사전),"dictionary-style only, no nuance/example yet; korean accuracy not yet human-verified (separate axis from content strategy fit)"
neukkimjeoginneukkim-01,,느낌적인 느낌,ko,idiom,느낌적인 느낌,P1,"MEANING (inferred from content structure, not real search data)",,,느낌적인 느낌,"A vague, hard-to-explain but strongly positive intuition about something.",3,2,2,2,2,2,2,AUTO_CLASSIFIED,P3,KNU 한국어 일상 표현 사전 (Naver 오픈사전),"dictionary-style only, no nuance/example yet; korean accuracy not yet human-verified (separate axis from content strategy fit)"
meogeojuda-01,,먹어 주다,ko,idiom,먹어 주다,P1,"MEANING (inferred from content structure, not real search data)",,,먹어 주다,"Informally, for someone/something to be well-received by others.",3,2,2,2,2,2,2,AUTO_CLASSIFIED,P3,KNU 한국어 일상 표현 사전 (Naver 오픈사전),"dictionary-style only, no nuance/example yet; korean accuracy not yet human-verified (separate axis from content strategy fit)"
sillyehaesseumnida-01,,실례했습니다,ko,idiom,실례했습니다,P1,"MEANING (inferred from content structure, not real search data)",,,실례했습니다,A polite apology said after doing something that may have imposed on someone.,3,2,2,2,2,2,2,AUTO_CLASSIFIED,P3,KNU 한국어 일상 표현 사전 (Naver 오픈사전),"dictionary-style only, no nuance/example yet; korean accuracy not yet human-verified (separate axis from content strategy fit)"
deodomalgodeoldomalgo-01,,더도 말고 덜도 말고,ko,idiom,더도 말고 덜도 말고,P1,"MEANING (inferred from content structure, not real search data)",,,더도 말고 덜도 말고,"""No more, no less"" — hoping things stay exactly as they are.",3,2,2,2,2,2,2,AUTO_CLASSIFIED,P3,KNU 한국어 일상 표현 사전 (Naver 오픈사전),"dictionary-style only, no nuance/example yet; korean accuracy not yet human-verified (separate axis from content strategy fit)"
baekpuro-01,,백 프로,ko,idiom,백 프로,P1,"MEANING (inferred from content structure, not real search data)",,,백 프로,"""A hundred percent"" — completely or certainly.",3,2,2,2,2,2,2,AUTO_CLASSIFIED,P3,KNU 한국어 일상 표현 사전 (Naver 오픈사전),"dictionary-style only, no nuance/example yet; korean accuracy not yet human-verified (separate axis from content strategy fit)"
dijiteolseongchakchwimul-01,,디지털 성 착취물,ko,idiom,디지털 성 착취물,P1,"MEANING (inferred from content structure, not real search data)",,,디지털 성 착취물,Illicitly filmed or leaked sexually exploitative digital content.,3,2,2,2,2,2,2,AUTO_CLASSIFIED,P3,KNU 한국어 일상 표현 사전 (Naver 오픈사전),"dictionary-style only, no nuance/example yet; korean accuracy not yet human-verified (separate axis from content strategy fit)"
kkumedomoreuda-01,,꿈에도 모르다,ko,idiom,꿈에도 모르다,P1,"MEANING (inferred from content structure, not real search data)",,,꿈에도 모르다,To have absolutely no idea at all.,3,2,2,2,2,2,2,AUTO_CLASSIFIED,P3,KNU 한국어 일상 표현 사전 (Naver 오픈사전),"dictionary-style only, no nuance/example yet; korean accuracy not yet human-verified (separate axis from content strategy fit)"
yuhaengeultada-01,,유행(을) 타다,ko,idiom,유행(을) 타다,P1,"MEANING (inferred from content structure, not real search data)",,,유행(을) 타다,"For something (a word, style) to shift constantly with fashion/social trends.",3,2,2,2,2,2,2,AUTO_CLASSIFIED,P3,KNU 한국어 일상 표현 사전 (Naver 오픈사전),"dictionary-style only, no nuance/example yet; korean accuracy not yet human-verified (separate axis from content strategy fit)"
insuingyereulbatda-01,,인수인계(를) 받다,ko,idiom,인수인계(를) 받다,P1,"MEANING (inferred from content structure, not real search data)",,,인수인계(를) 받다,To take over a role/duty being handed off by someone else.,3,2,2,2,2,2,2,AUTO_CLASSIFIED,P3,KNU 한국어 일상 표현 사전 (Naver 오픈사전),"dictionary-style only, no nuance/example yet; korean accuracy not yet human-verified (separate axis from content strategy fit)"
balmandongdonggureuda-01,,발만 동동 구르다,ko,idiom,발만 동동 구르다,P1,"MEANING (inferred from content structure, not real search data)",,,발만 동동 구르다,"To be anxious and stuck, unable to do anything about a problem.",3,2,2,2,2,2,2,AUTO_CLASSIFIED,P3,KNU 한국어 일상 표현 사전 (Naver 오픈사전),"dictionary-style only, no nuance/example yet; korean accuracy not yet human-verified (separate axis from content strategy fit)"
animmalgo-01,,아님 말고,ko,idiom,아님 말고,P1,"MEANING (inferred from content structure, not real search data)",,,아님 말고,"""If not, never mind"" — said when a guess/action isn't a big commitment either way.",3,2,2,2,2,2,2,AUTO_CLASSIFIED,P3,KNU 한국어 일상 표현 사전 (Naver 오픈사전),"dictionary-style only, no nuance/example yet; korean accuracy not yet human-verified (separate axis from content strategy fit)"
siltaereareulpulda-01,,실타래(를) 풀다,ko,idiom,실타래(를) 풀다,P1,"MEANING (inferred from content structure, not real search data)",,,실타래(를) 풀다,"Figuratively, to untangle and resolve a complicated problem.",3,2,2,2,2,2,2,AUTO_CLASSIFIED,P3,KNU 한국어 일상 표현 사전 (Naver 오픈사전),"dictionary-style only, no nuance/example yet; korean accuracy not yet human-verified (separate axis from content strategy fit)"
jjeonpasitteojida-01,,쩐 팟(이) 터지다,ko,idiom,쩐 팟(이) 터지다,P1,"MEANING (inferred from content structure, not real search data)",,,쩐 팟(이) 터지다,"Figuratively, to win a big sum of money or profit.",3,2,2,2,2,2,2,AUTO_CLASSIFIED,P3,KNU 한국어 일상 표현 사전 (Naver 오픈사전),"dictionary-style only, no nuance/example yet; korean accuracy not yet human-verified (separate axis from content strategy fit)"
paneuldwijipda-02,,판(을) 뒤집다,ko,idiom,판(을) 뒤집다,P1,"MEANING (inferred from content structure, not real search data)",,,판(을) 뒤집다,To turn a disadvantageous situation around.,3,2,2,2,2,2,2,AUTO_CLASSIFIED,P3,KNU 한국어 일상 표현 사전 (Naver 오픈사전),"dictionary-style only, no nuance/example yet; korean accuracy not yet human-verified (separate axis from content strategy fit)"
reo-01,,-러,ko,idiom,-러,P1,"MEANING (inferred from content structure, not real search data)",,,-러,"A suffix attached after certain nouns meaning ""a person who does that [action].""",3,2,2,2,2,2,2,AUTO_CLASSIFIED,P3,KNU 한국어 일상 표현 사전 (Naver 오픈사전),"dictionary-style only, no nuance/example yet; korean accuracy not yet human-verified (separate axis from content strategy fit)"
bajitgarangireuljapda-01,,바짓가랑이를 잡다,ko,idiom,바짓가랑이를 잡다,P1,"MEANING (inferred from content structure, not real search data)",,,바짓가랑이를 잡다,"To desperately cling onto someone, begging them not to leave/go.",3,2,2,2,2,2,2,AUTO_CLASSIFIED,P3,KNU 한국어 일상 표현 사전 (Naver 오픈사전),"dictionary-style only, no nuance/example yet; korean accuracy not yet human-verified (separate axis from content strategy fit)"
sajajigeop-01,,사 자 직업,ko,idiom,사 자 직업,P1,"MEANING (inferred from content structure, not real search data)",,,사 자 직업,"High-earning professional jobs whose titles end in ""-사,"" like lawyer or accountant.",3,2,2,2,2,2,2,AUTO_CLASSIFIED,P3,KNU 한국어 일상 표현 사전 (Naver 오픈사전),"dictionary-style only, no nuance/example yet; korean accuracy not yet human-verified (separate axis from content strategy fit)"
byeogeulsilgamhada-01,,벽을 실감하다,ko,idiom,벽을 실감하다,P1,"MEANING (inferred from content structure, not real search data)",,,벽을 실감하다,To keenly feel a hard-to-overcome limit or barrier.,3,2,2,2,2,2,2,AUTO_CLASSIFIED,P3,KNU 한국어 일상 표현 사전 (Naver 오픈사전),"dictionary-style only, no nuance/example yet; korean accuracy not yet human-verified (separate axis from content strategy fit)"
dongnegaedoalda-01,,동네 개도 알다,ko,idiom,동네 개도 알다,P1,"MEANING (inferred from content structure, not real search data)",,,동네 개도 알다,"""Even the neighborhood dog knows it"" — something everyone already knows.",3,2,2,2,2,2,2,AUTO_CLASSIFIED,P3,KNU 한국어 일상 표현 사전 (Naver 오픈사전),"dictionary-style only, no nuance/example yet; korean accuracy not yet human-verified (separate axis from content strategy fit)"
neolda-01,,넓다,ko,idiom,넓다,P1,"MEANING (inferred from content structure, not real search data)",,,넓다,"Informally, to have a wide, generous way of accepting people's looks/personalities regardless of standard.",3,2,2,2,2,2,2,AUTO_CLASSIFIED,P3,KNU 한국어 일상 표현 사전 (Naver 오픈사전),"dictionary-style only, no nuance/example yet; korean accuracy not yet human-verified (separate axis from content strategy fit)"
sidaereuljalmottagonada-01,,시대를 잘못 타고나다,ko,idiom,시대를 잘못 타고나다,P1,"MEANING (inferred from content structure, not real search data)",,,시대를 잘못 타고나다,To be born into an era that doesn't recognize the true value of oneself or one's work.,3,2,2,2,2,2,2,AUTO_CLASSIFIED,P3,KNU 한국어 일상 표현 사전 (Naver 오픈사전),"dictionary-style only, no nuance/example yet; korean accuracy not yet human-verified (separate axis from content strategy fit)"
jjangmeokda-01,,짱 먹다,ko,idiom,짱 먹다,P1,"MEANING (inferred from content structure, not real search data)",,,짱 먹다,To become the best/top in a given field.,3,2,2,2,2,2,2,AUTO_CLASSIFIED,P3,KNU 한국어 일상 표현 사전 (Naver 오픈사전),"dictionary-style only, no nuance/example yet; korean accuracy not yet human-verified (separate axis from content strategy fit)"
yanghaereulguhada-01,,양해(를) 구하다,ko,idiom,양해(를) 구하다,P1,"MEANING (inferred from content structure, not real search data)",,,양해(를) 구하다,To ask for someone's understanding or leeway.,3,2,2,2,2,2,2,AUTO_CLASSIFIED,P3,KNU 한국어 일상 표현 사전 (Naver 오픈사전),"dictionary-style only, no nuance/example yet; korean accuracy not yet human-verified (separate axis from content strategy fit)"
ireumgapseulhada-01,,이름값(을) 하다,ko,idiom,이름값(을) 하다,P1,"MEANING (inferred from content structure, not real search data)",,,이름값(을) 하다,"To live up to one's reputation, producing results that match it.",3,2,2,2,2,2,2,AUTO_CLASSIFIED,P3,KNU 한국어 일상 표현 사전 (Naver 오픈사전),"dictionary-style only, no nuance/example yet; korean accuracy not yet human-verified (separate axis from content strategy fit)"
mutjimapokhaeng-01,,묻지 마 폭행,ko,idiom,묻지 마 폭행,P1,"MEANING (inferred from content structure, not real search data)",,,묻지 마 폭행,"Random, unprovoked violence against an unrelated victim.",3,2,2,2,2,2,2,AUTO_CLASSIFIED,P3,KNU 한국어 일상 표현 사전 (Naver 오픈사전),"dictionary-style only, no nuance/example yet; korean accuracy not yet human-verified (separate axis from content strategy fit)"
sireumejamgida-01,,시름에 잠기다,ko,idiom,시름에 잠기다,P1,"MEANING (inferred from content structure, not real search data)",,,시름에 잠기다,To be continually preoccupied worrying over an unresolved problem.,3,2,2,2,2,2,2,AUTO_CLASSIFIED,P3,KNU 한국어 일상 표현 사전 (Naver 오픈사전),"dictionary-style only, no nuance/example yet; korean accuracy not yet human-verified (separate axis from content strategy fit)"
namilgatjianta-01,,남 일 같지 않다,ko,idiom,남 일 같지 않다,P1,"MEANING (inferred from content structure, not real search data)",,,남 일 같지 않다,To feel that someone else's situation could just as easily happen to oneself.,3,2,2,2,2,2,2,AUTO_CLASSIFIED,P3,KNU 한국어 일상 표현 사전 (Naver 오픈사전),"dictionary-style only, no nuance/example yet; korean accuracy not yet human-verified (separate axis from content strategy fit)"
sesangegongjjaeneuneopda-01,,세상에 공짜는 없다,ko,idiom,세상에 공짜는 없다,P1,"MEANING (inferred from content structure, not real search data)",,,세상에 공짜는 없다,"""Nothing in life is free"" — achieving something always requires some cost.",3,2,2,2,2,2,2,AUTO_CLASSIFIED,P3,KNU 한국어 일상 표현 사전 (Naver 오픈사전),"dictionary-style only, no nuance/example yet; korean accuracy not yet human-verified (separate axis from content strategy fit)"
eoireulsangsilhada-01,,어이(를) 상실하다,ko,idiom,어이(를) 상실하다,P1,"MEANING (inferred from content structure, not real search data)",,,어이(를) 상실하다,To be left utterly dumbfounded by something absurd.,3,2,2,2,2,2,2,AUTO_CLASSIFIED,P3,KNU 한국어 일상 표현 사전 (Naver 오픈사전),"dictionary-style only, no nuance/example yet; korean accuracy not yet human-verified (separate axis from content strategy fit)"
soneulteonada-01,,손(을) 떠나다,ko,idiom,손(을) 떠나다,P1,"MEANING (inferred from content structure, not real search data)",,,손(을) 떠나다,For something to pass beyond one's own control/scope.,3,2,2,2,2,2,2,AUTO_CLASSIFIED,P3,KNU 한국어 일상 표현 사전 (Naver 오픈사전),"dictionary-style only, no nuance/example yet; korean accuracy not yet human-verified (separate axis from content strategy fit)"
yeoreouumureulpada-01,,여러 우물을 파다,ko,idiom,여러 우물을 파다,P1,"MEANING (inferred from content structure, not real search data)",,,여러 우물을 파다,To try one's hand at many different things at once.,3,2,2,2,2,2,2,AUTO_CLASSIFIED,P3,KNU 한국어 일상 표현 사전 (Naver 오픈사전),"dictionary-style only, no nuance/example yet; korean accuracy not yet human-verified (separate axis from content strategy fit)"
gwigasolgithada-01,,귀가 솔깃하다,ko,idiom,귀가 솔깃하다,P1,"MEANING (inferred from content structure, not real search data)",,,귀가 솔깃하다,To become interested in and drawn to what someone says.,3,2,2,2,2,2,2,AUTO_CLASSIFIED,P3,KNU 한국어 일상 표현 사전 (Naver 오픈사전),"dictionary-style only, no nuance/example yet; korean accuracy not yet human-verified (separate axis from content strategy fit)"
saedoeda-01,,새 되다,ko,idiom,새 되다,P1,"MEANING (inferred from content structure, not real search data)",,,새 되다,"To end up in a very awkward, humiliating position after something goes wrong.",3,2,2,2,2,2,2,AUTO_CLASSIFIED,P3,KNU 한국어 일상 표현 사전 (Naver 오픈사전),"dictionary-style only, no nuance/example yet; korean accuracy not yet human-verified (separate axis from content strategy fit)"
gamdangibulgamdangida-01,,감당이 불감당이다,ko,idiom,감당이 불감당이다,P1,"MEANING (inferred from content structure, not real search data)",,,감당이 불감당이다,To be beyond what one can handle or manage.,3,2,2,2,2,2,2,AUTO_CLASSIFIED,P3,KNU 한국어 일상 표현 사전 (Naver 오픈사전),"dictionary-style only, no nuance/example yet; korean accuracy not yet human-verified (separate axis from content strategy fit)"
gaseumibeokchada-01,,가슴(이) 벅차다,ko,idiom,가슴(이) 벅차다,P1,"MEANING (inferred from content structure, not real search data)",,,가슴(이) 벅차다,For one's heart to swell with deep emotion or joy.,3,2,2,2,2,2,2,AUTO_CLASSIFIED,P3,KNU 한국어 일상 표현 사전 (Naver 오픈사전),"dictionary-style only, no nuance/example yet; korean accuracy not yet human-verified (separate axis from content strategy fit)"
paekteuchekeu-01,,팩트 체크,ko,idiom,팩트 체크,P1,"MEANING (inferred from content structure, not real search data)",,,팩트 체크,Fact-checking — verifying whether a piece of information is true.,3,2,2,2,2,2,2,AUTO_CLASSIFIED,P3,KNU 한국어 일상 표현 사전 (Naver 오픈사전),"dictionary-style only, no nuance/example yet; korean accuracy not yet human-verified (separate axis from content strategy fit)"
jeongmageulkkaeda-01,,적막(을) 깨다,ko,idiom,적막(을) 깨다,P1,"MEANING (inferred from content structure, not real search data)",,,적막(을) 깨다,To break a quiet or awkward silence.,3,2,2,2,2,2,2,AUTO_CLASSIFIED,P3,KNU 한국어 일상 표현 사전 (Naver 오픈사전),"dictionary-style only, no nuance/example yet; korean accuracy not yet human-verified (separate axis from content strategy fit)"
narageuldeutada-01,,날아갈 듯하다,ko,idiom,날아갈 듯하다,P1,"MEANING (inferred from content structure, not real search data)",,,날아갈 듯하다,"To feel extremely light and happy, as if one could fly.",3,2,2,2,2,2,2,AUTO_CLASSIFIED,P3,KNU 한국어 일상 표현 사전 (Naver 오픈사전),"dictionary-style only, no nuance/example yet; korean accuracy not yet human-verified (separate axis from content strategy fit)"
koreulzzireuda-01,,코를 찌르다,ko,idiom,코를 찌르다,P1,"MEANING (inferred from content structure, not real search data)",,,코를 찌르다,For a smell to be strong enough to sting the nose.,3,2,2,2,2,2,2,AUTO_CLASSIFIED,P3,KNU 한국어 일상 표현 사전 (Naver 오픈사전),"dictionary-style only, no nuance/example yet; korean accuracy not yet human-verified (separate axis from content strategy fit)"
swimpyoreuljjikda-01,,쉼표를 찍다,ko,idiom,쉼표를 찍다,P1,"MEANING (inferred from content structure, not real search data)",,,쉼표를 찍다,To pause and rest a bit before continuing on with something.,3,2,2,2,2,2,2,AUTO_CLASSIFIED,P3,KNU 한국어 일상 표현 사전 (Naver 오픈사전),"dictionary-style only, no nuance/example yet; korean accuracy not yet human-verified (separate axis from content strategy fit)"
sonbadakmanhada-01,,손바닥만 하다,ko,idiom,손바닥만 하다,P1,"MEANING (inferred from content structure, not real search data)",,,손바닥만 하다,"To be very small, smaller than one might expect.",3,2,2,2,2,2,2,AUTO_CLASSIFIED,P3,KNU 한국어 일상 표현 사전 (Naver 오픈사전),"dictionary-style only, no nuance/example yet; korean accuracy not yet human-verified (separate axis from content strategy fit)"
pagugeulmatda-01,,파국(을) 맞다,ko,idiom,파국(을) 맞다,P1,"MEANING (inferred from content structure, not real search data)",,,파국(을) 맞다,For a relationship or situation to end in total collapse.,3,2,2,2,2,2,2,AUTO_CLASSIFIED,P3,KNU 한국어 일상 표현 사전 (Naver 오픈사전),"dictionary-style only, no nuance/example yet; korean accuracy not yet human-verified (separate axis from content strategy fit)"
ibiteuida-01,,입(이) 트이다,ko,idiom,입(이) 트이다,P1,"MEANING (inferred from content structure, not real search data)",,,입(이) 트이다,For a young child to begin speaking.,3,2,2,2,2,2,2,AUTO_CLASSIFIED,P3,KNU 한국어 일상 표현 사전 (Naver 오픈사전),"dictionary-style only, no nuance/example yet; korean accuracy not yet human-verified (separate axis from content strategy fit)"
nppunge-chwihada-01,,N뽕에 취하다,ko,idiom,N뽕에 취하다,P1,"MEANING (inferred from content structure, not real search data)",,,N뽕에 취하다,"Informally, to be excessively self-satisfied or proud about N.",3,2,2,2,2,2,2,AUTO_CLASSIFIED,P3,KNU 한국어 일상 표현 사전 (Naver 오픈사전),"dictionary-style only, no nuance/example yet; korean accuracy not yet human-verified (separate axis from content strategy fit)"
gajaminuneulteuda-01,,가자미눈을 뜨다,ko,idiom,가자미눈을 뜨다,P1,"MEANING (inferred from content structure, not real search data)",,,가자미눈을 뜨다,To glare at someone out of the corner of one's eyes in anger.,3,2,2,2,2,2,2,AUTO_CLASSIFIED,P3,KNU 한국어 일상 표현 사전 (Naver 오픈사전),"dictionary-style only, no nuance/example yet; korean accuracy not yet human-verified (separate axis from content strategy fit)"
mworago-01,,뭐라고,ko,idiom,뭐라고,P1,"MEANING (inferred from content structure, not real search data)",,,뭐라고,Emphasizing that something is very important or significant.,3,2,2,2,2,2,2,AUTO_CLASSIFIED,P3,KNU 한국어 일상 표현 사전 (Naver 오픈사전),"dictionary-style only, no nuance/example yet; korean accuracy not yet human-verified (separate axis from content strategy fit)"
yeoronideulkkeurta-01,,여론(이) 들끓다,ko,idiom,여론(이) 들끓다,P1,"MEANING (inferred from content structure, not real search data)",,,여론(이) 들끓다,For public opinion on an issue to boil over intensely.,3,2,2,2,2,2,2,AUTO_CLASSIFIED,P3,KNU 한국어 일상 표현 사전 (Naver 오픈사전),"dictionary-style only, no nuance/example yet; korean accuracy not yet human-verified (separate axis from content strategy fit)"
maeumeultaeuda-01,,마음(을) 태우다,ko,idiom,마음(을) 태우다,P1,"MEANING (inferred from content structure, not real search data)",,,마음(을) 태우다,To worry oneself sick over something.,3,2,2,2,2,2,2,AUTO_CLASSIFIED,P3,KNU 한국어 일상 표현 사전 (Naver 오픈사전),"dictionary-style only, no nuance/example yet; korean accuracy not yet human-verified (separate axis from content strategy fit)"
konggakjigabeotgyeojida-01,,콩깍지(가) 벗겨지다,ko,idiom,콩깍지(가) 벗겨지다,P1,"MEANING (inferred from content structure, not real search data)",,,콩깍지(가) 벗겨지다,"For infatuation to wear off, allowing one to see a partner's flaws again.",3,2,2,2,2,2,2,AUTO_CLASSIFIED,P3,KNU 한국어 일상 표현 사전 (Naver 오픈사전),"dictionary-style only, no nuance/example yet; korean accuracy not yet human-verified (separate axis from content strategy fit)"
heobeokjissireum-01,,허벅지씨름,ko,idiom,허벅지씨름,P1,"MEANING (inferred from content structure, not real search data)",,,허벅지씨름,A thigh-slapping game where two people take turns hitting each other's thighs to test endurance.,3,2,2,2,2,2,2,AUTO_CLASSIFIED,P3,KNU 한국어 일상 표현 사전 (Naver 오픈사전),"dictionary-style only, no nuance/example yet; korean accuracy not yet human-verified (separate axis from content strategy fit)"
sseogeundongajul-01,,썩은 동아줄,ko,idiom,썩은 동아줄,P1,"MEANING (inferred from content structure, not real search data)",,,썩은 동아줄,"Figuratively, something/someone that seems helpful but is actually unreliable — ""a rotten rope.""",3,2,2,2,2,2,2,AUTO_CLASSIFIED,P3,KNU 한국어 일상 표현 사전 (Naver 오픈사전),"dictionary-style only, no nuance/example yet; korean accuracy not yet human-verified (separate axis from content strategy fit)"
dalsalidotda-01,,닭살(이) 돋다,ko,idiom,닭살(이) 돋다,P1,"MEANING (inferred from content structure, not real search data)",,,닭살(이) 돋다,"To get goosebumps, usually from cheesy or cringe-inducing affection.",3,2,2,2,2,2,2,AUTO_CLASSIFIED,P3,KNU 한국어 일상 표현 사전 (Naver 오픈사전),"dictionary-style only, no nuance/example yet; korean accuracy not yet human-verified (separate axis from content strategy fit)"
dalgyalseryeo-01,,달걀 세례,ko,idiom,달걀 세례,P1,"MEANING (inferred from content structure, not real search data)",,,달걀 세례,Egging someone — throwing eggs at a person to protest or criticize them.,3,2,2,2,2,2,2,AUTO_CLASSIFIED,P3,KNU 한국어 일상 표현 사전 (Naver 오픈사전),"dictionary-style only, no nuance/example yet; korean accuracy not yet human-verified (separate axis from content strategy fit)"
seupohada-01,,스포하다,ko,idiom,스포하다,P1,"MEANING (inferred from content structure, not real search data)",,,스포하다,"To spoil the plot of a movie, drama, or novel for someone.",3,2,2,2,2,2,2,AUTO_CLASSIFIED,P3,KNU 한국어 일상 표현 사전 (Naver 오픈사전),"dictionary-style only, no nuance/example yet; korean accuracy not yet human-verified (separate axis from content strategy fit)"
salsalhada-01,,살살 하다,ko,idiom,살살 하다,P1,"MEANING (inferred from content structure, not real search data)",,,살살 하다,"To handle something gently, not too harshly.",3,2,2,2,2,2,2,AUTO_CLASSIFIED,P3,KNU 한국어 일상 표현 사전 (Naver 오픈사전),"dictionary-style only, no nuance/example yet; korean accuracy not yet human-verified (separate axis from content strategy fit)"
gidaebangeokjeongban-01,,기대 반 걱정 반,ko,idiom,기대 반 걱정 반,P1,"MEANING (inferred from content structure, not real search data)",,,기대 반 걱정 반,Feeling half hopeful and half worried about an upcoming matter.,3,2,2,2,2,2,2,AUTO_CLASSIFIED,P3,KNU 한국어 일상 표현 사전 (Naver 오픈사전),"dictionary-style only, no nuance/example yet; korean accuracy not yet human-verified (separate axis from content strategy fit)"
eokkaegaeusaghada-01,,어깨가 으쓱하다,ko,idiom,어깨가 으쓱하다,P1,"MEANING (inferred from content structure, not real search data)",,,어깨가 으쓱하다,To feel proud and pleased with oneself.,3,2,2,2,2,2,2,AUTO_CLASSIFIED,P3,KNU 한국어 일상 표현 사전 (Naver 오픈사전),"dictionary-style only, no nuance/example yet; korean accuracy not yet human-verified (separate axis from content strategy fit)"
jeoksinhogakeojida-01,,적신호(가) 커지다,ko,idiom,적신호(가) 커지다,P1,"MEANING (inferred from content structure, not real search data)",,,적신호(가) 커지다,For warning signs of a risk to grow stronger.,3,2,2,2,2,2,2,AUTO_CLASSIFIED,P3,KNU 한국어 일상 표현 사전 (Naver 오픈사전),"dictionary-style only, no nuance/example yet; korean accuracy not yet human-verified (separate axis from content strategy fit)"
marijjjalpda-01,,말(이) 짧다,ko,idiom,말(이) 짧다,P1,"MEANING (inferred from content structure, not real search data)",,,말(이) 짧다,To speak informally/rudely to someone who deserves respect.,3,2,2,2,2,2,2,AUTO_CLASSIFIED,P3,KNU 한국어 일상 표현 사전 (Naver 오픈사전),"dictionary-style only, no nuance/example yet; korean accuracy not yet human-verified (separate axis from content strategy fit)"
dumalhalgeoseopda-01,,두말할 것 없다,ko,idiom,두말할 것 없다,P1,"MEANING (inferred from content structure, not real search data)",,,두말할 것 없다,"""There's no need to say it twice"" — something is obviously true.",3,2,2,2,2,2,2,AUTO_CLASSIFIED,P3,KNU 한국어 일상 표현 사전 (Naver 오픈사전),"dictionary-style only, no nuance/example yet; korean accuracy not yet human-verified (separate axis from content strategy fit)"
beolgeondaenat-01,,벌건 대낮,ko,idiom,벌건 대낮,P1,"MEANING (inferred from content structure, not real search data)",,,벌건 대낮,Broad daylight.,3,2,2,2,2,2,2,AUTO_CLASSIFIED,P3,KNU 한국어 일상 표현 사전 (Naver 오픈사전),"dictionary-style only, no nuance/example yet; korean accuracy not yet human-verified (separate axis from content strategy fit)"
gibunida-01,,기분이다,ko,idiom,기분이다,P1,"MEANING (inferred from content structure, not real search data)",,,기분이다,"Said when feeling extremely pleased and generous, prompting a treat for others.",3,2,2,2,2,2,2,AUTO_CLASSIFIED,P3,KNU 한국어 일상 표현 사전 (Naver 오픈사전),"dictionary-style only, no nuance/example yet; korean accuracy not yet human-verified (separate axis from content strategy fit)"
jumadeungcheoreomseucheojinagada-01,,주마등처럼 스쳐 지나가다,ko,idiom,주마등처럼 스쳐 지나가다,P1,"MEANING (inferred from content structure, not real search data)",,,주마등처럼 스쳐 지나가다,For memories to flash rapidly through one's mind.,3,2,2,2,2,2,2,AUTO_CLASSIFIED,P3,KNU 한국어 일상 표현 사전 (Naver 오픈사전),"dictionary-style only, no nuance/example yet; korean accuracy not yet human-verified (separate axis from content strategy fit)"
insaenghanbang-01,,인생 한 방,ko,idiom,인생 한 방,P1,"MEANING (inferred from content structure, not real search data)",,,인생 한 방,One decisive stroke of luck that transforms one's whole life.,3,2,2,2,2,2,2,AUTO_CLASSIFIED,P3,KNU 한국어 일상 표현 사전 (Naver 오픈사전),"dictionary-style only, no nuance/example yet; korean accuracy not yet human-verified (separate axis from content strategy fit)"
geukgwageuk-01,,극과 극,ko,idiom,극과 극,P1,"MEANING (inferred from content structure, not real search data)",,,극과 극,"""Two complete opposites.""",3,2,2,2,2,2,2,AUTO_CLASSIFIED,P3,KNU 한국어 일상 표현 사전 (Naver 오픈사전),"dictionary-style only, no nuance/example yet; korean accuracy not yet human-verified (separate axis from content strategy fit)"
geokjeongeulbeuteureomaeda-01,,걱정(을) 붙들어 매다,ko,idiom,걱정(을) 붙들어 매다,P1,"MEANING (inferred from content structure, not real search data)",,,걱정(을) 붙들어 매다,"""Don't worry about it at all"" — telling someone to set aside a needless worry.",3,2,2,2,2,2,2,AUTO_CLASSIFIED,P3,KNU 한국어 일상 표현 사전 (Naver 오픈사전),"dictionary-style only, no nuance/example yet; korean accuracy not yet human-verified (separate axis from content strategy fit)"
doneulbalkhida-01,,돈(을) 밝히다,ko,idiom,돈(을) 밝히다,P1,"MEANING (inferred from content structure, not real search data)",,,돈(을) 밝히다,To be openly and excessively fond of money.,3,2,2,2,2,2,2,AUTO_CLASSIFIED,P3,KNU 한국어 일상 표현 사전 (Naver 오픈사전),"dictionary-style only, no nuance/example yet; korean accuracy not yet human-verified (separate axis from content strategy fit)"
gungmureulnaeda-01,,국물(을) 내다,ko,idiom,국물(을) 내다,P1,"MEANING (inferred from content structure, not real search data)",,,국물(을) 내다,To simmer ingredients to extract flavor into a broth.,3,2,2,2,2,2,2,AUTO_CLASSIFIED,P3,KNU 한국어 일상 표현 사전 (Naver 오픈사전),"dictionary-style only, no nuance/example yet; korean accuracy not yet human-verified (separate axis from content strategy fit)"
gyeonggyereulpyeoda-01,,경계(를) 펴다,ko,idiom,경계(를) 펴다,P1,"MEANING (inferred from content structure, not real search data)",,,경계(를) 펴다,To keep watch and stay alert against potential threats.,3,2,2,2,2,2,2,AUTO_CLASSIFIED,P3,KNU 한국어 일상 표현 사전 (Naver 오픈사전),"dictionary-style only, no nuance/example yet; korean accuracy not yet human-verified (separate axis from content strategy fit)"
bureuljipida-01,,불(을) 지피다,ko,idiom,불(을) 지피다,P1,"MEANING (inferred from content structure, not real search data)",,,불(을) 지피다,To stoke a strong resolve or determination in oneself for something.,3,2,2,2,2,2,2,AUTO_CLASSIFIED,P3,KNU 한국어 일상 표현 사전 (Naver 오픈사전),"dictionary-style only, no nuance/example yet; korean accuracy not yet human-verified (separate axis from content strategy fit)"
bunipullida-01,,분(이) 풀리다,ko,idiom,분(이) 풀리다,P1,"MEANING (inferred from content structure, not real search data)",,,분(이) 풀리다,For pent-up anger or resentment to be released and calmed.,3,2,2,2,2,2,2,AUTO_CLASSIFIED,P3,KNU 한국어 일상 표현 사전 (Naver 오픈사전),"dictionary-style only, no nuance/example yet; korean accuracy not yet human-verified (separate axis from content strategy fit)"
teumsaejang-01,,틈새장,ko,idiom,틈새장,P1,"MEANING (inferred from content structure, not real search data)",,,틈새장,A narrow storage furniture piece designed to fit into a tight gap between appliances/furniture.,3,2,2,2,2,2,2,AUTO_CLASSIFIED,P3,KNU 한국어 일상 표현 사전 (Naver 오픈사전),"dictionary-style only, no nuance/example yet; korean accuracy not yet human-verified (separate axis from content strategy fit)"
golitteojida-01,,골(이) 터지다,ko,idiom,골(이) 터지다,P1,"MEANING (inferred from content structure, not real search data)",,,골(이) 터지다,For a goal to be scored in a match.,3,2,2,2,2,2,2,AUTO_CLASSIFIED,P3,KNU 한국어 일상 표현 사전 (Naver 오픈사전),"dictionary-style only, no nuance/example yet; korean accuracy not yet human-verified (separate axis from content strategy fit)"
bunwigireulmolda-01,,분위기(를) 몰다,ko,idiom,분위기(를) 몰다,P1,"MEANING (inferred from content structure, not real search data)",,,분위기(를) 몰다,To steer the mood/atmosphere in a certain direction.,3,2,2,2,2,2,2,AUTO_CLASSIFIED,P3,KNU 한국어 일상 표현 사전 (Naver 오픈사전),"dictionary-style only, no nuance/example yet; korean accuracy not yet human-verified (separate axis from content strategy fit)"
jeongsineulppaenota-01,,정신(을) 빼놓다,ko,idiom,정신(을) 빼놓다,P1,"MEANING (inferred from content structure, not real search data)",,,정신(을) 빼놓다,To be so distracted that one loses focus on what matters.,3,2,2,2,2,2,2,AUTO_CLASSIFIED,P3,KNU 한국어 일상 표현 사전 (Naver 오픈사전),"dictionary-style only, no nuance/example yet; korean accuracy not yet human-verified (separate axis from content strategy fit)"
naerimakgireulgeotda-01,,내리막길(을) 걷다,ko,idiom,내리막길(을) 걷다,P1,"MEANING (inferred from content structure, not real search data)",,,내리막길(을) 걷다,"Figuratively, for a person's career or a trend to enter a decline.",3,2,2,2,2,2,2,AUTO_CLASSIFIED,P3,KNU 한국어 일상 표현 사전 (Naver 오픈사전),"dictionary-style only, no nuance/example yet; korean accuracy not yet human-verified (separate axis from content strategy fit)"
ppaengppaengidollida-01,,뺑뺑이 돌리다,ko,idiom,뺑뺑이 돌리다,P1,"MEANING (inferred from content structure, not real search data)",,,뺑뺑이 돌리다,"Figuratively, to make an arbitrary/random choice about something.",3,2,2,2,2,2,2,AUTO_CLASSIFIED,P3,KNU 한국어 일상 표현 사전 (Naver 오픈사전),"dictionary-style only, no nuance/example yet; korean accuracy not yet human-verified (separate axis from content strategy fit)"
pibugadwijipeojida-01,,피부(가) 뒤집어지다,ko,idiom,피부(가) 뒤집어지다,P1,"MEANING (inferred from content structure, not real search data)",,,피부(가) 뒤집어지다,For one's skin condition to worsen severely.,3,2,2,2,2,2,2,AUTO_CLASSIFIED,P3,KNU 한국어 일상 표현 사전 (Naver 오픈사전),"dictionary-style only, no nuance/example yet; korean accuracy not yet human-verified (separate axis from content strategy fit)"
yangmeori-01,,양 머리,ko,idiom,양 머리,P1,"MEANING (inferred from content structure, not real search data)",,,양 머리,A hairstyle where the hair is rolled/curled round like a sheep's.,3,2,2,2,2,2,2,AUTO_CLASSIFIED,P3,KNU 한국어 일상 표현 사전 (Naver 오픈사전),"dictionary-style only, no nuance/example yet; korean accuracy not yet human-verified (separate axis from content strategy fit)"
jarigaitda-01,,자리(가) 있다,ko,idiom,자리(가) 있다,P1,"MEANING (inferred from content structure, not real search data)",,,자리(가) 있다,"For a seat to be open/available somewhere, like a restaurant or bar.",3,2,2,2,2,2,2,AUTO_CLASSIFIED,P3,KNU 한국어 일상 표현 사전 (Naver 오픈사전),"dictionary-style only, no nuance/example yet; korean accuracy not yet human-verified (separate axis from content strategy fit)"
jemyeongemotsalda-01,,제명에 못 살다,ko,idiom,제명에 못 살다,P1,"MEANING (inferred from content structure, not real search data)",,,제명에 못 살다,To not live out one's natural lifespan due to hardship or a difficult situation.,3,2,2,2,2,2,2,AUTO_CLASSIFIED,P3,KNU 한국어 일상 표현 사전 (Naver 오픈사전),"dictionary-style only, no nuance/example yet; korean accuracy not yet human-verified (separate axis from content strategy fit)"
kkotsineulsinda-01,,꽃신(을) 신다,ko,idiom,꽃신(을) 신다,P1,"MEANING (inferred from content structure, not real search data)",,,꽃신(을) 신다,"Figuratively, for a soldier boyfriend to be discharged from the military.",3,2,2,2,2,2,2,AUTO_CLASSIFIED,P3,KNU 한국어 일상 표현 사전 (Naver 오픈사전),"dictionary-style only, no nuance/example yet; korean accuracy not yet human-verified (separate axis from content strategy fit)"
uldagauseumyeonttonggumeongeteolnanda-01,,울다가 웃으면 똥구멍에 털 난다,ko,idiom,울다가 웃으면 똥구멍에 털 난다,P1,"MEANING (inferred from content structure, not real search data)",,,울다가 웃으면 똥구멍에 털 난다,A teasing line said when someone who was crying starts laughing after being consoled.,3,2,2,2,2,2,2,AUTO_CLASSIFIED,P3,KNU 한국어 일상 표현 사전 (Naver 오픈사전),"dictionary-style only, no nuance/example yet; korean accuracy not yet human-verified (separate axis from content strategy fit)"
jalbutakdeurimnida-01,,잘 부탁드립니다,ko,idiom,잘 부탁드립니다,P1,"MEANING (inferred from content structure, not real search data)",,,잘 부탁드립니다,A greeting said when entrusting or handing off a task to someone.,3,2,2,2,2,2,2,AUTO_CLASSIFIED,P3,KNU 한국어 일상 표현 사전 (Naver 오픈사전),"dictionary-style only, no nuance/example yet; korean accuracy not yet human-verified (separate axis from content strategy fit)"
nunchireuljuda-01,,눈치(를) 주다,ko,idiom,눈치(를) 주다,P1,"MEANING (inferred from content structure, not real search data)",,,눈치(를) 주다,To indirectly express dissatisfaction through expression or behavior.,3,2,2,2,2,2,2,AUTO_CLASSIFIED,P3,KNU 한국어 일상 표현 사전 (Naver 오픈사전),"dictionary-style only, no nuance/example yet; korean accuracy not yet human-verified (separate axis from content strategy fit)"
gaseumicheolreonghada-01,,가슴(이) 철렁하다,ko,idiom,가슴(이) 철렁하다,P1,"MEANING (inferred from content structure, not real search data)",,,가슴(이) 철렁하다,"To be greatly startled, as if one's heart dropped.",3,2,2,2,2,2,2,AUTO_CLASSIFIED,P3,KNU 한국어 일상 표현 사전 (Naver 오픈사전),"dictionary-style only, no nuance/example yet; korean accuracy not yet human-verified (separate axis from content strategy fit)"
isangimnida-01,,이상입니다,ko,idiom,이상입니다,P1,"MEANING (inferred from content structure, not real search data)",,,이상입니다,"""That's all"" — said to signal the end of a talk or presentation.",3,2,2,2,2,2,2,AUTO_CLASSIFIED,P3,KNU 한국어 일상 표현 사전 (Naver 오픈사전),"dictionary-style only, no nuance/example yet; korean accuracy not yet human-verified (separate axis from content strategy fit)"
naemsaeganada-01,,냄새(가) 나다,ko,idiom,냄새(가) 나다,P1,"MEANING (inferred from content structure, not real search data)",,,냄새(가) 나다,To sense a hint or sign that something is about to happen.,3,2,2,2,2,2,2,AUTO_CLASSIFIED,P3,KNU 한국어 일상 표현 사전 (Naver 오픈사전),"dictionary-style only, no nuance/example yet; korean accuracy not yet human-verified (separate axis from content strategy fit)"
myeongereulssuiuda-01,,멍에(를) 씌우다,ko,idiom,멍에(를) 씌우다,P1,"MEANING (inferred from content structure, not real search data)",,,멍에(를) 씌우다,To restrict someone's freedom of action or will so they can't easily escape it.,3,2,2,2,2,2,2,AUTO_CLASSIFIED,P3,KNU 한국어 일상 표현 사전 (Naver 오픈사전),"dictionary-style only, no nuance/example yet; korean accuracy not yet human-verified (separate axis from content strategy fit)"
yeoldomhyeonsang-01,,열 돔 현상,ko,idiom,열 돔 현상,P1,"MEANING (inferred from content structure, not real search data)",,,열 돔 현상,"A ""heat dome"" — a weather phenomenon where a high-pressure system traps hot air over an area like a dome.",3,2,2,2,2,2,2,AUTO_CLASSIFIED,P3,KNU 한국어 일상 표현 사전 (Naver 오픈사전),"dictionary-style only, no nuance/example yet; korean accuracy not yet human-verified (separate axis from content strategy fit)"
gurareulchida-01,,구라(를) 치다,ko,idiom,구라(를) 치다,P1,"MEANING (inferred from content structure, not real search data)",,,구라(를) 치다,"Informally, to make something untrue sound like fact.",3,2,2,2,2,2,2,AUTO_CLASSIFIED,P3,KNU 한국어 일상 표현 사전 (Naver 오픈사전),"dictionary-style only, no nuance/example yet; korean accuracy not yet human-verified (separate axis from content strategy fit)"
bunwigireultuida-01,,분위기(를) 띄우다,ko,idiom,분위기(를) 띄우다,P1,"MEANING (inferred from content structure, not real search data)",,,분위기(를) 띄우다,To make the mood at a gathering lively and fun.,3,2,2,2,2,2,2,AUTO_CLASSIFIED,P3,KNU 한국어 일상 표현 사전 (Naver 오픈사전),"dictionary-style only, no nuance/example yet; korean accuracy not yet human-verified (separate axis from content strategy fit)"
neoleultwida-01,,널(을) 뛰다,ko,idiom,널(을) 뛰다,P1,"MEANING (inferred from content structure, not real search data)",,,널(을) 뛰다,"For emotions, a situation, or a figure to repeatedly go up and down.",3,2,2,2,2,2,2,AUTO_CLASSIFIED,P3,KNU 한국어 일상 표현 사전 (Naver 오픈사전),"dictionary-style only, no nuance/example yet; korean accuracy not yet human-verified (separate axis from content strategy fit)"
gungseocheida-01,,궁서체(이)다,ko,idiom,궁서체(이)다,P1,"MEANING (inferred from content structure, not real search data)",,,궁서체(이)다,Describes a serious tone of voice/writing (referencing a formal calligraphy font used for emphasis).,3,2,2,2,2,2,2,AUTO_CLASSIFIED,P3,KNU 한국어 일상 표현 사전 (Naver 오픈사전),"dictionary-style only, no nuance/example yet; korean accuracy not yet human-verified (separate axis from content strategy fit)"
habeulmatchuda-01,,합(을) 맞추다,ko,idiom,합(을) 맞추다,P1,"MEANING (inferred from content structure, not real search data)",,,합(을) 맞추다,For two or more people to coordinate together to meet a certain standard.,3,2,2,2,2,2,2,AUTO_CLASSIFIED,P3,KNU 한국어 일상 표현 사전 (Naver 오픈사전),"dictionary-style only, no nuance/example yet; korean accuracy not yet human-verified (separate axis from content strategy fit)"
myeonanjabameokji-01,,V-(으)면 안 잡아먹지,ko,idiom,V-(으)면 안 잡아먹지,P1,"MEANING (inferred from content structure, not real search data)",,,V-(으)면 안 잡아먹지,"A playful, joking way (from folktales) of urging someone to do the preceding action.",3,2,2,2,2,2,2,AUTO_CLASSIFIED,P3,KNU 한국어 일상 표현 사전 (Naver 오픈사전),"dictionary-style only, no nuance/example yet; korean accuracy not yet human-verified (separate axis from content strategy fit)"
nigomwogoeopda-01,,N이고 뭐고 없다,ko,idiom,N이고 뭐고 없다,P1,"MEANING (inferred from content structure, not real search data)",,,N이고 뭐고 없다,"""Forget about N"" — disregarding something entirely without weighing right or wrong.",3,2,2,2,2,2,2,AUTO_CLASSIFIED,P3,KNU 한국어 일상 표현 사전 (Naver 오픈사전),"dictionary-style only, no nuance/example yet; korean accuracy not yet human-verified (separate axis from content strategy fit)"
niojida-01,,N(이) 오지다,ko,idiom,N(이) 오지다,P1,"MEANING (inferred from content structure, not real search data)",,,N(이) 오지다,For the degree of something to be so extreme it's astonishing.,3,2,2,2,2,2,2,AUTO_CLASSIFIED,P3,KNU 한국어 일상 표현 사전 (Naver 오픈사전),"dictionary-style only, no nuance/example yet; korean accuracy not yet human-verified (separate axis from content strategy fit)"
useumgireulppaeda-01,,웃음기(를) 빼다,ko,idiom,웃음기(를) 빼다,P1,"MEANING (inferred from content structure, not real search data)",,,웃음기(를) 빼다,To drop a playful attitude and get serious.,3,2,2,2,2,2,2,AUTO_CLASSIFIED,P3,KNU 한국어 일상 표현 사전 (Naver 오픈사전),"dictionary-style only, no nuance/example yet; korean accuracy not yet human-verified (separate axis from content strategy fit)"
pumioreuda-01,,품(이) 오르다,ko,idiom,품(이) 오르다,P1,"MEANING (inferred from content structure, not real search data)",,,품(이) 오르다,"Mainly in sports, for a player's skill/ability to improve.",3,2,2,2,2,2,2,AUTO_CLASSIFIED,P3,KNU 한국어 일상 표현 사전 (Naver 오픈사전),"dictionary-style only, no nuance/example yet; korean accuracy not yet human-verified (separate axis from content strategy fit)"
kaljilhada-01,,칼질하다,ko,idiom,칼질하다,P1,"MEANING (inferred from content structure, not real search data)",,,칼질하다,"Figuratively, to cut something up finely and elegantly, like slicing a steak with a knife.",3,2,2,2,2,2,2,AUTO_CLASSIFIED,P3,KNU 한국어 일상 표현 사전 (Naver 오픈사전),"dictionary-style only, no nuance/example yet; korean accuracy not yet human-verified (separate axis from content strategy fit)"
bareuljumgida-01,,발을 옮기다,ko,idiom,발을 옮기다,P1,"MEANING (inferred from content structure, not real search data)",,,발을 옮기다,To move to a different location.,3,2,2,2,2,2,2,AUTO_CLASSIFIED,P3,KNU 한국어 일상 표현 사전 (Naver 오픈사전),"dictionary-style only, no nuance/example yet; korean accuracy not yet human-verified (separate axis from content strategy fit)"
mokjureulchwida-01,,목줄(을) 쥐다,ko,idiom,목줄(을) 쥐다,P1,"MEANING (inferred from content structure, not real search data)",,,목줄(을) 쥐다,"To have complete control over someone, able to handle them as one pleases.",3,2,2,2,2,2,2,AUTO_CLASSIFIED,P3,KNU 한국어 일상 표현 사전 (Naver 오픈사전),"dictionary-style only, no nuance/example yet; korean accuracy not yet human-verified (separate axis from content strategy fit)"
maritonghada-01,,말(이) 통하다,ko,idiom,말(이) 통하다,P1,"MEANING (inferred from content structure, not real search data)",,,말(이) 통하다,For minds/thoughts to communicate well with another person.,3,2,2,2,2,2,2,AUTO_CLASSIFIED,P3,KNU 한국어 일상 표현 사전 (Naver 오픈사전),"dictionary-style only, no nuance/example yet; korean accuracy not yet human-verified (separate axis from content strategy fit)"
hyeongdongsaenghada-01,,형 동생 하다,ko,idiom,형 동생 하다,P1,"MEANING (inferred from content structure, not real search data)",,,형 동생 하다,"To be close as if siblings, despite not being blood relatives.",3,2,2,2,2,2,2,AUTO_CLASSIFIED,P3,KNU 한국어 일상 표현 사전 (Naver 오픈사전),"dictionary-style only, no nuance/example yet; korean accuracy not yet human-verified (separate axis from content strategy fit)"
baechunip-01,,배춧잎,ko,idiom,배춧잎,P1,"MEANING (inferred from content structure, not real search data)",,,배춧잎,"Figuratively, paper money (banknotes).",3,2,2,2,2,2,2,AUTO_CLASSIFIED,P3,KNU 한국어 일상 표현 사전 (Naver 오픈사전),"dictionary-style only, no nuance/example yet; korean accuracy not yet human-verified (separate axis from content strategy fit)"
jigeopseongam-01,,직업성 암,ko,idiom,직업성 암,P1,"MEANING (inferred from content structure, not real search data)",,,직업성 암,"An occupational cancer, caused by factors in one's job.",3,2,2,2,2,2,2,AUTO_CLASSIFIED,P3,KNU 한국어 일상 표현 사전 (Naver 오픈사전),"dictionary-style only, no nuance/example yet; korean accuracy not yet human-verified (separate axis from content strategy fit)"
yeoseuljuda-01,,엿(을) 주다,ko,idiom,엿(을) 주다,P1,"MEANING (inferred from content structure, not real search data)",,,엿(을) 주다,"Informally, to sneak in alcohol or make someone drunk.",3,2,2,2,2,2,2,AUTO_CLASSIFIED,P3,KNU 한국어 일상 표현 사전 (Naver 오픈사전),"dictionary-style only, no nuance/example yet; korean accuracy not yet human-verified (separate axis from content strategy fit)"
mareulitda-01,,말(을) 잇다,ko,idiom,말(을) 잇다,P1,"MEANING (inferred from content structure, not real search data)",,,말(을) 잇다,To keep a conversation from lapsing into silence.,3,2,2,2,2,2,2,AUTO_CLASSIFIED,P3,KNU 한국어 일상 표현 사전 (Naver 오픈사전),"dictionary-style only, no nuance/example yet; korean accuracy not yet human-verified (separate axis from content strategy fit)"
michigopaljjaktwida-01,,미치고 팔짝 뛰다,ko,idiom,미치고 팔짝 뛰다,P1,"MEANING (inferred from content structure, not real search data)",,,미치고 팔짝 뛰다,Feeling so frustrated and stifled by an unfair situation that one could go crazy.,3,2,2,2,2,2,2,AUTO_CLASSIFIED,P3,KNU 한국어 일상 표현 사전 (Naver 오픈사전),"dictionary-style only, no nuance/example yet; korean accuracy not yet human-verified (separate axis from content strategy fit)"
jangnanhanya-01,,장난하냐,ko,idiom,장난하냐,P1,"MEANING (inferred from content structure, not real search data)",,,장난하냐,"""Are you kidding me?"" — reacting to words/behavior that seem impossible to take seriously.",3,2,2,2,2,2,2,AUTO_CLASSIFIED,P3,KNU 한국어 일상 표현 사전 (Naver 오픈사전),"dictionary-style only, no nuance/example yet; korean accuracy not yet human-verified (separate axis from content strategy fit)"
yogeulbagajiro-deutda-01,,욕을 바가지로 듣다,ko,idiom,욕을 바가지로 듣다,P1,"MEANING (inferred from content structure, not real search data)",,,욕을 바가지로 듣다,To be scolded/cursed at extensively.,3,2,2,2,2,2,2,AUTO_CLASSIFIED,P3,KNU 한국어 일상 표현 사전 (Naver 오픈사전),"dictionary-style only, no nuance/example yet; korean accuracy not yet human-verified (separate axis from content strategy fit)"
miljeoneulkkalda-01,,밀전(을) 깔다,ko,idiom,밀전(을) 깔다,P1,"MEANING (inferred from content structure, not real search data)",,,밀전(을) 깔다,To lay out the foundation for something before starting to drink.,3,2,2,2,2,2,2,AUTO_CLASSIFIED,P3,KNU 한국어 일상 표현 사전 (Naver 오픈사전),"dictionary-style only, no nuance/example yet; korean accuracy not yet human-verified (separate axis from content strategy fit)"
iruda-mallohalsueopda-01,,이루 다 말(로) 할 수 없다,ko,idiom,이루 다 말(로) 할 수 없다,P1,"MEANING (inferred from content structure, not real search data)",,,이루 다 말(로) 할 수 없다,Impossible to fully express in words.,3,2,2,2,2,2,2,AUTO_CLASSIFIED,P3,KNU 한국어 일상 표현 사전 (Naver 오픈사전),"dictionary-style only, no nuance/example yet; korean accuracy not yet human-verified (separate axis from content strategy fit)"
mentaelinokda-01,,멘탈(이) 녹다,ko,idiom,멘탈(이) 녹다,P1,"MEANING (inferred from content structure, not real search data)",,,멘탈(이) 녹다,To be mentally so shaken that one can't think or act properly.,3,2,2,2,2,2,2,AUTO_CLASSIFIED,P3,KNU 한국어 일상 표현 사전 (Naver 오픈사전),"dictionary-style only, no nuance/example yet; korean accuracy not yet human-verified (separate axis from content strategy fit)"
tongryeong-01,,-통령,ko,idiom,-통령,P1,"MEANING (inferred from content structure, not real search data)",,,-통령,"A suffix added after a field name meaning ""the most impressive/top person"" in that area (a play on ""president"").",3,2,2,2,2,2,2,AUTO_CLASSIFIED,P3,KNU 한국어 일상 표현 사전 (Naver 오픈사전),"dictionary-style only, no nuance/example yet; korean accuracy not yet human-verified (separate axis from content strategy fit)"
sesangeuldaeotda-01,,세상을 다 얻다,ko,idiom,세상을 다 얻다,P1,"MEANING (inferred from content structure, not real search data)",,,세상을 다 얻다,"Figuratively, to feel overjoyed as if one had gained everything wished for.",3,2,2,2,2,2,2,AUTO_CLASSIFIED,P3,KNU 한국어 일상 표현 사전 (Naver 오픈사전),"dictionary-style only, no nuance/example yet; korean accuracy not yet human-verified (separate axis from content strategy fit)"
ppoppoeulgangida-01,,뽀뽀(를) 갈기다,ko,idiom,뽀뽀(를) 갈기다,P1,"MEANING (inferred from content structure, not real search data)",,,뽀뽀(를) 갈기다,"Informally, to kiss someone repeatedly/excitedly.",3,2,2,2,2,2,2,AUTO_CLASSIFIED,P3,KNU 한국어 일상 표현 사전 (Naver 오픈사전),"dictionary-style only, no nuance/example yet; korean accuracy not yet human-verified (separate axis from content strategy fit)"
mareuljitda-01,,말을 짓다,ko,idiom,말을 짓다,P1,"MEANING (inferred from content structure, not real search data)",,,말을 짓다,To make up a lie.,3,2,2,2,2,2,2,AUTO_CLASSIFIED,P3,KNU 한국어 일상 표현 사전 (Naver 오픈사전),"dictionary-style only, no nuance/example yet; korean accuracy not yet human-verified (separate axis from content strategy fit)"
chosu-01,,초수,ko,idiom,초수,P1,"MEANING (inferred from content structure, not real search data)",,,초수,Someone who passes an exam/test on their first attempt.,3,2,2,2,2,2,2,AUTO_CLASSIFIED,P3,KNU 한국어 일상 표현 사전 (Naver 오픈사전),"dictionary-style only, no nuance/example yet; korean accuracy not yet human-verified (separate axis from content strategy fit)"
nechwimigaitda-01,,N에 취미(가) 있다,ko,idiom,N에 취미(가) 있다,P1,"MEANING (inferred from content structure, not real search data)",,,N에 취미(가) 있다,To have interest or enjoy doing something (N).,3,2,2,2,2,2,2,AUTO_CLASSIFIED,P3,KNU 한국어 일상 표현 사전 (Naver 오픈사전),"dictionary-style only, no nuance/example yet; korean accuracy not yet human-verified (separate axis from content strategy fit)"
eoyajemat-01,,V-어야 제맛,ko,idiom,V-어야 제맛,P1,"MEANING (inferred from content structure, not real search data)",,,V-어야 제맛,"""It's better done this way"" — the described condition brings out something's true character.",3,2,2,2,2,2,2,AUTO_CLASSIFIED,P3,KNU 한국어 일상 표현 사전 (Naver 오픈사전),"dictionary-style only, no nuance/example yet; korean accuracy not yet human-verified (separate axis from content strategy fit)"
naireuleodiromeokda-01,,나이를 어디로 먹다,ko,idiom,나이를 어디로 먹다,P1,"MEANING (inferred from content structure, not real search data)",,,나이를 어디로 먹다,A rebuke suggesting someone is acting much less maturely than their age.,3,2,2,2,2,2,2,AUTO_CLASSIFIED,P3,KNU 한국어 일상 표현 사전 (Naver 오픈사전),"dictionary-style only, no nuance/example yet; korean accuracy not yet human-verified (separate axis from content strategy fit)"
meorireuljaruda-02,,머리(를) 자르다,ko,idiom,머리(를) 자르다,P1,"MEANING (inferred from content structure, not real search data)",,,머리(를) 자르다,To get a haircut.,3,2,2,2,2,2,2,AUTO_CLASSIFIED,P3,KNU 한국어 일상 표현 사전 (Naver 오픈사전),"dictionary-style only, no nuance/example yet; korean accuracy not yet human-verified (separate axis from content strategy fit)"
bolkiseu-01,,볼 키스,ko,idiom,볼 키스,P1,"MEANING (inferred from content structure, not real search data)",,,볼 키스,A greeting kiss on the cheek.,3,2,2,2,2,2,2,AUTO_CLASSIFIED,P3,KNU 한국어 일상 표현 사전 (Naver 오픈사전),"dictionary-style only, no nuance/example yet; korean accuracy not yet human-verified (separate axis from content strategy fit)"
eumeuljapda-01,,음(을) 잡다,ko,idiom,음(을) 잡다,P1,"MEANING (inferred from content structure, not real search data)",,,음(을) 잡다,To find and match the correct pitch for a song or instrument.,3,2,2,2,2,2,2,AUTO_CLASSIFIED,P3,KNU 한국어 일상 표현 사전 (Naver 오픈사전),"dictionary-style only, no nuance/example yet; korean accuracy not yet human-verified (separate axis from content strategy fit)"
ttaerida-01,,때리다,ko,idiom,때리다,P1,"MEANING (inferred from content structure, not real search data)",,,때리다,"Informally, to do something (eating, drinking, playing) enthusiastically.",3,2,2,2,2,2,2,AUTO_CLASSIFIED,P3,KNU 한국어 일상 표현 사전 (Naver 오픈사전),"dictionary-style only, no nuance/example yet; korean accuracy not yet human-verified (separate axis from content strategy fit)"
mwoya-01,,뭐야,ko,idiom,뭐야,P1,"MEANING (inferred from content structure, not real search data)",,,뭐야,Expressing surprise at an unexpected turn of events.,3,2,2,2,2,2,2,AUTO_CLASSIFIED,P3,KNU 한국어 일상 표현 사전 (Naver 오픈사전),"dictionary-style only, no nuance/example yet; korean accuracy not yet human-verified (separate axis from content strategy fit)"
nanamahada-01,,V-(으)나 마나 하다,ko,idiom,V-(으)나 마나 하다,P1,"MEANING (inferred from content structure, not real search data)",,,V-(으)나 마나 하다,Doing or not doing an action makes little to no difference.,3,2,2,2,2,2,2,AUTO_CLASSIFIED,P3,KNU 한국어 일상 표현 사전 (Naver 오픈사전),"dictionary-style only, no nuance/example yet; korean accuracy not yet human-verified (separate axis from content strategy fit)"
kkumeulpyeolchida-01,,꿈(을) 펼치다,ko,idiom,꿈(을) 펼치다,P1,"MEANING (inferred from content structure, not real search data)",,,꿈(을) 펼치다,To realize/put into practice one's hopes or ambitions.,3,2,2,2,2,2,2,AUTO_CLASSIFIED,P3,KNU 한국어 일상 표현 사전 (Naver 오픈사전),"dictionary-style only, no nuance/example yet; korean accuracy not yet human-verified (separate axis from content strategy fit)"
jalmeokgojalsalara-01,,잘 먹고 잘 살아라,ko,idiom,잘 먹고 잘 살아라,P1,"MEANING (inferred from content structure, not real search data)",,,잘 먹고 잘 살아라,"A bitter remark said to someone who's wronged you, wishing them well sarcastically.",3,2,2,2,2,2,2,AUTO_CLASSIFIED,P3,KNU 한국어 일상 표현 사전 (Naver 오픈사전),"dictionary-style only, no nuance/example yet; korean accuracy not yet human-verified (separate axis from content strategy fit)"
nalssigapullida-01,,날씨(가) 풀리다,ko,idiom,날씨(가) 풀리다,P1,"MEANING (inferred from content structure, not real search data)",,,날씨(가) 풀리다,For the weather to warm up as the cold season ends.,3,2,2,2,2,2,2,AUTO_CLASSIFIED,P3,KNU 한국어 일상 표현 사전 (Naver 오픈사전),"dictionary-style only, no nuance/example yet; korean accuracy not yet human-verified (separate axis from content strategy fit)"
georeodanineun-n-01,,걸어 다니는 N,ko,idiom,걸어 다니는 N,P1,"MEANING (inferred from content structure, not real search data)",,,걸어 다니는 N,"""A walking N"" — someone whose trait (N) is so obvious it defines them.",3,2,2,2,2,2,2,AUTO_CLASSIFIED,P3,KNU 한국어 일상 표현 사전 (Naver 오픈사전),"dictionary-style only, no nuance/example yet; korean accuracy not yet human-verified (separate axis from content strategy fit)"
ibeulnabulgeorida-01,,입(을) 나불거리다,ko,idiom,입(을) 나불거리다,P1,"MEANING (inferred from content structure, not real search data)",,,입(을) 나불거리다,To chatter carelessly.,3,2,2,2,2,2,2,AUTO_CLASSIFIED,P3,KNU 한국어 일상 표현 사전 (Naver 오픈사전),"dictionary-style only, no nuance/example yet; korean accuracy not yet human-verified (separate axis from content strategy fit)"
mareulkkeokda-01,,말(을) 꺾다,ko,idiom,말(을) 꺾다,P1,"MEANING (inferred from content structure, not real search data)",,,말(을) 꺾다,"To interrupt someone mid-sentence, making them unable to continue.",3,2,2,2,2,2,2,AUTO_CLASSIFIED,P3,KNU 한국어 일상 표현 사전 (Naver 오픈사전),"dictionary-style only, no nuance/example yet; korean accuracy not yet human-verified (separate axis from content strategy fit)"
sosikigeunkkida-01,,소식(이) 끊기다,ko,idiom,소식(이) 끊기다,P1,"MEANING (inferred from content structure, not real search data)",,,소식(이) 끊기다,To lose all news/contact with someone who's far away.,3,2,2,2,2,2,2,AUTO_CLASSIFIED,P3,KNU 한국어 일상 표현 사전 (Naver 오픈사전),"dictionary-style only, no nuance/example yet; korean accuracy not yet human-verified (separate axis from content strategy fit)"
ttongbaejjangeulburida-01,,똥배짱을 부리다,ko,idiom,똥배짱을 부리다,P1,"MEANING (inferred from content structure, not real search data)",,,똥배짱을 부리다,"Informally, to stubbornly insist on something without any basis.",3,2,2,2,2,2,2,AUTO_CLASSIFIED,P3,KNU 한국어 일상 표현 사전 (Naver 오픈사전),"dictionary-style only, no nuance/example yet; korean accuracy not yet human-verified (separate axis from content strategy fit)"
jjinchin-01,,찐친,ko,idiom,찐친,P1,"MEANING (inferred from content structure, not real search data)",,,찐친,"A ""true friend"" — someone with whom the friendship is especially close and genuine.",3,2,2,2,2,2,2,AUTO_CLASSIFIED,P3,KNU 한국어 일상 표현 사전 (Naver 오픈사전),"dictionary-style only, no nuance/example yet; korean accuracy not yet human-verified (separate axis from content strategy fit)"
simjangibunaeda-01,,심장(이) 나대다,ko,idiom,심장(이) 나대다,P1,"MEANING (inferred from content structure, not real search data)",,,심장(이) 나대다,"For one's heart to race, whether from fright or excitement.",3,2,2,2,2,2,2,AUTO_CLASSIFIED,P3,KNU 한국어 일상 표현 사전 (Naver 오픈사전),"dictionary-style only, no nuance/example yet; korean accuracy not yet human-verified (separate axis from content strategy fit)"
sogisseurida-01,,속(이) 쓰리다,ko,idiom,속(이) 쓰리다,P1,"MEANING (inferred from content structure, not real search data)",,,속(이) 쓰리다,"To feel a burning discomfort in one's stomach; also figuratively, to feel deep regret.",3,2,2,2,2,2,2,AUTO_CLASSIFIED,P3,KNU 한국어 일상 표현 사전 (Naver 오픈사전),"dictionary-style only, no nuance/example yet; korean accuracy not yet human-verified (separate axis from content strategy fit)"
donianddoeda-01,,돈(이) 안 되다,ko,idiom,돈(이) 안 되다,P1,"MEANING (inferred from content structure, not real search data)",,,돈(이) 안 되다,To not turn a profit.,3,2,2,2,2,2,2,AUTO_CLASSIFIED,P3,KNU 한국어 일상 표현 사전 (Naver 오픈사전),"dictionary-style only, no nuance/example yet; korean accuracy not yet human-verified (separate axis from content strategy fit)"
gyeongjaengibutda-01,,경쟁(이) 붙다,ko,idiom,경쟁(이) 붙다,P1,"MEANING (inferred from content structure, not real search data)",,,경쟁(이) 붙다,For competition/rivalry to arise between people over something.,3,2,2,2,2,2,2,AUTO_CLASSIFIED,P3,KNU 한국어 일상 표현 사전 (Naver 오픈사전),"dictionary-style only, no nuance/example yet; korean accuracy not yet human-verified (separate axis from content strategy fit)"
bigaonanunioabaramibuna-01,,비가 오나 눈이 오나 바람이 부나,ko,idiom,비가 오나 눈이 오나 바람이 부나,P1,"MEANING (inferred from content structure, not real search data)",,,비가 오나 눈이 오나 바람이 부나,"""Come rain, snow, or wind"" — no matter the circumstances, always the same.",3,2,2,2,2,2,2,AUTO_CLASSIFIED,P3,KNU 한국어 일상 표현 사전 (Naver 오픈사전),"dictionary-style only, no nuance/example yet; korean accuracy not yet human-verified (separate axis from content strategy fit)"
miteoreulkkeunta-01,,미터(를) 끊다,ko,idiom,미터(를) 끊다,P1,"MEANING (inferred from content structure, not real search data)",,,미터(를) 끊다,To pay the fare shown on a taxi meter.,3,2,2,2,2,2,2,AUTO_CLASSIFIED,P3,KNU 한국어 일상 표현 사전 (Naver 오픈사전),"dictionary-style only, no nuance/example yet; korean accuracy not yet human-verified (separate axis from content strategy fit)"
sillyehamnida-01,,실례합니다,ko,idiom,실례합니다,P1,"MEANING (inferred from content structure, not real search data)",,,실례합니다,A polite phrase said before addressing or asking something of a stranger.,3,2,2,2,2,2,2,AUTO_CLASSIFIED,P3,KNU 한국어 일상 표현 사전 (Naver 오픈사전),"dictionary-style only, no nuance/example yet; korean accuracy not yet human-verified (separate axis from content strategy fit)"
nunchireulchaenggida-01,,눈치를 챙기다,ko,idiom,눈치를 챙기다,P1,"MEANING (inferred from content structure, not real search data)",,,눈치를 챙기다,To quickly pick up on others' feelings or a situation.,3,2,2,2,2,2,2,AUTO_CLASSIFIED,P3,KNU 한국어 일상 표현 사전 (Naver 오픈사전),"dictionary-style only, no nuance/example yet; korean accuracy not yet human-verified (separate axis from content strategy fit)"
michigetda-01,,미치겠다,ko,idiom,미치겠다,P1,"MEANING (inferred from content structure, not real search data)",,,미치겠다,"""I'm going crazy"" — expressing extreme frustration or being at wit's end.",3,2,2,2,2,2,2,AUTO_CLASSIFIED,P3,KNU 한국어 일상 표현 사전 (Naver 오픈사전),"dictionary-style only, no nuance/example yet; korean accuracy not yet human-verified (separate axis from content strategy fit)"
mulbangogogibang-01,,물 반 고기 반,ko,idiom,물 반 고기 반,P1,"MEANING (inferred from content structure, not real search data)",,,물 반 고기 반,"Describes a huge number of fish gathered in the water, relative to the water itself.",3,2,2,2,2,2,2,AUTO_CLASSIFIED,P3,KNU 한국어 일상 표현 사전 (Naver 오픈사전),"dictionary-style only, no nuance/example yet; korean accuracy not yet human-verified (separate axis from content strategy fit)"
nidahada-01,,N이 다하다,ko,idiom,N이 다하다,P1,"MEANING (inferred from content structure, not real search data)",,,N이 다하다,For N to have played the most important role in something.,3,2,2,2,2,2,2,AUTO_CLASSIFIED,P3,KNU 한국어 일상 표현 사전 (Naver 오픈사전),"dictionary-style only, no nuance/example yet; korean accuracy not yet human-verified (separate axis from content strategy fit)"
bameulchida-01,,밤(을) 치다,ko,idiom,밤(을) 치다,P1,"MEANING (inferred from content structure, not real search data)",,,밤(을) 치다,"To trim a chestnut's outer shell and inner skin into a neat, uniform shape (often for ancestral rites).",3,2,2,2,2,2,2,AUTO_CLASSIFIED,P3,KNU 한국어 일상 표현 사전 (Naver 오픈사전),"dictionary-style only, no nuance/example yet; korean accuracy not yet human-verified (separate axis from content strategy fit)"
yogeulbagajirojeongmokda-01,,욕을 바가지로 먹다,ko,idiom,욕을 바가지로 먹다,P1,"MEANING (inferred from content structure, not real search data)",,,욕을 바가지로 먹다,To receive a great deal of scolding.,3,2,2,2,2,2,2,AUTO_CLASSIFIED,P3,KNU 한국어 일상 표현 사전 (Naver 오픈사전),"dictionary-style only, no nuance/example yet; korean accuracy not yet human-verified (separate axis from content strategy fit)"
kaleulppopda-01,,칼(을) 뽑다,ko,idiom,칼(을) 뽑다,P1,"MEANING (inferred from content structure, not real search data)",,,칼(을) 뽑다,To resolve firmly and start taking action.,3,2,2,2,2,2,2,AUTO_CLASSIFIED,P3,KNU 한국어 일상 표현 사전 (Naver 오픈사전),"dictionary-style only, no nuance/example yet; korean accuracy not yet human-verified (separate axis from content strategy fit)"
yageulhada-01,,약(을) 하다,ko,idiom,약(을) 하다,P1,"MEANING (inferred from content structure, not real search data)",,,약(을) 하다,To use drugs.,3,2,2,2,2,2,2,AUTO_CLASSIFIED,P3,KNU 한국어 일상 표현 사전 (Naver 오픈사전),"dictionary-style only, no nuance/example yet; korean accuracy not yet human-verified (separate axis from content strategy fit)"
heoligeuneulpulda-01,,허리끈(을) 풀다,ko,idiom,허리끈(을) 풀다,P1,"MEANING (inferred from content structure, not real search data)",,,허리끈(을) 풀다,To loosen one's belt to eat comfortably.,3,2,2,2,2,2,2,AUTO_CLASSIFIED,P3,KNU 한국어 일상 표현 사전 (Naver 오픈사전),"dictionary-style only, no nuance/example yet; korean accuracy not yet human-verified (separate axis from content strategy fit)"
donimaminde-01,,돈이 얼마인데,ko,idiom,돈이 얼마인데,P1,"MEANING (inferred from content structure, not real search data)",,,돈이 얼마인데,Emphasizing how much money is at stake.,3,2,2,2,2,2,2,AUTO_CLASSIFIED,P3,KNU 한국어 일상 표현 사전 (Naver 오픈사전),"dictionary-style only, no nuance/example yet; korean accuracy not yet human-verified (separate axis from content strategy fit)"
ppeongppeongteoteuriada-01,,뻥뻥 터트리다,ko,idiom,뻥뻥 터트리다,P1,"MEANING (inferred from content structure, not real search data)",,,뻥뻥 터트리다,To crack jokes that repeatedly get big laughs.,3,2,2,2,2,2,2,AUTO_CLASSIFIED,P3,KNU 한국어 일상 표현 사전 (Naver 오픈사전),"dictionary-style only, no nuance/example yet; korean accuracy not yet human-verified (separate axis from content strategy fit)"
ipeulnaeda-01,,잎(을) 내다,ko,idiom,잎(을) 내다,P1,"MEANING (inferred from content structure, not real search data)",,,잎(을) 내다,(Investing/gambling slang) to earn a very good return or profit.,3,2,2,2,2,2,2,AUTO_CLASSIFIED,P3,KNU 한국어 일상 표현 사전 (Naver 오픈사전),"dictionary-style only, no nuance/example yet; korean accuracy not yet human-verified (separate axis from content strategy fit)"
meorissoge-deureogaboda-01,,머릿속에 들어가 보다,ko,idiom,머릿속에 들어가 보다,P1,"MEANING (inferred from content structure, not real search data)",,,머릿속에 들어가 보다,To try to precisely imagine what someone else is thinking.,3,2,2,2,2,2,2,AUTO_CLASSIFIED,P3,KNU 한국어 일상 표현 사전 (Naver 오픈사전),"dictionary-style only, no nuance/example yet; korean accuracy not yet human-verified (separate axis from content strategy fit)"
hyeongaurhada-01,,형 아우 하다,ko,idiom,형 아우 하다,P1,"MEANING (inferred from content structure, not real search data)",,,형 아우 하다,To be as close as siblings despite not being blood relatives.,3,2,2,2,2,2,2,AUTO_CLASSIFIED,P3,KNU 한국어 일상 표현 사전 (Naver 오픈사전),"dictionary-style only, no nuance/example yet; korean accuracy not yet human-verified (separate axis from content strategy fit)"
dayeooda-01,,다녀오다,ko,idiom,다녀오다,P1,"MEANING (inferred from content structure, not real search data)",,,다녀오다,"Figuratively, to have gotten married and then divorced.",3,2,2,2,2,2,2,AUTO_CLASSIFIED,P3,KNU 한국어 일상 표현 사전 (Naver 오픈사전),"dictionary-style only, no nuance/example yet; korean accuracy not yet human-verified (separate axis from content strategy fit)"
algojinaeda-01,,알고 지내다,ko,idiom,알고 지내다,P1,"MEANING (inferred from content structure, not real search data)",,,알고 지내다,To have known each other for a while.,3,2,2,2,2,2,2,AUTO_CLASSIFIED,P3,KNU 한국어 일상 표현 사전 (Naver 오픈사전),"dictionary-style only, no nuance/example yet; korean accuracy not yet human-verified (separate axis from content strategy fit)"
gaecheoreomilhada-01,,개처럼 일하다,ko,idiom,개처럼 일하다,P1,"MEANING (inferred from content structure, not real search data)",,,개처럼 일하다,"To work without rest, tirelessly.",3,2,2,2,2,2,2,AUTO_CLASSIFIED,P3,KNU 한국어 일상 표현 사전 (Naver 오픈사전),"dictionary-style only, no nuance/example yet; korean accuracy not yet human-verified (separate axis from content strategy fit)"
yeonghonkkajikkeureomeuda-01,,영혼까지 끌어모으다,ko,idiom,영혼까지 끌어모으다,P1,"MEANING (inferred from content structure, not real search data)",,,영혼까지 끌어모으다,To gather up every last bit of effort/sincerity possible to accomplish something.,3,2,2,2,2,2,2,AUTO_CLASSIFIED,P3,KNU 한국어 일상 표현 사전 (Naver 오픈사전),"dictionary-style only, no nuance/example yet; korean accuracy not yet human-verified (separate axis from content strategy fit)"
n1hangnyeonn2ban-01,,N1 학년 N2 반,ko,idiom,N1 학년 N2 반,P1,"MEANING (inferred from content structure, not real search data)",,,N1 학년 N2 반,"Informally, a way of pointing out someone's age (as if referring to their school grade and class).",3,2,2,2,2,2,2,AUTO_CLASSIFIED,P3,KNU 한국어 일상 표현 사전 (Naver 오픈사전),"dictionary-style only, no nuance/example yet; korean accuracy not yet human-verified (separate axis from content strategy fit)"
teolisoeda-01,,털(이) 서다,ko,idiom,털(이) 서다,P1,"MEANING (inferred from content structure, not real search data)",,,털(이) 서다,For one's hair to stand on end from extreme tension or fright.,3,2,2,2,2,2,2,AUTO_CLASSIFIED,P3,KNU 한국어 일상 표현 사전 (Naver 오픈사전),"dictionary-style only, no nuance/example yet; korean accuracy not yet human-verified (separate axis from content strategy fit)"
gogaereulgarojeotda-01,,고개를 가로젓다,ko,idiom,고개를 가로젓다,P1,"MEANING (inferred from content structure, not real search data)",,,고개를 가로젓다,To shake one's head side to side to indicate refusal or disagreement.,3,2,2,2,2,2,2,AUTO_CLASSIFIED,P3,KNU 한국어 일상 표현 사전 (Naver 오픈사전),"dictionary-style only, no nuance/example yet; korean accuracy not yet human-verified (separate axis from content strategy fit)"
angue-seupgigachada-01,,안구에 습기(가) 차다,ko,idiom,안구에 습기(가) 차다,P1,"MEANING (inferred from content structure, not real search data)",,,안구에 습기(가) 차다,"Informally and jokingly, for tears to well up from being touched or sad.",3,2,2,2,2,2,2,AUTO_CLASSIFIED,P3,KNU 한국어 일상 표현 사전 (Naver 오픈사전),"dictionary-style only, no nuance/example yet; korean accuracy not yet human-verified (separate axis from content strategy fit)"
namjaroboida-01,,남자로 보이다,ko,idiom,남자로 보이다,P1,"MEANING (inferred from content structure, not real search data)",,,남자로 보이다,For a woman to notice a man as having romantic appeal.,3,2,2,2,2,2,2,AUTO_CLASSIFIED,P3,KNU 한국어 일상 표현 사전 (Naver 오픈사전),"dictionary-style only, no nuance/example yet; korean accuracy not yet human-verified (separate axis from content strategy fit)"
dwitsimeulbalhwihada-01,,뒷심(을) 발휘하다,ko,idiom,뒷심(을) 발휘하다,P1,"MEANING (inferred from content structure, not real search data)",,,뒷심(을) 발휘하다,To pull out a strong final effort at the last stretch of a task.,3,2,2,2,2,2,2,AUTO_CLASSIFIED,P3,KNU 한국어 일상 표현 사전 (Naver 오픈사전),"dictionary-style only, no nuance/example yet; korean accuracy not yet human-verified (separate axis from content strategy fit)"
eongtta-01,,엉따,ko,idiom,엉따,P1,"MEANING (inferred from content structure, not real search data)",,,엉따,A heated seat function in a car.,3,2,2,2,2,2,2,AUTO_CLASSIFIED,P3,KNU 한국어 일상 표현 사전 (Naver 오픈사전),"dictionary-style only, no nuance/example yet; korean accuracy not yet human-verified (separate axis from content strategy fit)"
danmulsseunmureuldappalameokda-01,,단물 쓴물(을) 다 빨아먹다,ko,idiom,단물 쓴물(을) 다 빨아먹다,P1,"MEANING (inferred from content structure, not real search data)",,,단물 쓴물(을) 다 빨아먹다,"To make full, exploitative use of everything a person or thing has to offer.",3,2,2,2,2,2,2,AUTO_CLASSIFIED,P3,KNU 한국어 일상 표현 사전 (Naver 오픈사전),"dictionary-style only, no nuance/example yet; korean accuracy not yet human-verified (separate axis from content strategy fit)"
baengmannyeonman-01,,백만 년 만,ko,idiom,백만 년 만,P1,"MEANING (inferred from content structure, not real search data)",,,백만 년 만,"""After a million years"" — an exaggeration for a very long time since the last occurrence.",3,2,2,2,2,2,2,AUTO_CLASSIFIED,P3,KNU 한국어 일상 표현 사전 (Naver 오픈사전),"dictionary-style only, no nuance/example yet; korean accuracy not yet human-verified (separate axis from content strategy fit)"
sugayapda-01,,수가 얕다,ko,idiom,수가 얕다,P1,"MEANING (inferred from content structure, not real search data)",,,수가 얕다,For a plan or strategy to be shallow/easy to see through.,3,2,2,2,2,2,2,AUTO_CLASSIFIED,P3,KNU 한국어 일상 표현 사전 (Naver 오픈사전),"dictionary-style only, no nuance/example yet; korean accuracy not yet human-verified (separate axis from content strategy fit)"
geubapegeubanchan-01,,그 밥에 그 반찬,ko,idiom,그 밥에 그 반찬,P1,"MEANING (inferred from content structure, not real search data)",,,그 밥에 그 반찬,"Describes people/things similarly matched to each other, often in a slightly disparaging way.",3,2,2,2,2,2,2,AUTO_CLASSIFIED,P3,KNU 한국어 일상 표현 사전 (Naver 오픈사전),"dictionary-style only, no nuance/example yet; korean accuracy not yet human-verified (separate axis from content strategy fit)"
koreulppateurida-01,,코(를) 빠트리다,ko,idiom,코(를) 빠트리다,P1,"MEANING (inferred from content structure, not real search data)",,,코(를) 빠트리다,"Figuratively, to ruin nearly everything about a task.",3,2,2,2,2,2,2,AUTO_CLASSIFIED,P3,KNU 한국어 일상 표현 사전 (Naver 오픈사전),"dictionary-style only, no nuance/example yet; korean accuracy not yet human-verified (separate axis from content strategy fit)"
ilsunwi-01,,일 순위,ko,idiom,일 순위,P1,"MEANING (inferred from content structure, not real search data)",,,일 순위,The top-priority qualification/candidate for something.,3,2,2,2,2,2,2,AUTO_CLASSIFIED,P3,KNU 한국어 일상 표현 사전 (Naver 오픈사전),"dictionary-style only, no nuance/example yet; korean accuracy not yet human-verified (separate axis from content strategy fit)"
byeolroida-01,,별로(이)다,ko,idiom,별로(이)다,P1,"MEANING (inferred from content structure, not real search data)",,,별로(이)다,To not feel particularly special or notable about something.,3,2,2,2,2,2,2,AUTO_CLASSIFIED,P3,KNU 한국어 일상 표현 사전 (Naver 오픈사전),"dictionary-style only, no nuance/example yet; korean accuracy not yet human-verified (separate axis from content strategy fit)"
jeongigatonghada-01,,전기(가) 통하다,ko,idiom,전기(가) 통하다,P1,"MEANING (inferred from content structure, not real search data)",,,전기(가) 통하다,"Figuratively, for a man and woman to feel a romantic spark toward each other.",3,2,2,2,2,2,2,AUTO_CLASSIFIED,P3,KNU 한국어 일상 표현 사전 (Naver 오픈사전),"dictionary-style only, no nuance/example yet; korean accuracy not yet human-verified (separate axis from content strategy fit)"
baeusinbun-01,,배우신 분,ko,idiom,배우신 분,P1,"MEANING (inferred from content structure, not real search data)",,,배우신 분,Someone highly educated and refined.,3,2,2,2,2,2,2,AUTO_CLASSIFIED,P3,KNU 한국어 일상 표현 사전 (Naver 오픈사전),"dictionary-style only, no nuance/example yet; korean accuracy not yet human-verified (separate axis from content strategy fit)"
yeogibutteotdajeogibutteotda-01,,여기 붙었다 저기 붙었다,ko,idiom,여기 붙었다 저기 붙었다,P1,"MEANING (inferred from content structure, not real search data)",,,여기 붙었다 저기 붙었다,To flip-flop between different sides depending on whatever's advantageous.,3,2,2,2,2,2,2,AUTO_CLASSIFIED,P3,KNU 한국어 일상 표현 사전 (Naver 오픈사전),"dictionary-style only, no nuance/example yet; korean accuracy not yet human-verified (separate axis from content strategy fit)"
heumijida-01,,흠(이) 지다,ko,idiom,흠(이) 지다,P1,"MEANING (inferred from content structure, not real search data)",,,흠(이) 지다,For a scar to be left behind after a wound heals.,3,2,2,2,2,2,2,AUTO_CLASSIFIED,P3,KNU 한국어 일상 표현 사전 (Naver 오픈사전),"dictionary-style only, no nuance/example yet; korean accuracy not yet human-verified (separate axis from content strategy fit)"
habijota-01,,합(이) 좋다,ko,idiom,합(이) 좋다,P1,"MEANING (inferred from content structure, not real search data)",,,합(이) 좋다,For two or more people to work/communicate well together.,3,2,2,2,2,2,2,AUTO_CLASSIFIED,P3,KNU 한국어 일상 표현 사전 (Naver 오픈사전),"dictionary-style only, no nuance/example yet; korean accuracy not yet human-verified (separate axis from content strategy fit)"
tireulnaeda-01,,티(를) 내다,ko,idiom,티(를) 내다,P1,"MEANING (inferred from content structure, not real search data)",,,티(를) 내다,To show a certain attitude or feeling openly.,3,2,2,2,2,2,2,AUTO_CLASSIFIED,P3,KNU 한국어 일상 표현 사전 (Naver 오픈사전),"dictionary-style only, no nuance/example yet; korean accuracy not yet human-verified (separate axis from content strategy fit)"
gwiekkochida-01,,귀에 꽂히다,ko,idiom,귀에 꽂히다,P1,"MEANING (inferred from content structure, not real search data)",,,귀에 꽂히다,"Figuratively, for a voice or song to stand out and stick in one's ear/mind.",3,2,2,2,2,2,2,AUTO_CLASSIFIED,P3,KNU 한국어 일상 표현 사전 (Naver 오픈사전),"dictionary-style only, no nuance/example yet; korean accuracy not yet human-verified (separate axis from content strategy fit)"
cheonuieolgul-01,,천의 얼굴,ko,idiom,천의 얼굴,P1,"MEANING (inferred from content structure, not real search data)",,,천의 얼굴,"""A thousand faces"" — describing someone/something with a huge variety of forms/appearances.",3,2,2,2,2,2,2,AUTO_CLASSIFIED,P3,KNU 한국어 일상 표현 사전 (Naver 오픈사전),"dictionary-style only, no nuance/example yet; korean accuracy not yet human-verified (separate axis from content strategy fit)"
haegagireojida-01,,해(가) 길어지다,ko,idiom,해(가) 길어지다,P1,"MEANING (inferred from content structure, not real search data)",,,해(가) 길어지다,For daylight hours to lengthen as sunset comes later.,3,2,2,2,2,2,2,AUTO_CLASSIFIED,P3,KNU 한국어 일상 표현 사전 (Naver 오픈사전),"dictionary-style only, no nuance/example yet; korean accuracy not yet human-verified (separate axis from content strategy fit)"
nimareopda-01,,N(이) 마렵다,ko,idiom,N(이) 마렵다,P1,"MEANING (inferred from content structure, not real search data)",,,N(이) 마렵다,"Informally, to strongly want to do or have N.",3,2,2,2,2,2,2,AUTO_CLASSIFIED,P3,KNU 한국어 일상 표현 사전 (Naver 오픈사전),"dictionary-style only, no nuance/example yet; korean accuracy not yet human-verified (separate axis from content strategy fit)"
keunileulchireuda-01,,큰일(을) 치르다,ko,idiom,큰일(을) 치르다,P1,"MEANING (inferred from content structure, not real search data)",,,큰일(을) 치르다,"To hold a major life event, like a wedding, funeral, or big feast.",3,2,2,2,2,2,2,AUTO_CLASSIFIED,P3,KNU 한국어 일상 표현 사전 (Naver 오픈사전),"dictionary-style only, no nuance/example yet; korean accuracy not yet human-verified (separate axis from content strategy fit)"
gochutgaruBudae-01,,고춧가루 부대,ko,idiom,고춧가루 부대,P1,"MEANING (inferred from content structure, not real search data)",,,고춧가루 부대,"Figuratively, the underdog team whose upset win spoils the frontrunner's championship hopes.",3,2,2,2,2,2,2,AUTO_CLASSIFIED,P3,KNU 한국어 일상 표현 사전 (Naver 오픈사전),"dictionary-style only, no nuance/example yet; korean accuracy not yet human-verified (separate axis from content strategy fit)"
jebeoreutgaemotjuda-01,,제 버릇 개 못 주다,ko,idiom,제 버릇 개 못 주다,P1,"MEANING (inferred from content structure, not real search data)",,,제 버릇 개 못 주다,"""You can't give your habits to a dog"" — a bad habit is hard to break.",3,2,2,2,2,2,2,AUTO_CLASSIFIED,P3,KNU 한국어 일상 표현 사전 (Naver 오픈사전),"dictionary-style only, no nuance/example yet; korean accuracy not yet human-verified (separate axis from content strategy fit)"
eobeokiuda-01,,업어 키우다,ko,idiom,업어 키우다,P1,"MEANING (inferred from content structure, not real search data)",,,업어 키우다,"To raise a child directly by carrying them on one's back; also, to invest significant effort/support in someone's growth.",3,2,2,2,2,2,2,AUTO_CLASSIFIED,P3,KNU 한국어 일상 표현 사전 (Naver 오픈사전),"dictionary-style only, no nuance/example yet; korean accuracy not yet human-verified (separate axis from content strategy fit)"
beollehanmarimotjugilssaram-01,,벌레 한 마리 못 죽일 사람,ko,idiom,벌레 한 마리 못 죽일 사람,P1,"MEANING (inferred from content structure, not real search data)",,,벌레 한 마리 못 죽일 사람,"Someone with an extremely gentle, non-confrontational personality.",3,2,2,2,2,2,2,AUTO_CLASSIFIED,P3,KNU 한국어 일상 표현 사전 (Naver 오픈사전),"dictionary-style only, no nuance/example yet; korean accuracy not yet human-verified (separate axis from content strategy fit)"
neulssamssamameokda-01,,N(을) 쌈 싸 먹다,ko,idiom,N(을) 쌈 싸 먹다,P1,"MEANING (inferred from content structure, not real search data)",,,N(을) 쌈 싸 먹다,"Figuratively, to completely lack something (like courage or common sense).",3,2,2,2,2,2,2,AUTO_CLASSIFIED,P3,KNU 한국어 일상 표현 사전 (Naver 오픈사전),"dictionary-style only, no nuance/example yet; korean accuracy not yet human-verified (separate axis from content strategy fit)"
gwisineuneodiseomueoseulhana-01,,귀신은 어디서 무엇을 하나,ko,idiom,귀신은 어디서 무엇을 하나,P1,"MEANING (inferred from content structure, not real search data)",,,귀신은 어디서 무엇을 하나,Wishing a spirit would come take away a particularly bad/hateful person.,3,2,2,2,2,2,2,AUTO_CLASSIFIED,P3,KNU 한국어 일상 표현 사전 (Naver 오픈사전),"dictionary-style only, no nuance/example yet; korean accuracy not yet human-verified (separate axis from content strategy fit)"
maldomankotardomankta-01,,말(도) 많고 탈(도) 많다,ko,idiom,말(도) 많고 탈(도) 많다,P1,"MEANING (inferred from content structure, not real search data)",,,말(도) 많고 탈(도) 많다,Describes a matter that's drawn a lot of gossip and trouble.,3,2,2,2,2,2,2,AUTO_CLASSIFIED,P3,KNU 한국어 일상 표현 사전 (Naver 오픈사전),"dictionary-style only, no nuance/example yet; korean accuracy not yet human-verified (separate axis from content strategy fit)"
sokneunsemchida-01,,속는 셈 치다,ko,idiom,속는 셈 치다,P1,"MEANING (inferred from content structure, not real search data)",,,속는 셈 치다,To decide to accept/go along with something even while suspecting it might be false.,3,2,2,2,2,2,2,AUTO_CLASSIFIED,P3,KNU 한국어 일상 표현 사전 (Naver 오픈사전),"dictionary-style only, no nuance/example yet; korean accuracy not yet human-verified (separate axis from content strategy fit)"
gimchigukhansabaleulmasida-01,,김칫국 한 사발(을) 마시다,ko,idiom,김칫국 한 사발(을) 마시다,P1,"MEANING (inferred from content structure, not real search data)",,,김칫국 한 사발(을) 마시다,"To act as if a hoped-for outcome is already certain, before it's actually decided.",3,2,2,2,2,2,2,AUTO_CLASSIFIED,P3,KNU 한국어 일상 표현 사전 (Naver 오픈사전),"dictionary-style only, no nuance/example yet; korean accuracy not yet human-verified (separate axis from content strategy fit)"
suyeomiseokjaradomeogeoyasanda-01,,수염이 석 자라도 먹어야 산다,ko,idiom,수염이 석 자라도 먹어야 산다,P1,"MEANING (inferred from content structure, not real search data)",,,수염이 석 자라도 먹어야 산다,"No matter how urgent other matters are, eating properly still comes first.",3,2,2,2,2,2,2,AUTO_CLASSIFIED,P3,KNU 한국어 일상 표현 사전 (Naver 오픈사전),"dictionary-style only, no nuance/example yet; korean accuracy not yet human-verified (separate axis from content strategy fit)"
nunmulsaemeuljageukhada-01,,눈물샘(을) 자극하다,ko,idiom,눈물샘(을) 자극하다,P1,"MEANING (inferred from content structure, not real search data)",,,눈물샘(을) 자극하다,To evoke strong emotion that brings someone close to tears.,3,2,2,2,2,2,2,AUTO_CLASSIFIED,P3,KNU 한국어 일상 표현 사전 (Naver 오픈사전),"dictionary-style only, no nuance/example yet; korean accuracy not yet human-verified (separate axis from content strategy fit)"
eopeochinamechina-01,,엎어 치나 메치나,ko,idiom,엎어 치나 메치나,P1,"MEANING (inferred from content structure, not real search data)",,,엎어 치나 메치나,"""Whether you flip it or throw it"" — describing two options that amount to essentially the same result.",3,2,2,2,2,2,2,AUTO_CLASSIFIED,P3,KNU 한국어 일상 표현 사전 (Naver 오픈사전),"dictionary-style only, no nuance/example yet; korean accuracy not yet human-verified (separate axis from content strategy fit)"
kkumnamu-01,,꿈나무,ko,idiom,꿈나무,P1,"MEANING (inferred from content structure, not real search data)",,,꿈나무,"A young person full of promise, expected to grow and succeed in a field.",3,2,2,2,2,2,2,AUTO_CLASSIFIED,P3,KNU 한국어 일상 표현 사전 (Naver 오픈사전),"dictionary-style only, no nuance/example yet; korean accuracy not yet human-verified (separate axis from content strategy fit)"
bonjeonsimni-01,,본전 심리,ko,idiom,본전 심리,P1,"MEANING (inferred from content structure, not real search data)",,,본전 심리,"The mindset of wanting to at least get back what one has already invested (time, effort, money).",3,2,2,2,2,2,2,AUTO_CLASSIFIED,P3,KNU 한국어 일상 표현 사전 (Naver 오픈사전),"dictionary-style only, no nuance/example yet; korean accuracy not yet human-verified (separate axis from content strategy fit)"
gaseumisirida-01,,가슴(이) 시리다,ko,idiom,가슴(이) 시리다,P1,"MEANING (inferred from content structure, not real search data)",,,가슴(이) 시리다,"To feel deeply sad or moved, as if one's chest physically aches.",3,2,2,2,2,2,2,AUTO_CLASSIFIED,P3,KNU 한국어 일상 표현 사전 (Naver 오픈사전),"dictionary-style only, no nuance/example yet; korean accuracy not yet human-verified (separate axis from content strategy fit)"
bunisakda-01,,분이 삭다,ko,idiom,분이 삭다,P1,"MEANING (inferred from content structure, not real search data)",,,분이 삭다,For pent-up frustration/anger to subside.,3,2,2,2,2,2,2,AUTO_CLASSIFIED,P3,KNU 한국어 일상 표현 사전 (Naver 오픈사전),"dictionary-style only, no nuance/example yet; korean accuracy not yet human-verified (separate axis from content strategy fit)"
maeumimuneojida-01,,마음이 무너지다,ko,idiom,마음이 무너지다,P1,"MEANING (inferred from content structure, not real search data)",,,마음이 무너지다,"To lose emotional composure, unable to keep it together after something sad.",3,2,2,2,2,2,2,AUTO_CLASSIFIED,P3,KNU 한국어 일상 표현 사전 (Naver 오픈사전),"dictionary-style only, no nuance/example yet; korean accuracy not yet human-verified (separate axis from content strategy fit)"
napeuroudagaoda-01,,N 앞으로 다가오다,ko,idiom,N 앞으로 다가오다,P1,"MEANING (inferred from content structure, not real search data)",,,N 앞으로 다가오다,For an important event or deadline (N) to draw near.,3,2,2,2,2,2,2,AUTO_CLASSIFIED,P3,KNU 한국어 일상 표현 사전 (Naver 오픈사전),"dictionary-style only, no nuance/example yet; korean accuracy not yet human-verified (separate axis from content strategy fit)"
nuuljarireulbogodarireulppeotda-01,,누울 자리를 보고 다리를 뻗다,ko,idiom,누울 자리를 보고 다리를 뻗다,P1,"MEANING (inferred from content structure, not real search data)",,,누울 자리를 보고 다리를 뻗다,"To act according to one's circumstances/standing, not overreaching.",3,2,2,2,2,2,2,AUTO_CLASSIFIED,P3,KNU 한국어 일상 표현 사전 (Naver 오픈사전),"dictionary-style only, no nuance/example yet; korean accuracy not yet human-verified (separate axis from content strategy fit)"
jamioda-01,,잠(이) 오다,ko,idiom,잠(이) 오다,P1,"MEANING (inferred from content structure, not real search data)",,,잠(이) 오다,To feel sleepy.,3,2,2,2,2,2,2,AUTO_CLASSIFIED,P3,KNU 한국어 일상 표현 사전 (Naver 오픈사전),"dictionary-style only, no nuance/example yet; korean accuracy not yet human-verified (separate axis from content strategy fit)"
eungwonbong-01,,응원봉,ko,idiom,응원봉,P1,"MEANING (inferred from content structure, not real search data)",,,응원봉,A lightstick fans use at concerts to cheer for K-pop idols.,3,2,2,2,2,2,2,AUTO_CLASSIFIED,P3,KNU 한국어 일상 표현 사전 (Naver 오픈사전),"dictionary-style only, no nuance/example yet; korean accuracy not yet human-verified (separate axis from content strategy fit)"
geodeureumeulpiuda-01,,거드름(을) 피우다,ko,idiom,거드름(을) 피우다,P1,"MEANING (inferred from content structure, not real search data)",,,거드름(을) 피우다,"To act arrogantly, putting on pretentious airs.",3,2,2,2,2,2,2,AUTO_CLASSIFIED,P3,KNU 한국어 일상 표현 사전 (Naver 오픈사전),"dictionary-style only, no nuance/example yet; korean accuracy not yet human-verified (separate axis from content strategy fit)"
ibegeolerereulmulda-01,,입에 걸레(를) 물다,ko,idiom,입에 걸레(를) 물다,P1,"MEANING (inferred from content structure, not real search data)",,,입에 걸레(를) 물다,"Informally, to speak using excessively crude language.",3,2,2,2,2,2,2,AUTO_CLASSIFIED,P3,KNU 한국어 일상 표현 사전 (Naver 오픈사전),"dictionary-style only, no nuance/example yet; korean accuracy not yet human-verified (separate axis from content strategy fit)"
onmomeulbulsareuda-01,,온몸(을) 불사르다,ko,idiom,온몸(을) 불사르다,P1,"MEANING (inferred from content structure, not real search data)",,,온몸(을) 불사르다,To pour every ounce of effort one has into a task.,3,2,2,2,2,2,2,AUTO_CLASSIFIED,P3,KNU 한국어 일상 표현 사전 (Naver 오픈사전),"dictionary-style only, no nuance/example yet; korean accuracy not yet human-verified (separate axis from content strategy fit)"
mogimalganada-01,,목(이) 날아가다,ko,idiom,목(이) 날아가다,P1,"MEANING (inferred from content structure, not real search data)",,,목(이) 날아가다,"Figuratively, to lose one's job/position.",3,2,2,2,2,2,2,AUTO_CLASSIFIED,P3,KNU 한국어 일상 표현 사전 (Naver 오픈사전),"dictionary-style only, no nuance/example yet; korean accuracy not yet human-verified (separate axis from content strategy fit)"
siganeuldatuda-01,,시간(을) 다투다,ko,idiom,시간(을) 다투다,P1,"MEANING (inferred from content structure, not real search data)",,,시간(을) 다투다,"For a situation to be extremely urgent, with time-critical stakes.",3,2,2,2,2,2,2,AUTO_CLASSIFIED,P3,KNU 한국어 일상 표현 사전 (Naver 오픈사전),"dictionary-style only, no nuance/example yet; korean accuracy not yet human-verified (separate axis from content strategy fit)"
daeumisigane-01,,다음 이 시간에,ko,idiom,다음 이 시간에,P1,"MEANING (inferred from content structure, not real search data)",,,다음 이 시간에,"""Same time, next [episode/segment]"" — a phrase closing a broadcast segment, previewing the next installment.",3,2,2,2,2,2,2,AUTO_CLASSIFIED,P3,KNU 한국어 일상 표현 사전 (Naver 오픈사전),"dictionary-style only, no nuance/example yet; korean accuracy not yet human-verified (separate axis from content strategy fit)"
baegabulleotda-01,,배(가) 불렀다,ko,idiom,배(가) 불렀다,P1,"MEANING (inferred from content structure, not real search data)",,,배(가) 불렀다,"Figuratively, to be so comfortable/well-off that one has become spoiled and ungrateful.",3,2,2,2,2,2,2,AUTO_CLASSIFIED,P3,KNU 한국어 일상 표현 사전 (Naver 오픈사전),"dictionary-style only, no nuance/example yet; korean accuracy not yet human-verified (separate axis from content strategy fit)"
ganeulmatchuda-01,,간(을) 맞추다,ko,idiom,간(을) 맞추다,P1,"MEANING (inferred from content structure, not real search data)",,,간(을) 맞추다,To adjust the seasoning (usually salt) of a dish while cooking.,3,2,2,2,2,2,2,AUTO_CLASSIFIED,P3,KNU 한국어 일상 표현 사전 (Naver 오픈사전),"dictionary-style only, no nuance/example yet; korean accuracy not yet human-verified (separate axis from content strategy fit)"
donggure-deureoganda-01,,동굴(에) 들어가다,ko,idiom,동굴(에) 들어가다,P1,"MEANING (inferred from content structure, not real search data)",,,동굴(에) 들어가다,"Figuratively, to cut off contact and withdraw into solitude for a while.",3,2,2,2,2,2,2,AUTO_CLASSIFIED,P3,KNU 한국어 일상 표현 사전 (Naver 오픈사전),"dictionary-style only, no nuance/example yet; korean accuracy not yet human-verified (separate axis from content strategy fit)"
oteulgarabipda-01,,옷(을) 갈아입다,ko,idiom,옷(을) 갈아입다,P1,"MEANING (inferred from content structure, not real search data)",,,옷(을) 갈아입다,"Figuratively, to change one's appearance, image, or a situation entirely.",3,2,2,2,2,2,2,AUTO_CLASSIFIED,P3,KNU 한국어 일상 표현 사전 (Naver 오픈사전),"dictionary-style only, no nuance/example yet; korean accuracy not yet human-verified (separate axis from content strategy fit)"
jeonhwareulneota-01,,전화(를) 넣다,ko,idiom,전화(를) 넣다,P1,"MEANING (inferred from content structure, not real search data)",,,전화(를) 넣다,To make a phone call to someone.,3,2,2,2,2,2,2,AUTO_CLASSIFIED,P3,KNU 한국어 일상 표현 사전 (Naver 오픈사전),"dictionary-style only, no nuance/example yet; korean accuracy not yet human-verified (separate axis from content strategy fit)"
baegakkeojida-01,,배(가) 꺼지다,ko,idiom,배(가) 꺼지다,P1,"MEANING (inferred from content structure, not real search data)",,,배(가) 꺼지다,"For the food in one's stomach to fully digest, leaving one hungry again.",3,2,2,2,2,2,2,AUTO_CLASSIFIED,P3,KNU 한국어 일상 표현 사전 (Naver 오픈사전),"dictionary-style only, no nuance/example yet; korean accuracy not yet human-verified (separate axis from content strategy fit)"
baksureulbonaeda-01,,박수(를) 보내다,ko,idiom,박수(를) 보내다,P1,"MEANING (inferred from content structure, not real search data)",,,박수(를) 보내다,"To applaud/praise someone, or conversely, to sarcastically criticize them.",3,2,2,2,2,2,2,AUTO_CLASSIFIED,P3,KNU 한국어 일상 표현 사전 (Naver 오픈사전),"dictionary-style only, no nuance/example yet; korean accuracy not yet human-verified (separate axis from content strategy fit)"
eogeumnireulmulda-01,,어금니(를) 물다,ko,idiom,어금니(를) 물다,P1,"MEANING (inferred from content structure, not real search data)",,,어금니(를) 물다,To grit one's teeth to endure pain or anger.,3,2,2,2,2,2,2,AUTO_CLASSIFIED,P3,KNU 한국어 일상 표현 사전 (Naver 오픈사전),"dictionary-style only, no nuance/example yet; korean accuracy not yet human-verified (separate axis from content strategy fit)"
maeumianjota-01,,마음이 안 좋다,ko,idiom,마음이 안 좋다,P1,"MEANING (inferred from content structure, not real search data)",,,마음이 안 좋다,To feel troubled by worry or difficulty.,3,2,2,2,2,2,2,AUTO_CLASSIFIED,P3,KNU 한국어 일상 표현 사전 (Naver 오픈사전),"dictionary-style only, no nuance/example yet; korean accuracy not yet human-verified (separate axis from content strategy fit)"
kotdeungisikeungeorida-01,,콧등이 시큰거리다,ko,idiom,콧등이 시큰거리다,P1,"MEANING (inferred from content structure, not real search data)",,,콧등이 시큰거리다,To feel deeply moved or on the verge of tears.,3,2,2,2,2,2,2,AUTO_CLASSIFIED,P3,KNU 한국어 일상 표현 사전 (Naver 오픈사전),"dictionary-style only, no nuance/example yet; korean accuracy not yet human-verified (separate axis from content strategy fit)"
oseonbyu-01,,오션 뷰,ko,idiom,오션 뷰,P1,"MEANING (inferred from content structure, not real search data)",,,오션 뷰,A room with an ocean view.,3,2,2,2,2,2,2,AUTO_CLASSIFIED,P3,KNU 한국어 일상 표현 사전 (Naver 오픈사전),"dictionary-style only, no nuance/example yet; korean accuracy not yet human-verified (separate axis from content strategy fit)"
dueolgul-01,,두 얼굴,ko,idiom,두 얼굴,P1,"MEANING (inferred from content structure, not real search data)",,,두 얼굴,"""Two faces"" — describing conflicting traits that exist within the same person/thing at once.",3,2,2,2,2,2,2,AUTO_CLASSIFIED,P3,KNU 한국어 일상 표현 사전 (Naver 오픈사전),"dictionary-style only, no nuance/example yet; korean accuracy not yet human-verified (separate axis from content strategy fit)"
jamsimanyo-01,,잠시만요,ko,idiom,잠시만요,P1,"MEANING (inferred from content structure, not real search data)",,,잠시만요,"""One moment, please"" — asking someone to wait briefly.",3,2,2,2,2,2,2,AUTO_CLASSIFIED,P3,KNU 한국어 일상 표현 사전 (Naver 오픈사전),"dictionary-style only, no nuance/example yet; korean accuracy not yet human-verified (separate axis from content strategy fit)"
geolrereulppandagohaengjugadoena-01,,걸레(를) 빤다고 행주(가) 되나,ko,idiom,걸레(를) 빤다고 행주(가) 되나,P1,"MEANING (inferred from content structure, not real search data)",,,걸레(를) 빤다고 행주(가) 되나,Cleaning up a fundamentally bad nature doesn't actually change what it is.,3,2,2,2,2,2,2,AUTO_CLASSIFIED,P3,KNU 한국어 일상 표현 사전 (Naver 오픈사전),"dictionary-style only, no nuance/example yet; korean accuracy not yet human-verified (separate axis from content strategy fit)"
baekkopsanang-01,,배꼽 사냥,ko,idiom,배꼽 사냥,P1,"MEANING (inferred from content structure, not real search data)",,,배꼽 사냥,"Figuratively, an act designed to flatter/curry favor with someone.",3,2,2,2,2,2,2,AUTO_CLASSIFIED,P3,KNU 한국어 일상 표현 사전 (Naver 오픈사전),"dictionary-style only, no nuance/example yet; korean accuracy not yet human-verified (separate axis from content strategy fit)"
baegateojida-01,,배(가) 터지다,ko,idiom,배(가) 터지다,P1,"MEANING (inferred from content structure, not real search data)",,,배(가) 터지다,"To eat far too much, to the point of bursting.",3,2,2,2,2,2,2,AUTO_CLASSIFIED,P3,KNU 한국어 일상 표현 사전 (Naver 오픈사전),"dictionary-style only, no nuance/example yet; korean accuracy not yet human-verified (separate axis from content strategy fit)"
dubeonmaneotdaganeun-01,,두 번만 V-었다가는,ko,idiom,두 번만 V-었다가는,P1,"MEANING (inferred from content structure, not real search data)",,,두 번만 V-었다가는,"Warning that if the action is repeated even one more time, there will be trouble.",3,2,2,2,2,2,2,AUTO_CLASSIFIED,P3,KNU 한국어 일상 표현 사전 (Naver 오픈사전),"dictionary-style only, no nuance/example yet; korean accuracy not yet human-verified (separate axis from content strategy fit)"
marigeolda-01,,말이 걸다,ko,idiom,말이 걸다,P1,"MEANING (inferred from content structure, not real search data)",,,말이 걸다,For someone's speech to be rough and coarse.,3,2,2,2,2,2,2,AUTO_CLASSIFIED,P3,KNU 한국어 일상 표현 사전 (Naver 오픈사전),"dictionary-style only, no nuance/example yet; korean accuracy not yet human-verified (separate axis from content strategy fit)"
jeongsinibakhida-01,,정신(이) 박히다,ko,idiom,정신(이) 박히다,P1,"MEANING (inferred from content structure, not real search data)",,,정신(이) 박히다,"To have the ability to properly judge situations, with a firmly grounded mindset.",3,2,2,2,2,2,2,AUTO_CLASSIFIED,P3,KNU 한국어 일상 표현 사전 (Naver 오픈사전),"dictionary-style only, no nuance/example yet; korean accuracy not yet human-verified (separate axis from content strategy fit)"
dangunirae-ro-01,,단군 이래(로),ko,idiom,단군 이래(로),P1,"MEANING (inferred from content structure, not real search data)",,,단군 이래(로),"""Since the founding of the nation"" — an exaggeration for ""ever, in all history.""",3,2,2,2,2,2,2,AUTO_CLASSIFIED,P3,KNU 한국어 일상 표현 사전 (Naver 오픈사전),"dictionary-style only, no nuance/example yet; korean accuracy not yet human-verified (separate axis from content strategy fit)"
yeombulbodajaetbape-gwansimiitda-01,,염불보다 잿밥에 관심(이) 있다,ko,idiom,염불보다 잿밥에 관심(이) 있다,P1,"MEANING (inferred from content structure, not real search data)",,,염불보다 잿밥에 관심(이) 있다,Being more interested in the personal benefit of a task than in doing the task properly.,3,2,2,2,2,2,2,AUTO_CLASSIFIED,P3,KNU 한국어 일상 표현 사전 (Naver 오픈사전),"dictionary-style only, no nuance/example yet; korean accuracy not yet human-verified (separate axis from content strategy fit)"
kkeuneomasida-01,,끊어 마시다,ko,idiom,끊어 마시다,P1,"MEANING (inferred from content structure, not real search data)",,,끊어 마시다,To drink alcohol in several separate rounds rather than all at once.,3,2,2,2,2,2,2,AUTO_CLASSIFIED,P3,KNU 한국어 일상 표현 사전 (Naver 오픈사전),"dictionary-style only, no nuance/example yet; korean accuracy not yet human-verified (separate axis from content strategy fit)"
itsogeulcharida-01,,잇속(을) 차리다,ko,idiom,잇속(을) 차리다,P1,"MEANING (inferred from content structure, not real search data)",,,잇속(을) 차리다,To seek personal profit through unfair means.,3,2,2,2,2,2,2,AUTO_CLASSIFIED,P3,KNU 한국어 일상 표현 사전 (Naver 오픈사전),"dictionary-style only, no nuance/example yet; korean accuracy not yet human-verified (separate axis from content strategy fit)"
ipdameuljaranghada-01,,입담(을) 자랑하다,ko,idiom,입담(을) 자랑하다,P1,"MEANING (inferred from content structure, not real search data)",,,입담(을) 자랑하다,"To show off one's skillful, engaging way of speaking.",3,2,2,2,2,2,2,AUTO_CLASSIFIED,P3,KNU 한국어 일상 표현 사전 (Naver 오픈사전),"dictionary-style only, no nuance/example yet; korean accuracy not yet human-verified (separate axis from content strategy fit)"
janeulbuditchida-01,,잔을 부딪치다,ko,idiom,잔을 부딪치다,P1,"MEANING (inferred from content structure, not real search data)",,,잔을 부딪치다,To clink glasses together while drinking.,3,2,2,2,2,2,2,AUTO_CLASSIFIED,P3,KNU 한국어 일상 표현 사전 (Naver 오픈사전),"dictionary-style only, no nuance/example yet; korean accuracy not yet human-verified (separate axis from content strategy fit)"
samilbamnat-01,,삼 일 밤낮,ko,idiom,삼 일 밤낮,P1,"MEANING (inferred from content structure, not real search data)",,,삼 일 밤낮,"""Three days and nights"" — continuously, without stopping, for a long stretch of time.",3,2,2,2,2,2,2,AUTO_CLASSIFIED,P3,KNU 한국어 일상 표현 사전 (Naver 오픈사전),"dictionary-style only, no nuance/example yet; korean accuracy not yet human-verified (separate axis from content strategy fit)"
daegakkeunkida-01,,대(가) 끊기다,ko,idiom,대(가) 끊기다,P1,"MEANING (inferred from content structure, not real search data)",,,대(가) 끊기다,For a family line to end without an heir.,3,2,2,2,2,2,2,AUTO_CLASSIFIED,P3,KNU 한국어 일상 표현 사전 (Naver 오픈사전),"dictionary-style only, no nuance/example yet; korean accuracy not yet human-verified (separate axis from content strategy fit)"
mariyamakgeoliya-01,,말이야 막걸리야,ko,idiom,말이야 막걸리야,P1,"MEANING (inferred from content structure, not real search data)",,,말이야 막걸리야,"Said mockingly when someone's words are irrelevant or off-topic, not quite making sense.",3,2,2,2,2,2,2,AUTO_CLASSIFIED,P3,KNU 한국어 일상 표현 사전 (Naver 오픈사전),"dictionary-style only, no nuance/example yet; korean accuracy not yet human-verified (separate axis from content strategy fit)"
sajaereulteolda-01,,사재(를) 털다,ko,idiom,사재(를) 털다,P1,"MEANING (inferred from content structure, not real search data)",,,사재(를) 털다,To spend one's own personal wealth (rather than public/company funds) on something.,3,2,2,2,2,2,2,AUTO_CLASSIFIED,P3,KNU 한국어 일상 표현 사전 (Naver 오픈사전),"dictionary-style only, no nuance/example yet; korean accuracy not yet human-verified (separate axis from content strategy fit)"
nkadeureulkkeonaedeulda-01,,N 카드(를) 꺼내 둘다,ko,idiom,N 카드(를) 꺼내 둘다,P1,"MEANING (inferred from content structure, not real search data)",,,N 카드(를) 꺼내 둘다,To bring up option/method N as a way of resolving an issue.,3,2,2,2,2,2,2,AUTO_CLASSIFIED,P3,KNU 한국어 일상 표현 사전 (Naver 오픈사전),"dictionary-style only, no nuance/example yet; korean accuracy not yet human-verified (separate axis from content strategy fit)"
chongjireulhada-01,,총질을 하다,ko,idiom,총질을 하다,P1,"MEANING (inferred from content structure, not real search data)",,,총질을 하다,"Informally, to relentlessly criticize or attack someone as if firing a gun at them.",3,2,2,2,2,2,2,AUTO_CLASSIFIED,P3,KNU 한국어 일상 표현 사전 (Naver 오픈사전),"dictionary-style only, no nuance/example yet; korean accuracy not yet human-verified (separate axis from content strategy fit)"
boyeojugisik-01,,보여 주기식,ko,idiom,보여 주기식,P1,"MEANING (inferred from content structure, not real search data)",,,보여 주기식,"Doing something only for outward appearance, without any real substance behind it.",3,2,2,2,2,2,2,AUTO_CLASSIFIED,P3,KNU 한국어 일상 표현 사전 (Naver 오픈사전),"dictionary-style only, no nuance/example yet; korean accuracy not yet human-verified (separate axis from content strategy fit)"
dubeondasi-01,,두 번 다시,ko,idiom,두 번 다시,P1,"MEANING (inferred from content structure, not real search data)",,,두 번 다시,"""Never again"" — emphasizing a matter won't happen a second time.",3,2,2,2,2,2,2,AUTO_CLASSIFIED,P3,KNU 한국어 일상 표현 사전 (Naver 오픈사전),"dictionary-style only, no nuance/example yet; korean accuracy not yet human-verified (separate axis from content strategy fit)"
eonjebanhanbeonmeogeupsida-01,,언제 밥 한번 먹읍시다,ko,idiom,언제 밥 한번 먹읍시다,P1,"MEANING (inferred from content structure, not real search data)",,,언제 밥 한번 먹읍시다,"A casual greeting to someone one recently met, expressing friendliness.",3,2,2,2,2,2,2,AUTO_CLASSIFIED,P3,KNU 한국어 일상 표현 사전 (Naver 오픈사전),"dictionary-style only, no nuance/example yet; korean accuracy not yet human-verified (separate axis from content strategy fit)"
gwallogibutda-01,,관록(이) 붙다,ko,idiom,관록(이) 붙다,P1,"MEANING (inferred from content structure, not real search data)",,,관록(이) 붙다,For authority and influence to build up after doing something for a long time.,3,2,2,2,2,2,2,AUTO_CLASSIFIED,P3,KNU 한국어 일상 표현 사전 (Naver 오픈사전),"dictionary-style only, no nuance/example yet; korean accuracy not yet human-verified (separate axis from content strategy fit)"
eumsseu-01,,음쓰,ko,idiom,음쓰,P1,"MEANING (inferred from content structure, not real search data)",,,음쓰,"Short for ""음식물 쓰레기"" (food waste).",3,2,2,2,2,2,2,AUTO_CLASSIFIED,P3,KNU 한국어 일상 표현 사전 (Naver 오픈사전),"dictionary-style only, no nuance/example yet; korean accuracy not yet human-verified (separate axis from content strategy fit)"
goleulmeokda-01,,골(을) 먹다,ko,idiom,골(을) 먹다,P1,"MEANING (inferred from content structure, not real search data)",,,골(을) 먹다,"In a sports match, to concede a point/goal to the opposing side.",3,2,2,2,2,2,2,AUTO_CLASSIFIED,P3,KNU 한국어 일상 표현 사전 (Naver 오픈사전),"dictionary-style only, no nuance/example yet; korean accuracy not yet human-verified (separate axis from content strategy fit)"
nuisonenoranada-01,,N(의) 손에 놀아나다,ko,idiom,N(의) 손에 놀아나다,P1,"MEANING (inferred from content structure, not real search data)",,,N(의) 손에 놀아나다,To be manipulated and controlled by someone else.,3,2,2,2,2,2,2,AUTO_CLASSIFIED,P3,KNU 한국어 일상 표현 사전 (Naver 오픈사전),"dictionary-style only, no nuance/example yet; korean accuracy not yet human-verified (separate axis from content strategy fit)"
nodoyubunsuida-01,,N도 유분수(이)다,ko,idiom,N도 유분수(이)다,P1,"MEANING (inferred from content structure, not real search data)",,,N도 유분수(이)다,There should be a reasonable limit to N — it's gone too far.,3,2,2,2,2,2,2,AUTO_CLASSIFIED,P3,KNU 한국어 일상 표현 사전 (Naver 오픈사전),"dictionary-style only, no nuance/example yet; korean accuracy not yet human-verified (separate axis from content strategy fit)"
sireo-01,,싫어,ko,idiom,싫어,P1,"MEANING (inferred from content structure, not real search data)",,,싫어,To refuse a request or suggestion.,3,2,2,2,2,2,2,AUTO_CLASSIFIED,P3,KNU 한국어 일상 표현 사전 (Naver 오픈사전),"dictionary-style only, no nuance/example yet; korean accuracy not yet human-verified (separate axis from content strategy fit)"
jabeumiilda-01,,잡음(이) 일다,ko,idiom,잡음(이) 일다,P1,"MEANING (inferred from content structure, not real search data)",,,잡음(이) 일다,"For unwanted rumors, negative opinions, or criticism to arise about something.",3,2,2,2,2,2,2,AUTO_CLASSIFIED,P3,KNU 한국어 일상 표현 사전 (Naver 오픈사전),"dictionary-style only, no nuance/example yet; korean accuracy not yet human-verified (separate axis from content strategy fit)"
malsseumijinachisida-01,,말씀이 지나치시다,ko,idiom,말씀이 지나치시다,P1,"MEANING (inferred from content structure, not real search data)",,,말씀이 지나치시다,A polite way of saying someone's words are excessive/too much given their position.,3,2,2,2,2,2,2,AUTO_CLASSIFIED,P3,KNU 한국어 일상 표현 사전 (Naver 오픈사전),"dictionary-style only, no nuance/example yet; korean accuracy not yet human-verified (separate axis from content strategy fit)"
bulmat-01,,불맛,ko,idiom,불맛,P1,"MEANING (inferred from content structure, not real search data)",,,불맛,The distinctive smoky flavor an ingredient gets from being directly exposed to fire.,3,2,2,2,2,2,2,AUTO_CLASSIFIED,P3,KNU 한국어 일상 표현 사전 (Naver 오픈사전),"dictionary-style only, no nuance/example yet; korean accuracy not yet human-verified (separate axis from content strategy fit)"
arasohada-01,,알아서 하다,ko,idiom,알아서 하다,P1,"MEANING (inferred from content structure, not real search data)",,,알아서 하다,To handle something on one's own without being told.,3,2,2,2,2,2,2,AUTO_CLASSIFIED,P3,KNU 한국어 일상 표현 사전 (Naver 오픈사전),"dictionary-style only, no nuance/example yet; korean accuracy not yet human-verified (separate axis from content strategy fit)"
chongseongieopneunjeonjaeng-01,,총성(이) 없는 전쟁,ko,idiom,총성(이) 없는 전쟁,P1,"MEANING (inferred from content structure, not real search data)",,,총성(이) 없는 전쟁,"""A war without gunfire"" — figuratively, an intense competition or conflict fought non-violently.",3,2,2,2,2,2,2,AUTO_CLASSIFIED,P3,KNU 한국어 일상 표현 사전 (Naver 오픈사전),"dictionary-style only, no nuance/example yet; korean accuracy not yet human-verified (separate axis from content strategy fit)"
pibueewadatda-01,,피부에 와닿다,ko,idiom,피부에 와닿다,P1,"MEANING (inferred from content structure, not real search data)",,,피부에 와닿다,"To feel something vividly and realistically, as if touching one's own skin.",3,2,2,2,2,2,2,AUTO_CLASSIFIED,P3,KNU 한국어 일상 표현 사전 (Naver 오픈사전),"dictionary-style only, no nuance/example yet; korean accuracy not yet human-verified (separate axis from content strategy fit)"
eolgureulbulkhida-01,,얼굴(을) 붉히다,ko,idiom,얼굴(을) 붉히다,P1,"MEANING (inferred from content structure, not real search data)",,,얼굴(을) 붉히다,To flush red from embarrassment or shyness.,3,2,2,2,2,2,2,AUTO_CLASSIFIED,P3,KNU 한국어 일상 표현 사전 (Naver 오픈사전),"dictionary-style only, no nuance/example yet; korean accuracy not yet human-verified (separate axis from content strategy fit)"
maeumeuljeongnihada-01,,마음(을) 정리하다,ko,idiom,마음(을) 정리하다,P1,"MEANING (inferred from content structure, not real search data)",,,마음(을) 정리하다,To emotionally move past a relationship and its lingering feelings after it ends.,3,2,2,2,2,2,2,AUTO_CLASSIFIED,P3,KNU 한국어 일상 표현 사전 (Naver 오픈사전),"dictionary-style only, no nuance/example yet; korean accuracy not yet human-verified (separate axis from content strategy fit)"
kidariajeossi-01,,키다리 아저씨,ko,idiom,키다리 아저씨,P1,"MEANING (inferred from content structure, not real search data)",,,키다리 아저씨,"A ""Daddy Long Legs"" — a benefactor who helps someone without revealing their identity.",3,2,2,2,2,2,2,AUTO_CLASSIFIED,P3,KNU 한국어 일상 표현 사전 (Naver 오픈사전),"dictionary-style only, no nuance/example yet; korean accuracy not yet human-verified (separate axis from content strategy fit)"
moksorigakeuda-01,,목소리(가) 크다,ko,idiom,목소리(가) 크다,P1,"MEANING (inferred from content structure, not real search data)",,,목소리(가) 크다,For someone's opinion to be pushed more assertively/forcefully than others'.,3,2,2,2,2,2,2,AUTO_CLASSIFIED,P3,KNU 한국어 일상 표현 사전 (Naver 오픈사전),"dictionary-style only, no nuance/example yet; korean accuracy not yet human-verified (separate axis from content strategy fit)"
siganeulgatda-01,,시간(을) 갖다,ko,idiom,시간(을) 갖다,P1,"MEANING (inferred from content structure, not real search data)",,,시간(을) 갖다,For a couple to temporarily part ways to think things over.,3,2,2,2,2,2,2,AUTO_CLASSIFIED,P3,KNU 한국어 일상 표현 사전 (Naver 오픈사전),"dictionary-style only, no nuance/example yet; korean accuracy not yet human-verified (separate axis from content strategy fit)"
jemokjangsa-01,,제목 장사,ko,idiom,제목 장사,P1,"MEANING (inferred from content structure, not real search data)",,,제목 장사,"Writing a sensationalized, misleading title just to bait clicks, with little real content behind it.",3,2,2,2,2,2,2,AUTO_CLASSIFIED,P3,KNU 한국어 일상 표현 사전 (Naver 오픈사전),"dictionary-style only, no nuance/example yet; korean accuracy not yet human-verified (separate axis from content strategy fit)"
jinsangeulteolda-01,,진상(을) 떨다,ko,idiom,진상(을) 떨다,P1,"MEANING (inferred from content structure, not real search data)",,,진상(을) 떨다,"To behave in an unreasonably demanding, obnoxious way as a customer.",3,2,2,2,2,2,2,AUTO_CLASSIFIED,P3,KNU 한국어 일상 표현 사전 (Naver 오픈사전),"dictionary-style only, no nuance/example yet; korean accuracy not yet human-verified (separate axis from content strategy fit)"
heopagadwijipeojida-01,,허파(가) 뒤집어지다,ko,idiom,허파(가) 뒤집어지다,P1,"MEANING (inferred from content structure, not real search data)",,,허파(가) 뒤집어지다,"Figuratively, for one's temper to flare instantly.",3,2,2,2,2,2,2,AUTO_CLASSIFIED,P3,KNU 한국어 일상 표현 사전 (Naver 오픈사전),"dictionary-style only, no nuance/example yet; korean accuracy not yet human-verified (separate axis from content strategy fit)"
beongaehada-01,,번개하다,ko,idiom,번개하다,P1,"MEANING (inferred from content structure, not real search data)",,,번개하다,"Figuratively, to meet up on very short notice, unplanned.",3,2,2,2,2,2,2,AUTO_CLASSIFIED,P3,KNU 한국어 일상 표현 사전 (Naver 오픈사전),"dictionary-style only, no nuance/example yet; korean accuracy not yet human-verified (separate axis from content strategy fit)"
jjigeonoreuda-01,,찍어 누르다,ko,idiom,찍어 누르다,P1,"MEANING (inferred from content structure, not real search data)",,,찍어 누르다,"To suppress someone, preventing them from acting as they wish.",3,2,2,2,2,2,2,AUTO_CLASSIFIED,P3,KNU 한국어 일상 표현 사전 (Naver 오픈사전),"dictionary-style only, no nuance/example yet; korean accuracy not yet human-verified (separate axis from content strategy fit)"
teolijjida-01,,털(이) 찌다,ko,idiom,털(이) 찌다,P1,"MEANING (inferred from content structure, not real search data)",,,털(이) 찌다,For an animal's fur to grow thick and full.,3,2,2,2,2,2,2,AUTO_CLASSIFIED,P3,KNU 한국어 일상 표현 사전 (Naver 오픈사전),"dictionary-style only, no nuance/example yet; korean accuracy not yet human-verified (separate axis from content strategy fit)"
hwareulbureuda-01,,화를 부르다,ko,idiom,화를 부르다,P1,"MEANING (inferred from content structure, not real search data)",,,화를 부르다,For an action or remark to bring about an unfortunate result.,3,2,2,2,2,2,2,AUTO_CLASSIFIED,P3,KNU 한국어 일상 표현 사전 (Naver 오픈사전),"dictionary-style only, no nuance/example yet; korean accuracy not yet human-verified (separate axis from content strategy fit)"
eopeojimyeonkodachulgeori-01,,엎어지면 코 닿을 거리,ko,idiom,엎어지면 코 닿을 거리,P1,"MEANING (inferred from content structure, not real search data)",,,엎어지면 코 닿을 거리,A very short distance — close enough to fall and touch your nose to it.,3,2,2,2,2,2,2,AUTO_CLASSIFIED,P3,KNU 한국어 일상 표현 사전 (Naver 오픈사전),"dictionary-style only, no nuance/example yet; korean accuracy not yet human-verified (separate axis from content strategy fit)"
koneoemollida-01,,코너에 몰리다,ko,idiom,코너에 몰리다,P1,"MEANING (inferred from content structure, not real search data)",,,코너에 몰리다,"To be cornered, in a difficult situation with no way out.",3,2,2,2,2,2,2,AUTO_CLASSIFIED,P3,KNU 한국어 일상 표현 사전 (Naver 오픈사전),"dictionary-style only, no nuance/example yet; korean accuracy not yet human-verified (separate axis from content strategy fit)"
goseumdochidojesaekkineunyeoppeuda-01,,고슴도치도 제 새끼는 예쁘다,ko,idiom,고슴도치도 제 새끼는 예쁘다,P1,"MEANING (inferred from content structure, not real search data)",,,고슴도치도 제 새끼는 예쁘다,"""Even a hedgehog thinks its own baby is cute"" — parents see their own children as adorable no matter what.",3,2,2,2,2,2,2,AUTO_CLASSIFIED,P3,KNU 한국어 일상 표현 사전 (Naver 오픈사전),"dictionary-style only, no nuance/example yet; korean accuracy not yet human-verified (separate axis from content strategy fit)"
yeongkeulmaesu-01,,영끌 매수,ko,idiom,영끌 매수,P1,"MEANING (inferred from content structure, not real search data)",,,영끌 매수,Buying an asset by scraping together every possible source of money.,3,2,2,2,2,2,2,AUTO_CLASSIFIED,P3,KNU 한국어 일상 표현 사전 (Naver 오픈사전),"dictionary-style only, no nuance/example yet; korean accuracy not yet human-verified (separate axis from content strategy fit)"
mapiageim-01,,마피아 게임,ko,idiom,마피아 게임,P1,"MEANING (inferred from content structure, not real search data)",,,마피아 게임,"The Mafia party game, where players secretly assigned roles try to identify hidden ""mafia"" members.",3,2,2,2,2,2,2,AUTO_CLASSIFIED,P3,KNU 한국어 일상 표현 사전 (Naver 오픈사전),"dictionary-style only, no nuance/example yet; korean accuracy not yet human-verified (separate axis from content strategy fit)"
sesangcheonjireulmoreuda-01,,세상천지(를) 모르다,ko,idiom,세상천지(를) 모르다,P1,"MEANING (inferred from content structure, not real search data)",,,세상천지(를) 모르다,To be exaggeratedly unaware of how the world/situation works.,3,2,2,2,2,2,2,AUTO_CLASSIFIED,P3,KNU 한국어 일상 표현 사전 (Naver 오픈사전),"dictionary-style only, no nuance/example yet; korean accuracy not yet human-verified (separate axis from content strategy fit)"
meorireulssaemaegonupda-01,,머리를 싸매고 눕다,ko,idiom,머리를 싸매고 눕다,P1,"MEANING (inferred from content structure, not real search data)",,,머리를 싸매고 눕다,"To strongly oppose something, lying down in stubborn protest.",3,2,2,2,2,2,2,AUTO_CLASSIFIED,P3,KNU 한국어 일상 표현 사전 (Naver 오픈사전),"dictionary-style only, no nuance/example yet; korean accuracy not yet human-verified (separate axis from content strategy fit)"
jamgwigabalkda-01,,잠귀(가) 밝다,ko,idiom,잠귀(가) 밝다,P1,"MEANING (inferred from content structure, not real search data)",,,잠귀(가) 밝다,"To be a light sleeper, easily woken by small sounds.",3,2,2,2,2,2,2,AUTO_CLASSIFIED,P3,KNU 한국어 일상 표현 사전 (Naver 오픈사전),"dictionary-style only, no nuance/example yet; korean accuracy not yet human-verified (separate axis from content strategy fit)"
bapjureuljwida-01,,밥줄(을) 쥐다,ko,idiom,밥줄(을) 쥐다,P1,"MEANING (inferred from content structure, not real search data)",,,밥줄(을) 쥐다,To hold control over someone else's livelihood/means of income.,3,2,2,2,2,2,2,AUTO_CLASSIFIED,P3,KNU 한국어 일상 표현 사전 (Naver 오픈사전),"dictionary-style only, no nuance/example yet; korean accuracy not yet human-verified (separate axis from content strategy fit)"
jeomeulboda-01,,점(을) 보다,ko,idiom,점(을) 보다,P1,"MEANING (inferred from content structure, not real search data)",,,점(을) 보다,To get one's fortune told in advance.,3,2,2,2,2,2,2,AUTO_CLASSIFIED,P3,KNU 한국어 일상 표현 사전 (Naver 오픈사전),"dictionary-style only, no nuance/example yet; korean accuracy not yet human-verified (separate axis from content strategy fit)"
mudeureulkkaeda-01,,무드(를) 깨다,ko,idiom,무드(를) 깨다,P1,"MEANING (inferred from content structure, not real search data)",,,무드(를) 깨다,To abruptly ruin a good mood/atmosphere.,3,2,2,2,2,2,2,AUTO_CLASSIFIED,P3,KNU 한국어 일상 표현 사전 (Naver 오픈사전),"dictionary-style only, no nuance/example yet; korean accuracy not yet human-verified (separate axis from content strategy fit)"
himeulsinda-01,,힘(을) 신다,ko,idiom,힘(을) 신다,P1,"MEANING (inferred from content structure, not real search data)",,,힘(을) 신다,To support or back someone.,3,2,2,2,2,2,2,AUTO_CLASSIFIED,P3,KNU 한국어 일상 표현 사전 (Naver 오픈사전),"dictionary-style only, no nuance/example yet; korean accuracy not yet human-verified (separate axis from content strategy fit)"
eheeradiya-01,,에헤라디야,ko,idiom,에헤라디야,P1,"MEANING (inferred from content structure, not real search data)",,,에헤라디야,An exclamation of joy said while feeling merry.,3,2,2,2,2,2,2,AUTO_CLASSIFIED,P3,KNU 한국어 일상 표현 사전 (Naver 오픈사전),"dictionary-style only, no nuance/example yet; korean accuracy not yet human-verified (separate axis from content strategy fit)"
jireumsinioda-01,,지름신(이) 오다,ko,idiom,지름신(이) 오다,P1,"MEANING (inferred from content structure, not real search data)",,,지름신(이) 오다,"Figuratively, for a sudden, strong urge to buy something to strike.",3,2,2,2,2,2,2,AUTO_CLASSIFIED,P3,KNU 한국어 일상 표현 사전 (Naver 오픈사전),"dictionary-style only, no nuance/example yet; korean accuracy not yet human-verified (separate axis from content strategy fit)"
sogissseogeomundeureojida-01,,속이 썩어 문드러지다,ko,idiom,속이 썩어 문드러지다,P1,"MEANING (inferred from content structure, not real search data)",,,속이 썩어 문드러지다,For one's insides to feel like they're rotting from unbearable worry.,3,2,2,2,2,2,2,AUTO_CLASSIFIED,P3,KNU 한국어 일상 표현 사전 (Naver 오픈사전),"dictionary-style only, no nuance/example yet; korean accuracy not yet human-verified (separate axis from content strategy fit)"
seorildolda-01,,설(이) 돌다,ko,idiom,설(이) 돌다,P1,"MEANING (inferred from content structure, not real search data)",,,설(이) 돌다,For a rumor to circulate among people.,3,2,2,2,2,2,2,AUTO_CLASSIFIED,P3,KNU 한국어 일상 표현 사전 (Naver 오픈사전),"dictionary-style only, no nuance/example yet; korean accuracy not yet human-verified (separate axis from content strategy fit)"
sseogeulppopda-01,,썩을 뽑다,ko,idiom,썩을 뽑다,P1,"MEANING (inferred from content structure, not real search data)",,,썩을 뽑다,To completely discard the one remaining basis for something's existence.,3,2,2,2,2,2,2,AUTO_CLASSIFIED,P3,KNU 한국어 일상 표현 사전 (Naver 오픈사전),"dictionary-style only, no nuance/example yet; korean accuracy not yet human-verified (separate axis from content strategy fit)"
gaettonggateunSori-01,,개똥 같은 소리,ko,idiom,개똥 같은 소리,P1,"MEANING (inferred from content structure, not real search data)",,,개똥 같은 소리,Dismissing something as complete nonsense.,3,2,2,2,2,2,2,AUTO_CLASSIFIED,P3,KNU 한국어 일상 표현 사전 (Naver 오픈사전),"dictionary-style only, no nuance/example yet; korean accuracy not yet human-verified (separate axis from content strategy fit)"
yangichada-01,,양(이) 차다,ko,idiom,양(이) 차다,P1,"MEANING (inferred from content structure, not real search data)",,,양(이) 차다,To feel satisfied with the amount of food eaten.,3,2,2,2,2,2,2,AUTO_CLASSIFIED,P3,KNU 한국어 일상 표현 사전 (Naver 오픈사전),"dictionary-style only, no nuance/example yet; korean accuracy not yet human-verified (separate axis from content strategy fit)"
nunipullida-01,,눈(이) 풀리다,ko,idiom,눈(이) 풀리다,P1,"MEANING (inferred from content structure, not real search data)",,,눈(이) 풀리다,"For one's eyes to lose focus, appearing tired or drunk.",3,2,2,2,2,2,2,AUTO_CLASSIFIED,P3,KNU 한국어 일상 표현 사전 (Naver 오픈사전),"dictionary-style only, no nuance/example yet; korean accuracy not yet human-verified (separate axis from content strategy fit)"
kkorimaidanida-01,,꼴이 말이 아니다,ko,idiom,꼴이 말이 아니다,P1,"MEANING (inferred from content structure, not real search data)",,,꼴이 말이 아니다,For one's appearance/situation to look pitiful.,3,2,2,2,2,2,2,AUTO_CLASSIFIED,P3,KNU 한국어 일상 표현 사전 (Naver 오픈사전),"dictionary-style only, no nuance/example yet; korean accuracy not yet human-verified (separate axis from content strategy fit)"
uldagauseumyeoneongdeongi-eteolnanda-01,,울다가 웃으면 엉덩이에 털 난다,ko,idiom,울다가 웃으면 엉덩이에 털 난다,P1,"MEANING (inferred from content structure, not real search data)",,,울다가 웃으면 엉덩이에 털 난다,A teasing line said when someone who was crying starts laughing right after.,3,2,2,2,2,2,2,AUTO_CLASSIFIED,P3,KNU 한국어 일상 표현 사전 (Naver 오픈사전),"dictionary-style only, no nuance/example yet; korean accuracy not yet human-verified (separate axis from content strategy fit)"
neuneungaenajuda-01,,N은 개나 주다,ko,idiom,N은 개나 주다,P1,"MEANING (inferred from content structure, not real search data)",,,N은 개나 주다,To discard something as worthless.,3,2,2,2,2,2,2,AUTO_CLASSIFIED,P3,KNU 한국어 일상 표현 사전 (Naver 오픈사전),"dictionary-style only, no nuance/example yet; korean accuracy not yet human-verified (separate axis from content strategy fit)"
jugeumuimuntok-01,,죽음의 문턱,ko,idiom,죽음의 문턱,P1,"MEANING (inferred from content structure, not real search data)",,,죽음의 문턱,"""The threshold of death"" — right on the verge of dying.",3,2,2,2,2,2,2,AUTO_CLASSIFIED,P3,KNU 한국어 일상 표현 사전 (Naver 오픈사전),"dictionary-style only, no nuance/example yet; korean accuracy not yet human-verified (separate axis from content strategy fit)"
jugeuljoereuljitda-01,,죽을죄(를) 짓다,ko,idiom,죽을죄(를) 짓다,P1,"MEANING (inferred from content structure, not real search data)",,,죽을죄(를) 짓다,To commit an extremely grave wrong.,3,2,2,2,2,2,2,AUTO_CLASSIFIED,P3,KNU 한국어 일상 표현 사전 (Naver 오픈사전),"dictionary-style only, no nuance/example yet; korean accuracy not yet human-verified (separate axis from content strategy fit)"
jarimanchajihada-01,,자리만 차지하다,ko,idiom,자리만 차지하다,P1,"MEANING (inferred from content structure, not real search data)",,,자리만 차지하다,To occupy a position without properly fulfilling its role.,3,2,2,2,2,2,2,AUTO_CLASSIFIED,P3,KNU 한국어 일상 표현 사전 (Naver 오픈사전),"dictionary-style only, no nuance/example yet; korean accuracy not yet human-verified (separate axis from content strategy fit)"
nimeokhida-01,,N(이) 먹히다,ko,idiom,N(이) 먹히다,P1,"MEANING (inferred from content structure, not real search data)",,,N(이) 먹히다,For a particular trait/characteristic to suit and be well-received on someone.,3,2,2,2,2,2,2,AUTO_CLASSIFIED,P3,KNU 한국어 일상 표현 사전 (Naver 오픈사전),"dictionary-style only, no nuance/example yet; korean accuracy not yet human-verified (separate axis from content strategy fit)"
geurimigeuryeojida-01,,그림(이) 그려지다,ko,idiom,그림(이) 그려지다,P1,"MEANING (inferred from content structure, not real search data)",,,그림(이) 그려지다,To be able to picture in advance how a situation will unfold.,3,2,2,2,2,2,2,AUTO_CLASSIFIED,P3,KNU 한국어 일상 표현 사전 (Naver 오픈사전),"dictionary-style only, no nuance/example yet; korean accuracy not yet human-verified (separate axis from content strategy fit)"
mareulmandeulda-01,,말(을) 만들다,ko,idiom,말(을) 만들다,P1,"MEANING (inferred from content structure, not real search data)",,,말(을) 만들다,To fabricate a false rumor as though it were true.,3,2,2,2,2,2,2,AUTO_CLASSIFIED,P3,KNU 한국어 일상 표현 사전 (Naver 오픈사전),"dictionary-style only, no nuance/example yet; korean accuracy not yet human-verified (separate axis from content strategy fit)"
gwageoreulteolda-01,,과거(를) 털다,ko,idiom,과거(를) 털다,P1,"MEANING (inferred from content structure, not real search data)",,,과거(를) 털다,To completely overcome or clear up a past matter.,3,2,2,2,2,2,2,AUTO_CLASSIFIED,P3,KNU 한국어 일상 표현 사전 (Naver 오픈사전),"dictionary-style only, no nuance/example yet; korean accuracy not yet human-verified (separate axis from content strategy fit)"
andeutneundaeseoneunnaranimyokdohanda-01,,안 듣는 데서는 나라님 욕도 한다,ko,idiom,안 듣는 데서는 나라님 욕도 한다,P1,"MEANING (inferred from content structure, not real search data)",,,안 듣는 데서는 나라님 욕도 한다,People will criticize even the highest authority when they think no one's listening.,3,2,2,2,2,2,2,AUTO_CLASSIFIED,P3,KNU 한국어 일상 표현 사전 (Naver 오픈사전),"dictionary-style only, no nuance/example yet; korean accuracy not yet human-verified (separate axis from content strategy fit)"
nopisada-01,,높이 사다,ko,idiom,높이 사다,P1,"MEANING (inferred from content structure, not real search data)",,,높이 사다,To highly recognize/value someone's attitude or achievement.,3,2,2,2,2,2,2,AUTO_CLASSIFIED,P3,KNU 한국어 일상 표현 사전 (Naver 오픈사전),"dictionary-style only, no nuance/example yet; korean accuracy not yet human-verified (separate axis from content strategy fit)"
tteuteulieuda-01,,뜻(을) 이루다,ko,idiom,뜻(을) 이루다,P1,"MEANING (inferred from content structure, not real search data)",,,뜻(을) 이루다,To achieve what one hoped for.,3,2,2,2,2,2,2,AUTO_CLASSIFIED,P3,KNU 한국어 일상 표현 사전 (Naver 오픈사전),"dictionary-style only, no nuance/example yet; korean accuracy not yet human-verified (separate axis from content strategy fit)"
songeungeunjilgeunjilhada-01,,손이 근질근질하다,ko,idiom,손이 근질근질하다,P1,"MEANING (inferred from content structure, not real search data)",,,손이 근질근질하다,"To be itching to do something, barely able to resist.",3,2,2,2,2,2,2,AUTO_CLASSIFIED,P3,KNU 한국어 일상 표현 사전 (Naver 오픈사전),"dictionary-style only, no nuance/example yet; korean accuracy not yet human-verified (separate axis from content strategy fit)"
kkoda-01,,꼬다,ko,idiom,꼬다,P1,"MEANING (inferred from content structure, not real search data)",,,꼬다,To make someone overthink or complicate their view of a situation.,3,2,2,2,2,2,2,AUTO_CLASSIFIED,P3,KNU 한국어 일상 표현 사전 (Naver 오픈사전),"dictionary-style only, no nuance/example yet; korean accuracy not yet human-verified (separate axis from content strategy fit)"
daejaroppeonda-01,,대자로 뻗다,ko,idiom,대자로 뻗다,P1,"MEANING (inferred from content structure, not real search data)",,,대자로 뻗다,"To collapse flat, spread-eagled, from exhaustion or drunkenness.",3,2,2,2,2,2,2,AUTO_CLASSIFIED,P3,KNU 한국어 일상 표현 사전 (Naver 오픈사전),"dictionary-style only, no nuance/example yet; korean accuracy not yet human-verified (separate axis from content strategy fit)"
baltteutdomotjjochaganda-01,,발끝도 못 쫓아가다,ko,idiom,발끝도 못 쫓아가다,P1,"MEANING (inferred from content structure, not real search data)",,,발끝도 못 쫓아가다,To fall far short of matching someone's ability or effort.,3,2,2,2,2,2,2,AUTO_CLASSIFIED,P3,KNU 한국어 일상 표현 사전 (Naver 오픈사전),"dictionary-style only, no nuance/example yet; korean accuracy not yet human-verified (separate axis from content strategy fit)"
nuneanteureooda-01,,눈에 안 들어오다,ko,idiom,눈에 안 들어오다,P1,"MEANING (inferred from content structure, not real search data)",,,눈에 안 들어오다,To be unable to focus/concentrate on something.,3,2,2,2,2,2,2,AUTO_CLASSIFIED,P3,KNU 한국어 일상 표현 사전 (Naver 오픈사전),"dictionary-style only, no nuance/example yet; korean accuracy not yet human-verified (separate axis from content strategy fit)"
eumsigeulgarida-01,,음식(을) 가리다,ko,idiom,음식(을) 가리다,P1,"MEANING (inferred from content structure, not real search data)",,,음식(을) 가리다,"To be picky, eating only preferred foods.",3,2,2,2,2,2,2,AUTO_CLASSIFIED,P3,KNU 한국어 일상 표현 사전 (Naver 오픈사전),"dictionary-style only, no nuance/example yet; korean accuracy not yet human-verified (separate axis from content strategy fit)"
agicheonsagachajaoda-01,,아기 천사(가) 찾아오다,ko,idiom,아기 천사(가) 찾아오다,P1,"MEANING (inferred from content structure, not real search data)",,,아기 천사(가) 찾아오다,"Figuratively, for a baby to be conceived/born into a family.",3,2,2,2,2,2,2,AUTO_CLASSIFIED,P3,KNU 한국어 일상 표현 사전 (Naver 오픈사전),"dictionary-style only, no nuance/example yet; korean accuracy not yet human-verified (separate axis from content strategy fit)"
baljachwireulnamgida-01,,발자취(를) 남기다,ko,idiom,발자취(를) 남기다,P1,"MEANING (inferred from content structure, not real search data)",,,발자취(를) 남기다,To leave behind a notable achievement in some field.,3,2,2,2,2,2,2,AUTO_CLASSIFIED,P3,KNU 한국어 일상 표현 사전 (Naver 오픈사전),"dictionary-style only, no nuance/example yet; korean accuracy not yet human-verified (separate axis from content strategy fit)"
saenggageulteoboda-01,,생각(을) 떠보다,ko,idiom,생각(을) 떠보다,P1,"MEANING (inferred from content structure, not real search data)",,,생각(을) 떠보다,To try to figure out what someone else is thinking.,3,2,2,2,2,2,2,AUTO_CLASSIFIED,P3,KNU 한국어 일상 표현 사전 (Naver 오픈사전),"dictionary-style only, no nuance/example yet; korean accuracy not yet human-verified (separate axis from content strategy fit)"
jebireulppopda-01,,제비(를) 뽑다,ko,idiom,제비(를) 뽑다,P1,"MEANING (inferred from content structure, not real search data)",,,제비(를) 뽑다,To determine an order or allocation by drawing lots.,3,2,2,2,2,2,2,AUTO_CLASSIFIED,P3,KNU 한국어 일상 표현 사전 (Naver 오픈사전),"dictionary-style only, no nuance/example yet; korean accuracy not yet human-verified (separate axis from content strategy fit)"
eommaya-01,,엄마야,ko,idiom,엄마야,P1,"MEANING (inferred from content structure, not real search data)",,,엄마야,An exclamation made when startled.,3,2,2,2,2,2,2,AUTO_CLASSIFIED,P3,KNU 한국어 일상 표현 사전 (Naver 오픈사전),"dictionary-style only, no nuance/example yet; korean accuracy not yet human-verified (separate axis from content strategy fit)"
sonbadakwi-01,,손바닥 위,ko,idiom,손바닥 위,P1,"MEANING (inferred from content structure, not real search data)",,,손바닥 위,"""On the palm of one's hand"" — the scope of what someone can fully control or foresee.",3,2,2,2,2,2,2,AUTO_CLASSIFIED,P3,KNU 한국어 일상 표현 사전 (Naver 오픈사전),"dictionary-style only, no nuance/example yet; korean accuracy not yet human-verified (separate axis from content strategy fit)"
vgojasigo-gane-01,,V-고 자시고 간에,ko,idiom,V-고 자시고 간에,P1,"MEANING (inferred from content structure, not real search data)",,,V-고 자시고 간에,Regardless of whether the preceding matter happened or not.,3,2,2,2,2,2,2,AUTO_CLASSIFIED,P3,KNU 한국어 일상 표현 사전 (Naver 오픈사전),"dictionary-style only, no nuance/example yet; korean accuracy not yet human-verified (separate axis from content strategy fit)"
hobage-julgeunneundagosubakdoena-01,,호박에 줄 긋는다고 수박 되나,ko,idiom,호박에 줄 긋는다고 수박 되나,P1,"MEANING (inferred from content structure, not real search data)",,,호박에 줄 긋는다고 수박 되나,"""Does drawing lines on a pumpkin make it a watermelon?"" — superficial changes don't alter something's true nature.",3,2,2,2,2,2,2,AUTO_CLASSIFIED,P3,KNU 한국어 일상 표현 사전 (Naver 오픈사전),"dictionary-style only, no nuance/example yet; korean accuracy not yet human-verified (separate axis from content strategy fit)"
sseogeoppajida-01,,썩어 빠지다,ko,idiom,썩어 빠지다,P1,"MEANING (inferred from content structure, not real search data)",,,썩어 빠지다,"To be thoroughly rotten/corrupt, well past a normal state.",3,2,2,2,2,2,2,AUTO_CLASSIFIED,P3,KNU 한국어 일상 표현 사전 (Naver 오픈사전),"dictionary-style only, no nuance/example yet; korean accuracy not yet human-verified (separate axis from content strategy fit)"
rullullalahada-01,,룰루랄라하다,ko,idiom,룰루랄라하다,P1,"MEANING (inferred from content structure, not real search data)",,,룰루랄라하다,"To feel and act cheerfully, in a good mood.",3,2,2,2,2,2,2,AUTO_CLASSIFIED,P3,KNU 한국어 일상 표현 사전 (Naver 오픈사전),"dictionary-style only, no nuance/example yet; korean accuracy not yet human-verified (separate axis from content strategy fit)"
gwireulbillida-01,,귀(를) 빌리다,ko,idiom,귀(를) 빌리다,P1,"MEANING (inferred from content structure, not real search data)",,,귀(를) 빌리다,"Figuratively, to ask someone to listen to one's grievances.",3,2,2,2,2,2,2,AUTO_CLASSIFIED,P3,KNU 한국어 일상 표현 사전 (Naver 오픈사전),"dictionary-style only, no nuance/example yet; korean accuracy not yet human-verified (separate axis from content strategy fit)"
eodianganda-01,,어디 안 가다,ko,idiom,어디 안 가다,P1,"MEANING (inferred from content structure, not real search data)",,,어디 안 가다,A person's true nature/habits don't easily change.,3,2,2,2,2,2,2,AUTO_CLASSIFIED,P3,KNU 한국어 일상 표현 사전 (Naver 오픈사전),"dictionary-style only, no nuance/example yet; korean accuracy not yet human-verified (separate axis from content strategy fit)"
eomsareulpiuda-01,,엄살(을) 피우다,ko,idiom,엄살(을) 피우다,P1,"MEANING (inferred from content structure, not real search data)",,,엄살(을) 피우다,To act as if something hurts or is more difficult than it really is.,3,2,2,2,2,2,2,AUTO_CLASSIFIED,P3,KNU 한국어 일상 표현 사전 (Naver 오픈사전),"dictionary-style only, no nuance/example yet; korean accuracy not yet human-verified (separate axis from content strategy fit)"
jeonmyeone-naesewuda-01,,전면에 내세우다,ko,idiom,전면에 내세우다,P1,"MEANING (inferred from content structure, not real search data)",,,전면에 내세우다,To put someone/something forward as the representative face of an effort.,3,2,2,2,2,2,2,AUTO_CLASSIFIED,P3,KNU 한국어 일상 표현 사전 (Naver 오픈사전),"dictionary-style only, no nuance/example yet; korean accuracy not yet human-verified (separate axis from content strategy fit)"
chamgyoyuk-01,,참교육,ko,idiom,참교육,P1,"MEANING (inferred from content structure, not real search data)",,,참교육,"Figuratively, thoroughly and harshly calling out someone else's wrongdoing to teach them a lesson.",3,2,2,2,2,2,2,AUTO_CLASSIFIED,P3,KNU 한국어 일상 표현 사전 (Naver 오픈사전),"dictionary-style only, no nuance/example yet; korean accuracy not yet human-verified (separate axis from content strategy fit)"
sillangsueop-01,,신랑 수업,ko,idiom,신랑 수업,P1,"MEANING (inferred from content structure, not real search data)",,,신랑 수업,"Domestic training (cooking, housework) a man undergoes in preparation for marriage.",3,2,2,2,2,2,2,AUTO_CLASSIFIED,P3,KNU 한국어 일상 표현 사전 (Naver 오픈사전),"dictionary-style only, no nuance/example yet; korean accuracy not yet human-verified (separate axis from content strategy fit)"
kkultem-01,,꿀템,ko,idiom,꿀템,P1,"MEANING (inferred from content structure, not real search data)",,,꿀템,A highly useful or helpful item.,3,2,2,2,2,2,2,AUTO_CLASSIFIED,P3,KNU 한국어 일상 표현 사전 (Naver 오픈사전),"dictionary-style only, no nuance/example yet; korean accuracy not yet human-verified (separate axis from content strategy fit)"
ppodaeganada-01,,뽀대(가) 나다,ko,idiom,뽀대(가) 나다,P1,"MEANING (inferred from content structure, not real search data)",,,뽀대(가) 나다,For something to look stylish/impressive on the outside.,3,2,2,2,2,2,2,AUTO_CLASSIFIED,P3,KNU 한국어 일상 표현 사전 (Naver 오픈사전),"dictionary-style only, no nuance/example yet; korean accuracy not yet human-verified (separate axis from content strategy fit)"
noneunijangdokkkaenda-01,,노느니 장독 깬다,ko,idiom,노느니 장독 깬다,P1,"MEANING (inferred from content structure, not real search data)",,,노느니 장독 깬다,"""Better to break a jar than sit idle"" — doing anything, even something pointless, beats doing nothing.",3,2,2,2,2,2,2,AUTO_CLASSIFIED,P3,KNU 한국어 일상 표현 사전 (Naver 오픈사전),"dictionary-style only, no nuance/example yet; korean accuracy not yet human-verified (separate axis from content strategy fit)"
irisonesanjabhida-01,,일이 손에 안 잡히다,ko,idiom,일이 손에 안 잡히다,P1,"MEANING (inferred from content structure, not real search data)",,,일이 손에 안 잡히다,To be unable to focus on work due to worry or distraction.,3,2,2,2,2,2,2,AUTO_CLASSIFIED,P3,KNU 한국어 일상 표현 사전 (Naver 오픈사전),"dictionary-style only, no nuance/example yet; korean accuracy not yet human-verified (separate axis from content strategy fit)"
mareulkkada-01,,말(을) 까다,ko,idiom,말(을) 까다,P1,"MEANING (inferred from content structure, not real search data)",,,말(을) 까다,"Informally, to speak down to someone using casual/impolite speech.",3,2,2,2,2,2,2,AUTO_CLASSIFIED,P3,KNU 한국어 일상 표현 사전 (Naver 오픈사전),"dictionary-style only, no nuance/example yet; korean accuracy not yet human-verified (separate axis from content strategy fit)"
keungeurim-01,,큰 그림,ko,idiom,큰 그림,P1,"MEANING (inferred from content structure, not real search data)",,,큰 그림,A long-term plan or big-picture strategy.,3,2,2,2,2,2,2,AUTO_CLASSIFIED,P3,KNU 한국어 일상 표현 사전 (Naver 오픈사전),"dictionary-style only, no nuance/example yet; korean accuracy not yet human-verified (separate axis from content strategy fit)"
anmeogeodobaebureuda-01,,안 먹어도 배부르다,ko,idiom,안 먹어도 배부르다,P1,"MEANING (inferred from content structure, not real search data)",,,안 먹어도 배부르다,"Figuratively, to feel so happy/satisfied that one doesn't even need food.",3,2,2,2,2,2,2,AUTO_CLASSIFIED,P3,KNU 한국어 일상 표현 사전 (Naver 오픈사전),"dictionary-style only, no nuance/example yet; korean accuracy not yet human-verified (separate axis from content strategy fit)"
motdeureungeolrohada-01,,못 들은 걸로 하다,ko,idiom,못 들은 걸로 하다,P1,"MEANING (inferred from content structure, not real search data)",,,못 들은 걸로 하다,"To pretend one never heard what was said, erasing it from memory.",3,2,2,2,2,2,2,AUTO_CLASSIFIED,P3,KNU 한국어 일상 표현 사전 (Naver 오픈사전),"dictionary-style only, no nuance/example yet; korean accuracy not yet human-verified (separate axis from content strategy fit)"
geureollriga-01,,그럴 리가,ko,idiom,그럴 리가,P1,"MEANING (inferred from content structure, not real search data)",,,그럴 리가,"""That can't be right"" — expressing disbelief that something is true.",3,2,2,2,2,2,2,AUTO_CLASSIFIED,P3,KNU 한국어 일상 표현 사전 (Naver 오픈사전),"dictionary-style only, no nuance/example yet; korean accuracy not yet human-verified (separate axis from content strategy fit)"
ppangkkuganada-01,,빵꾸(가) 나다,ko,idiom,빵꾸(가) 나다,P1,"MEANING (inferred from content structure, not real search data)",,,빵꾸(가) 나다,For a tire or tube to get a puncture.,3,2,2,2,2,2,2,AUTO_CLASSIFIED,P3,KNU 한국어 일상 표현 사전 (Naver 오픈사전),"dictionary-style only, no nuance/example yet; korean accuracy not yet human-verified (separate axis from content strategy fit)"
nagipsseulhada-01,,나잇값(을) 하다,ko,idiom,나잇값(을) 하다,P1,"MEANING (inferred from content structure, not real search data)",,,나잇값(을) 하다,To behave in a manner appropriate to one's age.,3,2,2,2,2,2,2,AUTO_CLASSIFIED,P3,KNU 한국어 일상 표현 사전 (Naver 오픈사전),"dictionary-style only, no nuance/example yet; korean accuracy not yet human-verified (separate axis from content strategy fit)"
momigieokhada-01,,몸이 기억하다,ko,idiom,몸이 기억하다,P1,"MEANING (inferred from content structure, not real search data)",,,몸이 기억하다,"For the body to move on its own, automatically, even without conscious thought.",3,2,2,2,2,2,2,AUTO_CLASSIFIED,P3,KNU 한국어 일상 표현 사전 (Naver 오픈사전),"dictionary-style only, no nuance/example yet; korean accuracy not yet human-verified (separate axis from content strategy fit)"
bunsuenomchida-01,,분수에 넘치다,ko,idiom,분수에 넘치다,P1,"MEANING (inferred from content structure, not real search data)",,,분수에 넘치다,To go beyond what suits one's own status/means.,3,2,2,2,2,2,2,AUTO_CLASSIFIED,P3,KNU 한국어 일상 표현 사전 (Naver 오픈사전),"dictionary-style only, no nuance/example yet; korean accuracy not yet human-verified (separate axis from content strategy fit)"
baebureunsori-01,,배부른 소리,ko,idiom,배부른 소리,P1,"MEANING (inferred from content structure, not real search data)",,,배부른 소리,A privileged complaint from someone who has nothing to actually be dissatisfied about.,3,2,2,2,2,2,2,AUTO_CLASSIFIED,P3,KNU 한국어 일상 표현 사전 (Naver 오픈사전),"dictionary-style only, no nuance/example yet; korean accuracy not yet human-verified (separate axis from content strategy fit)"
kodeugamatda-01,,코드가 맞다,ko,idiom,코드가 맞다,P1,"MEANING (inferred from content structure, not real search data)",,,코드가 맞다,For two people's tastes/interests/values to align well.,3,2,2,2,2,2,2,AUTO_CLASSIFIED,P3,KNU 한국어 일상 표현 사전 (Naver 오픈사전),"dictionary-style only, no nuance/example yet; korean accuracy not yet human-verified (separate axis from content strategy fit)"
killingpointeu-01,,킬링 포인트,ko,idiom,킬링 포인트,P1,"MEANING (inferred from content structure, not real search data)",,,킬링 포인트,The single most crucial/appealing element in something.,3,2,2,2,2,2,2,AUTO_CLASSIFIED,P3,KNU 한국어 일상 표현 사전 (Naver 오픈사전),"dictionary-style only, no nuance/example yet; korean accuracy not yet human-verified (separate axis from content strategy fit)"
hunjangeuldalda-01,,훈장(을) 달다,ko,idiom,훈장(을) 달다,P1,"MEANING (inferred from content structure, not real search data)",,,훈장(을) 달다,"Figuratively, to get injured or scarred, as if a wound were a badge of honor.",3,2,2,2,2,2,2,AUTO_CLASSIFIED,P3,KNU 한국어 일상 표현 사전 (Naver 오픈사전),"dictionary-style only, no nuance/example yet; korean accuracy not yet human-verified (separate axis from content strategy fit)"
eummoreulkkumida-01,,음모를 꾸미다,ko,idiom,음모를 꾸미다,P1,"MEANING (inferred from content structure, not real search data)",,,음모를 꾸미다,To plot a scheme with ill intent.,3,2,2,2,2,2,2,AUTO_CLASSIFIED,P3,KNU 한국어 일상 표현 사전 (Naver 오픈사전),"dictionary-style only, no nuance/example yet; korean accuracy not yet human-verified (separate axis from content strategy fit)"
momeulnatchuda-01,,몸을 낮추다,ko,idiom,몸을 낮추다,P1,"MEANING (inferred from content structure, not real search data)",,,몸을 낮추다,"To be humble, not putting on airs, and treat others gently.",3,2,2,2,2,2,2,AUTO_CLASSIFIED,P3,KNU 한국어 일상 표현 사전 (Naver 오픈사전),"dictionary-style only, no nuance/example yet; korean accuracy not yet human-verified (separate axis from content strategy fit)"
omanjeongitteoreojida-01,,오만 정(이) 떨어지다,ko,idiom,오만 정(이) 떨어지다,P1,"MEANING (inferred from content structure, not real search data)",,,오만 정(이) 떨어지다,"For any lingering affection toward someone to vanish, replaced by disgust.",3,2,2,2,2,2,2,AUTO_CLASSIFIED,P3,KNU 한국어 일상 표현 사전 (Naver 오픈사전),"dictionary-style only, no nuance/example yet; korean accuracy not yet human-verified (separate axis from content strategy fit)"
hanbalneutta-01,,한발 늦다,ko,idiom,한발 늦다,P1,"MEANING (inferred from content structure, not real search data)",,,한발 늦다,To fall behind competitors in timing.,3,2,2,2,2,2,2,AUTO_CLASSIFIED,P3,KNU 한국어 일상 표현 사전 (Naver 오픈사전),"dictionary-style only, no nuance/example yet; korean accuracy not yet human-verified (separate axis from content strategy fit)"
sibireulteolda-01,,시비(를) 털다,ko,idiom,시비(를) 털다,P1,"MEANING (inferred from content structure, not real search data)",,,시비(를) 털다,To sort out a dispute by clarifying right from wrong.,3,2,2,2,2,2,2,AUTO_CLASSIFIED,P3,KNU 한국어 일상 표현 사전 (Naver 오픈사전),"dictionary-style only, no nuance/example yet; korean accuracy not yet human-verified (separate axis from content strategy fit)"
wanjangeulchada-01,,완장(을) 차다,ko,idiom,완장(을) 차다,P1,"MEANING (inferred from content structure, not real search data)",,,완장(을) 차다,"Figuratively, to gain some authority or status.",3,2,2,2,2,2,2,AUTO_CLASSIFIED,P3,KNU 한국어 일상 표현 사전 (Naver 오픈사전),"dictionary-style only, no nuance/example yet; korean accuracy not yet human-verified (separate axis from content strategy fit)"
beollessieumeulgol-01,,벌레 씹은 얼굴,ko,idiom,벌레 씹은 얼굴,P1,"MEANING (inferred from content structure, not real search data)",,,벌레 씹은 얼굴,"An expression of extreme displeasure, as if one had bitten into a bug.",3,2,2,2,2,2,2,AUTO_CLASSIFIED,P3,KNU 한국어 일상 표현 사전 (Naver 오픈사전),"dictionary-style only, no nuance/example yet; korean accuracy not yet human-verified (separate axis from content strategy fit)"
nekkochida-01,,N에 꽂히다,ko,idiom,N에 꽂히다,P1,"MEANING (inferred from content structure, not real search data)",,,N에 꽂히다,To become intensely absorbed and enthusiastic about N.,3,2,2,2,2,2,2,AUTO_CLASSIFIED,P3,KNU 한국어 일상 표현 사전 (Naver 오픈사전),"dictionary-style only, no nuance/example yet; korean accuracy not yet human-verified (separate axis from content strategy fit)"
jasigigineunbumoganeopda-01,,자식 이기는 부모(가) 없다,ko,idiom,자식 이기는 부모(가) 없다,P1,"MEANING (inferred from content structure, not real search data)",,,자식 이기는 부모(가) 없다,"When a child insists strongly enough, parents usually give in to their wishes.",3,2,2,2,2,2,2,AUTO_CLASSIFIED,P3,KNU 한국어 일상 표현 사전 (Naver 오픈사전),"dictionary-style only, no nuance/example yet; korean accuracy not yet human-verified (separate axis from content strategy fit)"
gwanggigaeorida-01,,광기(가) 어리다,ko,idiom,광기(가) 어리다,P1,"MEANING (inferred from content structure, not real search data)",,,광기(가) 어리다,"To display an intense, almost crazed level of enthusiasm/behavior.",3,2,2,2,2,2,2,AUTO_CLASSIFIED,P3,KNU 한국어 일상 표현 사전 (Naver 오픈사전),"dictionary-style only, no nuance/example yet; korean accuracy not yet human-verified (separate axis from content strategy fit)"
mentaelinagada-01,,멘탈(이) 나가다,ko,idiom,멘탈(이) 나가다,P1,"MEANING (inferred from content structure, not real search data)",,,멘탈(이) 나가다,For one's mental state to be knocked completely off balance.,3,2,2,2,2,2,2,AUTO_CLASSIFIED,P3,KNU 한국어 일상 표현 사전 (Naver 오픈사전),"dictionary-style only, no nuance/example yet; korean accuracy not yet human-verified (separate axis from content strategy fit)"
jjigeuri-01,,찌글이,ko,idiom,찌글이,P1,"MEANING (inferred from content structure, not real search data)",,,찌글이,A dish made by boiling broth down until thick and reduced.,3,2,2,2,2,2,2,AUTO_CLASSIFIED,P3,KNU 한국어 일상 표현 사전 (Naver 오픈사전),"dictionary-style only, no nuance/example yet; korean accuracy not yet human-verified (separate axis from content strategy fit)"
hantokeulssoda-01,,한턱(을) 쏘다,ko,idiom,한턱(을) 쏘다,P1,"MEANING (inferred from content structure, not real search data)",,,한턱(을) 쏘다,To generously treat others to a meal or drinks.,3,2,2,2,2,2,2,AUTO_CLASSIFIED,P3,KNU 한국어 일상 표현 사전 (Naver 오픈사전),"dictionary-style only, no nuance/example yet; korean accuracy not yet human-verified (separate axis from content strategy fit)"
milgonagada-01,,밀고 나가다,ko,idiom,밀고 나가다,P1,"MEANING (inferred from content structure, not real search data)",,,밀고 나가다,To push forward and assert one's plan/opinion until the end.,3,2,2,2,2,2,2,AUTO_CLASSIFIED,P3,KNU 한국어 일상 표현 사전 (Naver 오픈사전),"dictionary-style only, no nuance/example yet; korean accuracy not yet human-verified (separate axis from content strategy fit)"
apdwigamatjianta-01,,앞뒤가 맞지 않다,ko,idiom,앞뒤가 맞지 않다,P1,"MEANING (inferred from content structure, not real search data)",,,앞뒤가 맞지 않다,For words or actions to be inconsistent/contradictory.,3,2,2,2,2,2,2,AUTO_CLASSIFIED,P3,KNU 한국어 일상 표현 사전 (Naver 오픈사전),"dictionary-style only, no nuance/example yet; korean accuracy not yet human-verified (separate axis from content strategy fit)"
sonttaegatada-01,,손때(가) 타다,ko,idiom,손때(가) 타다,P1,"MEANING (inferred from content structure, not real search data)",,,손때(가) 타다,For an object to gain character/affection through long use.,3,2,2,2,2,2,2,AUTO_CLASSIFIED,P3,KNU 한국어 일상 표현 사전 (Naver 오픈사전),"dictionary-style only, no nuance/example yet; korean accuracy not yet human-verified (separate axis from content strategy fit)"
momeurobudichida-01,,몸으로 부딪히다,ko,idiom,몸으로 부딪히다,P1,"MEANING (inferred from content structure, not real search data)",,,몸으로 부딪히다,To personally go through/experience something firsthand.,3,2,2,2,2,2,2,AUTO_CLASSIFIED,P3,KNU 한국어 일상 표현 사전 (Naver 오픈사전),"dictionary-style only, no nuance/example yet; korean accuracy not yet human-verified (separate axis from content strategy fit)"
himidatneundekkaji-01,,힘(이) 닿는 데까지,ko,idiom,힘(이) 닿는 데까지,P1,"MEANING (inferred from content structure, not real search data)",,,힘(이) 닿는 데까지,"""As far as one's strength allows"" — trying with all the effort available.",3,2,2,2,2,2,2,AUTO_CLASSIFIED,P3,KNU 한국어 일상 표현 사전 (Naver 오픈사전),"dictionary-style only, no nuance/example yet; korean accuracy not yet human-verified (separate axis from content strategy fit)"
geonbangeulteolda-01,,건방(을) 떨다,ko,idiom,건방(을) 떨다,P1,"MEANING (inferred from content structure, not real search data)",,,건방(을) 떨다,"To act arrogantly, overstepping one's place.",3,2,2,2,2,2,2,AUTO_CLASSIFIED,P3,KNU 한국어 일상 표현 사전 (Naver 오픈사전),"dictionary-style only, no nuance/example yet; korean accuracy not yet human-verified (separate axis from content strategy fit)"
gyesanisoda-01,,계산(이) 서다,ko,idiom,계산(이) 서다,P1,"MEANING (inferred from content structure, not real search data)",,,계산(이) 서다,For something to be anticipated or reasoned out in one's mind.,3,2,2,2,2,2,2,AUTO_CLASSIFIED,P3,KNU 한국어 일상 표현 사전 (Naver 오픈사전),"dictionary-style only, no nuance/example yet; korean accuracy not yet human-verified (separate axis from content strategy fit)"
gwigakeojida-01,,귀가 커지다,ko,idiom,귀가 커지다,P1,"MEANING (inferred from content structure, not real search data)",,,귀가 커지다,To pay especially close attention to a certain piece of talk/sound.,3,2,2,2,2,2,2,AUTO_CLASSIFIED,P3,KNU 한국어 일상 표현 사전 (Naver 오픈사전),"dictionary-style only, no nuance/example yet; korean accuracy not yet human-verified (separate axis from content strategy fit)"
gaeulbuchaeneunsisegaeopda-01,,가을 부채는 시세가 없다,ko,idiom,가을 부채는 시세가 없다,P1,"MEANING (inferred from content structure, not real search data)",,,가을 부채는 시세가 없다,Something out of season loses its value.,3,2,2,2,2,2,2,AUTO_CLASSIFIED,P3,KNU 한국어 일상 표현 사전 (Naver 오픈사전),"dictionary-style only, no nuance/example yet; korean accuracy not yet human-verified (separate axis from content strategy fit)"
saenggageulkkwieojjada-01,,생각을 쥐어짜다,ko,idiom,생각을 쥐어짜다,P1,"MEANING (inferred from content structure, not real search data)",,,생각을 쥐어짜다,To rack one's brain hard over a single issue.,3,2,2,2,2,2,2,AUTO_CLASSIFIED,P3,KNU 한국어 일상 표현 사전 (Naver 오픈사전),"dictionary-style only, no nuance/example yet; korean accuracy not yet human-verified (separate axis from content strategy fit)"
banjeone-banjeoneulgeodeuphada-01,,반전에 반전을 거듭하다,ko,idiom,반전에 반전을 거듭하다,P1,"MEANING (inferred from content structure, not real search data)",,,반전에 반전을 거듭하다,"For a situation to keep flipping unexpectedly, over and over.",3,2,2,2,2,2,2,AUTO_CLASSIFIED,P3,KNU 한국어 일상 표현 사전 (Naver 오픈사전),"dictionary-style only, no nuance/example yet; korean accuracy not yet human-verified (separate axis from content strategy fit)"
jjalgogutda-01,,짧고 굵다,ko,idiom,짧고 굵다,P1,"MEANING (inferred from content structure, not real search data)",,,짧고 굵다,"Describes something brief but intense/impactful, even if short-lived.",3,2,2,2,2,2,2,AUTO_CLASSIFIED,P3,KNU 한국어 일상 표현 사전 (Naver 오픈사전),"dictionary-style only, no nuance/example yet; korean accuracy not yet human-verified (separate axis from content strategy fit)"
joeungegeoungeoda-01,,좋은 게 좋은 거다,ko,idiom,좋은 게 좋은 거다,P1,"MEANING (inferred from content structure, not real search data)",,,좋은 게 좋은 거다,It's better to compromise amicably than insist too rigidly.,3,2,2,2,2,2,2,AUTO_CLASSIFIED,P3,KNU 한국어 일상 표현 사전 (Naver 오픈사전),"dictionary-style only, no nuance/example yet; korean accuracy not yet human-verified (separate axis from content strategy fit)"
mentaelimuneojida-01,,멘탈(이) 무너지다,ko,idiom,멘탈(이) 무너지다,P1,"MEANING (inferred from content structure, not real search data)",,,멘탈(이) 무너지다,"To lose the ability to think normally, mentally collapsing.",3,2,2,2,2,2,2,AUTO_CLASSIFIED,P3,KNU 한국어 일상 표현 사전 (Naver 오픈사전),"dictionary-style only, no nuance/example yet; korean accuracy not yet human-verified (separate axis from content strategy fit)"
yeonghonieopda-01,,영혼(이) 없다,ko,idiom,영혼(이) 없다,P1,"MEANING (inferred from content structure, not real search data)",,,영혼(이) 없다,To lack any real sincerity in what one says or does.,3,2,2,2,2,2,2,AUTO_CLASSIFIED,P3,KNU 한국어 일상 표현 사전 (Naver 오픈사전),"dictionary-style only, no nuance/example yet; korean accuracy not yet human-verified (separate axis from content strategy fit)"
haneullosotannattangeurokkeojyeotna-01,,하늘로 솟았나 땅으로 꺼졌나,ko,idiom,하늘로 솟았나 땅으로 꺼졌나,P1,"MEANING (inferred from content structure, not real search data)",,,하늘로 솟았나 땅으로 꺼졌나,Wondering in bewilderment where a person/thing suddenly disappeared to.,3,2,2,2,2,2,2,AUTO_CLASSIFIED,P3,KNU 한국어 일상 표현 사전 (Naver 오픈사전),"dictionary-style only, no nuance/example yet; korean accuracy not yet human-verified (separate axis from content strategy fit)"
sogijopda-01,,속(이) 좁다,ko,idiom,속(이) 좁다,P1,"MEANING (inferred from content structure, not real search data)",,,속(이) 좁다,"To be narrow-minded, easily offended by small things.",3,2,2,2,2,2,2,AUTO_CLASSIFIED,P3,KNU 한국어 일상 표현 사전 (Naver 오픈사전),"dictionary-style only, no nuance/example yet; korean accuracy not yet human-verified (separate axis from content strategy fit)"
myeonchigi-01,,면 치기,ko,idiom,면 치기,P1,"MEANING (inferred from content structure, not real search data)",,,면 치기,Slurping up noodles by grabbing a large forkful and pulling it quickly into the mouth.,3,2,2,2,2,2,2,AUTO_CLASSIFIED,P3,KNU 한국어 일상 표현 사전 (Naver 오픈사전),"dictionary-style only, no nuance/example yet; korean accuracy not yet human-verified (separate axis from content strategy fit)"
tullinibirago-01,,뚫린 입이라고,ko,idiom,뚫린 입이라고,P1,"MEANING (inferred from content structure, not real search data)",,,뚫린 입이라고,Used to criticize someone for speaking carelessly just because they physically can.,3,2,2,2,2,2,2,AUTO_CLASSIFIED,P3,KNU 한국어 일상 표현 사전 (Naver 오픈사전),"dictionary-style only, no nuance/example yet; korean accuracy not yet human-verified (separate axis from content strategy fit)"
hanchiuiochado-eopda-01,,한 치의 오차도 없다,ko,idiom,한 치의 오차도 없다,P1,"MEANING (inferred from content structure, not real search data)",,,한 치의 오차도 없다,"To be extremely precise, with no margin of error at all.",3,2,2,2,2,2,2,AUTO_CLASSIFIED,P3,KNU 한국어 일상 표현 사전 (Naver 오픈사전),"dictionary-style only, no nuance/example yet; korean accuracy not yet human-verified (separate axis from content strategy fit)"
ppalganjurigoida-01,,빨간 줄(이) 그이다,ko,idiom,빨간 줄(이) 그이다,P1,"MEANING (inferred from content structure, not real search data)",,,빨간 줄(이) 그이다,To gain a criminal record.,3,2,2,2,2,2,2,AUTO_CLASSIFIED,P3,KNU 한국어 일상 표현 사전 (Naver 오픈사전),"dictionary-style only, no nuance/example yet; korean accuracy not yet human-verified (separate axis from content strategy fit)"
peojeuleulmatchuda-01,,퍼즐(을) 맞추다,ko,idiom,퍼즐(을) 맞추다,P1,"MEANING (inferred from content structure, not real search data)",,,퍼즐(을) 맞추다,"Figuratively, to piece together separate bits of information to understand the whole picture.",3,2,2,2,2,2,2,AUTO_CLASSIFIED,P3,KNU 한국어 일상 표현 사전 (Naver 오픈사전),"dictionary-style only, no nuance/example yet; korean accuracy not yet human-verified (separate axis from content strategy fit)"
asidasipi-01,,아시다시피,ko,idiom,아시다시피,P1,"MEANING (inferred from content structure, not real search data)",,,아시다시피,"""As you know"" — a lead-in referencing shared knowledge.",3,2,2,2,2,2,2,AUTO_CLASSIFIED,P3,KNU 한국어 일상 표현 사전 (Naver 오픈사전),"dictionary-style only, no nuance/example yet; korean accuracy not yet human-verified (separate axis from content strategy fit)"
doedagamalda-01,,되다가 말다,ko,idiom,되다가 말다,P1,"MEANING (inferred from content structure, not real search data)",,,되다가 말다,For a person's physical or mental growth to fall short of a normal standard.,3,2,2,2,2,2,2,AUTO_CLASSIFIED,P3,KNU 한국어 일상 표현 사전 (Naver 오픈사전),"dictionary-style only, no nuance/example yet; korean accuracy not yet human-verified (separate axis from content strategy fit)"
dajeongdobyeongida-01,,다정도 병이다,ko,idiom,다정도 병이다,P1,"MEANING (inferred from content structure, not real search data)",,,다정도 병이다,Being too caring/kind toward others can itself become a burden.,3,2,2,2,2,2,2,AUTO_CLASSIFIED,P3,KNU 한국어 일상 표현 사전 (Naver 오픈사전),"dictionary-style only, no nuance/example yet; korean accuracy not yet human-verified (separate axis from content strategy fit)"
sikgyeoninneolda-01,,식견(이) 넓다,ko,idiom,식견(이) 넓다,P1,"MEANING (inferred from content structure, not real search data)",,,식견(이) 넓다,To have broad knowledge and expertise.,3,2,2,2,2,2,2,AUTO_CLASSIFIED,P3,KNU 한국어 일상 표현 사전 (Naver 오픈사전),"dictionary-style only, no nuance/example yet; korean accuracy not yet human-verified (separate axis from content strategy fit)"
noegasunsuhada-01,,뇌가 순수하다,ko,idiom,뇌가 순수하다,P1,"MEANING (inferred from content structure, not real search data)",,,뇌가 순수하다,"(Mildly critical) describing someone who takes people at face value too easily, lacking judgment.",3,2,2,2,2,2,2,AUTO_CLASSIFIED,P3,KNU 한국어 일상 표현 사전 (Naver 오픈사전),"dictionary-style only, no nuance/example yet; korean accuracy not yet human-verified (separate axis from content strategy fit)"
malmeorireuldollida-01,,말머리를 돌리다,ko,idiom,말머리를 돌리다,P1,"MEANING (inferred from content structure, not real search data)",,,말머리를 돌리다,To change the subject or direction partway through a conversation.,3,2,2,2,2,2,2,AUTO_CLASSIFIED,P3,KNU 한국어 일상 표현 사전 (Naver 오픈사전),"dictionary-style only, no nuance/example yet; korean accuracy not yet human-verified (separate axis from content strategy fit)"
maereulbeolda-01,,매를 벌다,ko,idiom,매를 벌다,P1,"MEANING (inferred from content structure, not real search data)",,,매를 벌다,To bring punishment/scolding on oneself through one's own bad behavior.,3,2,2,2,2,2,2,AUTO_CLASSIFIED,P3,KNU 한국어 일상 표현 사전 (Naver 오픈사전),"dictionary-style only, no nuance/example yet; korean accuracy not yet human-verified (separate axis from content strategy fit)"
soneulttada-01,,손(을) 따다,ko,idiom,손(을) 따다,P1,"MEANING (inferred from content structure, not real search data)",,,손(을) 따다,To prick a fingertip with a needle (a folk remedy) to draw blood.,3,2,2,2,2,2,2,AUTO_CLASSIFIED,P3,KNU 한국어 일상 표현 사전 (Naver 오픈사전),"dictionary-style only, no nuance/example yet; korean accuracy not yet human-verified (separate axis from content strategy fit)"
pirikkochida-01,,필이 꽂히다,ko,idiom,필이 꽂히다,P1,"MEANING (inferred from content structure, not real search data)",,,필이 꽂히다,To suddenly develop a strong liking for something/someone.,3,2,2,2,2,2,2,AUTO_CLASSIFIED,P3,KNU 한국어 일상 표현 사전 (Naver 오픈사전),"dictionary-style only, no nuance/example yet; korean accuracy not yet human-verified (separate axis from content strategy fit)"
saneurogada-01,,산으로 가다,ko,idiom,산으로 가다,P1,"MEANING (inferred from content structure, not real search data)",,,산으로 가다,"For something (a plan, story, discussion) to go off track without coherence.",3,2,2,2,2,2,2,AUTO_CLASSIFIED,P3,KNU 한국어 일상 표현 사전 (Naver 오픈사전),"dictionary-style only, no nuance/example yet; korean accuracy not yet human-verified (separate axis from content strategy fit)"
cheonsanggye-01,,천상계,ko,idiom,천상계,P1,"MEANING (inferred from content structure, not real search data)",,,천상계,"Figuratively, the highest tier of skill/talent, far above ordinary people.",3,2,2,2,2,2,2,AUTO_CLASSIFIED,P3,KNU 한국어 일상 표현 사전 (Naver 오픈사전),"dictionary-style only, no nuance/example yet; korean accuracy not yet human-verified (separate axis from content strategy fit)"
maeumedamadueda-01,,마음에 담아 두다,ko,idiom,마음에 담아 두다,P1,"MEANING (inferred from content structure, not real search data)",,,마음에 담아 두다,"To keep something deeply in mind, not forgetting it.",3,2,2,2,2,2,2,AUTO_CLASSIFIED,P3,KNU 한국어 일상 표현 사전 (Naver 오픈사전),"dictionary-style only, no nuance/example yet; korean accuracy not yet human-verified (separate axis from content strategy fit)"
ganeundesunseoeopda-01,,가는 데 순서 없다,ko,idiom,가는 데 순서 없다,P1,"MEANING (inferred from content structure, not real search data)",,,가는 데 순서 없다,Death has no order of age — anyone can go at any time.,3,2,2,2,2,2,2,AUTO_CLASSIFIED,P3,KNU 한국어 일상 표현 사전 (Naver 오픈사전),"dictionary-style only, no nuance/example yet; korean accuracy not yet human-verified (separate axis from content strategy fit)"
mareulnota-01,,말(을) 놓다,ko,idiom,말(을) 놓다,P1,"MEANING (inferred from content structure, not real search data)",,,말(을) 놓다,To stop using formal speech and talk casually with someone.,3,2,2,2,2,2,2,AUTO_CLASSIFIED,P3,KNU 한국어 일상 표현 사전 (Naver 오픈사전),"dictionary-style only, no nuance/example yet; korean accuracy not yet human-verified (separate axis from content strategy fit)"
noereulgeochijianta-01,,뇌를 거치지 않다,ko,idiom,뇌를 거치지 않다,P1,"MEANING (inferred from content structure, not real search data)",,,뇌를 거치지 않다,To speak or act without any thought behind it.,3,2,2,2,2,2,2,AUTO_CLASSIFIED,P3,KNU 한국어 일상 표현 사전 (Naver 오픈사전),"dictionary-style only, no nuance/example yet; korean accuracy not yet human-verified (separate axis from content strategy fit)"
sumeulgoreuda-01,,숨(을) 고르다,ko,idiom,숨(을) 고르다,P1,"MEANING (inferred from content structure, not real search data)",,,숨(을) 고르다,To catch one's breath and take a brief moment to collect oneself.,3,2,2,2,2,2,2,AUTO_CLASSIFIED,P3,KNU 한국어 일상 표현 사전 (Naver 오픈사전),"dictionary-style only, no nuance/example yet; korean accuracy not yet human-verified (separate axis from content strategy fit)"
bingusegieopda-01,,빈 구석이 없다,ko,idiom,빈 구석이 없다,P1,"MEANING (inferred from content structure, not real search data)",,,빈 구석이 없다,"To be thorough and complete, without any weak points.",3,2,2,2,2,2,2,AUTO_CLASSIFIED,P3,KNU 한국어 일상 표현 사전 (Naver 오픈사전),"dictionary-style only, no nuance/example yet; korean accuracy not yet human-verified (separate axis from content strategy fit)"
matkkalnada-01,,맛깔나다,ko,idiom,맛깔나다,P1,"MEANING (inferred from content structure, not real search data)",,,맛깔나다,To have an appealing charm that draws people in.,3,2,2,2,2,2,2,AUTO_CLASSIFIED,P3,KNU 한국어 일상 표현 사전 (Naver 오픈사전),"dictionary-style only, no nuance/example yet; korean accuracy not yet human-verified (separate axis from content strategy fit)"
suwigasseda-01,,수위(가) 세다,ko,idiom,수위(가) 세다,P1,"MEANING (inferred from content structure, not real search data)",,,수위(가) 세다,"For expression (language, content) to be excessively harsh or provocative.",3,2,2,2,2,2,2,AUTO_CLASSIFIED,P3,KNU 한국어 일상 표현 사전 (Naver 오픈사전),"dictionary-style only, no nuance/example yet; korean accuracy not yet human-verified (separate axis from content strategy fit)"
byeogeulheomulda-01,,벽(을) 허물다,ko,idiom,벽(을) 허물다,P1,"MEANING (inferred from content structure, not real search data)",,,벽(을) 허물다,"To remove a barrier standing between people, becoming closer.",3,2,2,2,2,2,2,AUTO_CLASSIFIED,P3,KNU 한국어 일상 표현 사전 (Naver 오픈사전),"dictionary-style only, no nuance/example yet; korean accuracy not yet human-verified (separate axis from content strategy fit)"
byeongdeundak-01,,병든 닭,ko,idiom,병든 닭,P1,"MEANING (inferred from content structure, not real search data)",,,병든 닭,"""A sick chicken"" — describing someone who looks weak and listless.",3,2,2,2,2,2,2,AUTO_CLASSIFIED,P3,KNU 한국어 일상 표현 사전 (Naver 오픈사전),"dictionary-style only, no nuance/example yet; korean accuracy not yet human-verified (separate axis from content strategy fit)"
hyeonpireulteuda-01,,현피(를) 뜨다,ko,idiom,현피(를) 뜨다,P1,"MEANING (inferred from content structure, not real search data)",,,현피(를) 뜨다,For people who fought online to meet up in person and physically fight.,3,2,2,2,2,2,2,AUTO_CLASSIFIED,P3,KNU 한국어 일상 표현 사전 (Naver 오픈사전),"dictionary-style only, no nuance/example yet; korean accuracy not yet human-verified (separate axis from content strategy fit)"
geunal-01,,그날,ko,idiom,그날,P1,"MEANING (inferred from content structure, not real search data)",,,그날,A euphemism for the day of one's period.,3,2,2,2,2,2,2,AUTO_CLASSIFIED,P3,KNU 한국어 일상 표현 사전 (Naver 오픈사전),"dictionary-style only, no nuance/example yet; korean accuracy not yet human-verified (separate axis from content strategy fit)"
nunehwanhada-01,,눈에 훤하다,ko,idiom,눈에 훤하다,P1,"MEANING (inferred from content structure, not real search data)",,,눈에 훤하다,To be able to predict/imagine an outcome clearly in advance.,3,2,2,2,2,2,2,AUTO_CLASSIFIED,P3,KNU 한국어 일상 표현 사전 (Naver 오픈사전),"dictionary-style only, no nuance/example yet; korean accuracy not yet human-verified (separate axis from content strategy fit)"
nunekalnaleulsewuda-01,,눈에 칼날(을) 세우다,ko,idiom,눈에 칼날(을) 세우다,P1,"MEANING (inferred from content structure, not real search data)",,,눈에 칼날(을) 세우다,"To glare with sharp, hostile eyes.",3,2,2,2,2,2,2,AUTO_CLASSIFIED,P3,KNU 한국어 일상 표현 사전 (Naver 오픈사전),"dictionary-style only, no nuance/example yet; korean accuracy not yet human-verified (separate axis from content strategy fit)"
jeogyeokhada-01,,저격하다,ko,idiom,저격하다,P1,"MEANING (inferred from content structure, not real search data)",,,저격하다,"To criticize someone through words or writing, often indirectly.",3,2,2,2,2,2,2,AUTO_CLASSIFIED,P3,KNU 한국어 일상 표현 사전 (Naver 오픈사전),"dictionary-style only, no nuance/example yet; korean accuracy not yet human-verified (separate axis from content strategy fit)"
banggusegyeobo-01,,방구석 여포,ko,idiom,방구석 여포,P1,"MEANING (inferred from content structure, not real search data)",,,방구석 여포,Someone who acts tough online/in games but is meek in real life.,3,2,2,2,2,2,2,AUTO_CLASSIFIED,P3,KNU 한국어 일상 표현 사전 (Naver 오픈사전),"dictionary-style only, no nuance/example yet; korean accuracy not yet human-verified (separate axis from content strategy fit)"
ttongssibeunpyojeong-01,,똥 씹은 표정,ko,idiom,똥 씹은 표정,P1,"MEANING (inferred from content structure, not real search data)",,,똥 씹은 표정,"A sour, displeased expression, as if having eaten something disgusting.",3,2,2,2,2,2,2,AUTO_CLASSIFIED,P3,KNU 한국어 일상 표현 사전 (Naver 오픈사전),"dictionary-style only, no nuance/example yet; korean accuracy not yet human-verified (separate axis from content strategy fit)"
eongtteu-01,,엉뜨,ko,idiom,엉뜨,P1,"MEANING (inferred from content structure, not real search data)",,,엉뜨,Short for a heated car seat function.,3,2,2,2,2,2,2,AUTO_CLASSIFIED,P3,KNU 한국어 일상 표현 사전 (Naver 오픈사전),"dictionary-style only, no nuance/example yet; korean accuracy not yet human-verified (separate axis from content strategy fit)"
bijeuniseugwangye-01,,비즈니스 관계,ko,idiom,비즈니스 관계,P1,"MEANING (inferred from content structure, not real search data)",,,비즈니스 관계,A relationship formed strictly for business purposes.,3,2,2,2,2,2,2,AUTO_CLASSIFIED,P3,KNU 한국어 일상 표현 사전 (Naver 오픈사전),"dictionary-style only, no nuance/example yet; korean accuracy not yet human-verified (separate axis from content strategy fit)"
tongchok-01,,통촉,ko,idiom,통촉,P1,"MEANING (inferred from content structure, not real search data)",,,통촉,Having good instincts and judgment about a situation.,3,2,2,2,2,2,2,AUTO_CLASSIFIED,P3,KNU 한국어 일상 표현 사전 (Naver 오픈사전),"dictionary-style only, no nuance/example yet; korean accuracy not yet human-verified (separate axis from content strategy fit)"
nuisoneulteonada-01,,N의 손을 떠나다,ko,idiom,N의 손을 떠나다,P1,"MEANING (inferred from content structure, not real search data)",,,N의 손을 떠나다,For something to move beyond N's control/scope of responsibility.,3,2,2,2,2,2,2,AUTO_CLASSIFIED,P3,KNU 한국어 일상 표현 사전 (Naver 오픈사전),"dictionary-style only, no nuance/example yet; korean accuracy not yet human-verified (separate axis from content strategy fit)"
eopneunmal-01,,없는 말,ko,idiom,없는 말,P1,"MEANING (inferred from content structure, not real search data)",,,없는 말,A lie or fabricated statement.,3,2,2,2,2,2,2,AUTO_CLASSIFIED,P3,KNU 한국어 일상 표현 사전 (Naver 오픈사전),"dictionary-style only, no nuance/example yet; korean accuracy not yet human-verified (separate axis from content strategy fit)"
jeongemokmareuda-01,,정에 목마르다,ko,idiom,정에 목마르다,P1,"MEANING (inferred from content structure, not real search data)",,,정에 목마르다,To crave affection or closeness from someone.,3,2,2,2,2,2,2,AUTO_CLASSIFIED,P3,KNU 한국어 일상 표현 사전 (Naver 오픈사전),"dictionary-style only, no nuance/example yet; korean accuracy not yet human-verified (separate axis from content strategy fit)"
sangchoesogeumeulppurida-01,,상처에 소금을 뿌리다,ko,idiom,상처에 소금을 뿌리다,P1,"MEANING (inferred from content structure, not real search data)",,,상처에 소금을 뿌리다,To further hurt someone who's already suffering.,3,2,2,2,2,2,2,AUTO_CLASSIFIED,P3,KNU 한국어 일상 표현 사전 (Naver 오픈사전),"dictionary-style only, no nuance/example yet; korean accuracy not yet human-verified (separate axis from content strategy fit)"
mugegasillida-01,,무게(가) 실리다,ko,idiom,무게(가) 실리다,P1,"MEANING (inferred from content structure, not real search data)",,,무게(가) 실리다,For more weight/importance to be placed on one option over another.,3,2,2,2,2,2,2,AUTO_CLASSIFIED,P3,KNU 한국어 일상 표현 사전 (Naver 오픈사전),"dictionary-style only, no nuance/example yet; korean accuracy not yet human-verified (separate axis from content strategy fit)"
eusseureosseahada-01,,으쌰으쌰하다,ko,idiom,으쌰으쌰하다,P1,"MEANING (inferred from content structure, not real search data)",,,으쌰으쌰하다,For a group to come together in spirit and build up energetic momentum.,3,2,2,2,2,2,2,AUTO_CLASSIFIED,P3,KNU 한국어 일상 표현 사전 (Naver 오픈사전),"dictionary-style only, no nuance/example yet; korean accuracy not yet human-verified (separate axis from content strategy fit)"
yeongeobeuldanghada-01,,영업(을) 당하다,ko,idiom,영업(을) 당하다,P1,"MEANING (inferred from content structure, not real search data)",,,영업(을) 당하다,To be pressured/persuaded into buying something against one's will.,3,2,2,2,2,2,2,AUTO_CLASSIFIED,P3,KNU 한국어 일상 표현 사전 (Naver 오픈사전),"dictionary-style only, no nuance/example yet; korean accuracy not yet human-verified (separate axis from content strategy fit)"
nuimunteogeulbatda-01,,N의 문턱을 밟다,ko,idiom,N의 문턱을 밟다,P1,"MEANING (inferred from content structure, not real search data)",,,N의 문턱을 밟다,To be on the verge of entering/starting N.,3,2,2,2,2,2,2,AUTO_CLASSIFIED,P3,KNU 한국어 일상 표현 사전 (Naver 오픈사전),"dictionary-style only, no nuance/example yet; korean accuracy not yet human-verified (separate axis from content strategy fit)"
hobulhogaeopda-01,,호불호(가) 없다,ko,idiom,호불호(가) 없다,P1,"MEANING (inferred from content structure, not real search data)",,,호불호(가) 없다,"To be liked by everyone, without exception.",3,2,2,2,2,2,2,AUTO_CLASSIFIED,P3,KNU 한국어 일상 표현 사전 (Naver 오픈사전),"dictionary-style only, no nuance/example yet; korean accuracy not yet human-verified (separate axis from content strategy fit)"
ppyeoreulttaerida-01,,뼈(를) 때리다,ko,idiom,뼈(를) 때리다,P1,"MEANING (inferred from content structure, not real search data)",,,뼈(를) 때리다,"To point out a hard, uncomfortable truth someone wanted to avoid facing.",3,2,2,2,2,2,2,AUTO_CLASSIFIED,P3,KNU 한국어 일상 표현 사전 (Naver 오픈사전),"dictionary-style only, no nuance/example yet; korean accuracy not yet human-verified (separate axis from content strategy fit)"
bissangeoreumeulhada-01,,비싼 걸음(을) 하다,ko,idiom,비싼 걸음(을) 하다,P1,"MEANING (inferred from content structure, not real search data)",,,비싼 걸음(을) 하다,To make a trip somewhere despite it not really being necessary or worthwhile.,3,2,2,2,2,2,2,AUTO_CLASSIFIED,P3,KNU 한국어 일상 표현 사전 (Naver 오픈사전),"dictionary-style only, no nuance/example yet; korean accuracy not yet human-verified (separate axis from content strategy fit)"
hansugareuchida-01,,한 수 가르치다,ko,idiom,한 수 가르치다,P1,"MEANING (inferred from content structure, not real search data)",,,한 수 가르치다,To teach someone a needed skill/method.,3,2,2,2,2,2,2,AUTO_CLASSIFIED,P3,KNU 한국어 일상 표현 사전 (Naver 오픈사전),"dictionary-style only, no nuance/example yet; korean accuracy not yet human-verified (separate axis from content strategy fit)"
gagyeogisayakhada-01,,가격이 사악하다,ko,idiom,가격이 사악하다,P1,"MEANING (inferred from content structure, not real search data)",,,가격이 사악하다,For a price to be outrageously excessive.,3,2,2,2,2,2,2,AUTO_CLASSIFIED,P3,KNU 한국어 일상 표현 사전 (Naver 오픈사전),"dictionary-style only, no nuance/example yet; korean accuracy not yet human-verified (separate axis from content strategy fit)"
darimiteseojuwioda-01,,다리 밑에서 주위 오다,ko,idiom,다리 밑에서 주위 오다,P1,"MEANING (inferred from content structure, not real search data)",,,다리 밑에서 주위 오다,"A joking line telling a child they were found under a bridge, not born to their parents.",3,2,2,2,2,2,2,AUTO_CLASSIFIED,P3,KNU 한국어 일상 표현 사전 (Naver 오픈사전),"dictionary-style only, no nuance/example yet; korean accuracy not yet human-verified (separate axis from content strategy fit)"
pungpareulgyeokda-01,,풍파(를) 겪다,ko,idiom,풍파(를) 겪다,P1,"MEANING (inferred from content structure, not real search data)",,,풍파(를) 겪다,"To go through hardship, mental or physical.",3,2,2,2,2,2,2,AUTO_CLASSIFIED,P3,KNU 한국어 일상 표현 사전 (Naver 오픈사전),"dictionary-style only, no nuance/example yet; korean accuracy not yet human-verified (separate axis from content strategy fit)"
ibigabyeopda-01,,입이 가볍다,ko,idiom,입이 가볍다,P1,"MEANING (inferred from content structure, not real search data)",,,입이 가볍다,"To be unable to keep secrets, easily sharing others' private matters.",3,2,2,2,2,2,2,AUTO_CLASSIFIED,P3,KNU 한국어 일상 표현 사전 (Naver 오픈사전),"dictionary-style only, no nuance/example yet; korean accuracy not yet human-verified (separate axis from content strategy fit)"
samdaegadeogeulssahayamyeoncanhada-01,,삼대가 덕을 쌓아야 V-(으)ㄹ 수 있다,ko,idiom,삼대가 덕을 쌓아야 V-(으)ㄹ 수 있다,P1,"MEANING (inferred from content structure, not real search data)",,,삼대가 덕을 쌓아야 V-(으)ㄹ 수 있다,A wonderful stroke of luck requires three generations' worth of accumulated good deeds.,3,2,2,2,2,2,2,AUTO_CLASSIFIED,P3,KNU 한국어 일상 표현 사전 (Naver 오픈사전),"dictionary-style only, no nuance/example yet; korean accuracy not yet human-verified (separate axis from content strategy fit)"
gwedoreulbeoteonada-01,,궤도(를) 벗어나다,ko,idiom,궤도(를) 벗어나다,P1,"MEANING (inferred from content structure, not real search data)",,,궤도(를) 벗어나다,To stray from the proper/intended path or direction.,3,2,2,2,2,2,2,AUTO_CLASSIFIED,P3,KNU 한국어 일상 표현 사전 (Naver 오픈사전),"dictionary-style only, no nuance/example yet; korean accuracy not yet human-verified (separate axis from content strategy fit)"
sumyeonwirooollaoda-01,,수면 위로 올라오다,ko,idiom,수면 위로 올라오다,P1,"MEANING (inferred from content structure, not real search data)",,,수면 위로 올라오다,"Figuratively, for an ignored issue to come to public attention.",3,2,2,2,2,2,2,AUTO_CLASSIFIED,P3,KNU 한국어 일상 표현 사전 (Naver 오픈사전),"dictionary-style only, no nuance/example yet; korean accuracy not yet human-verified (separate axis from content strategy fit)"
saenggagijjalpda-01,,생각(이) 짧다,ko,idiom,생각(이) 짧다,P1,"MEANING (inferred from content structure, not real search data)",,,생각(이) 짧다,"To act without careful judgment, thoughtlessly.",3,2,2,2,2,2,2,AUTO_CLASSIFIED,P3,KNU 한국어 일상 표현 사전 (Naver 오픈사전),"dictionary-style only, no nuance/example yet; korean accuracy not yet human-verified (separate axis from content strategy fit)"
saenggagieopda-01,,생각(이) 없다,ko,idiom,생각(이) 없다,P1,"MEANING (inferred from content structure, not real search data)",,,생각(이) 없다,"For words/behavior to be unreasonable, showing a lack of common sense.",3,2,2,2,2,2,2,AUTO_CLASSIFIED,P3,KNU 한국어 일상 표현 사전 (Naver 오픈사전),"dictionary-style only, no nuance/example yet; korean accuracy not yet human-verified (separate axis from content strategy fit)"
ireotahal-n-01,,이렇다 할 N,ko,idiom,이렇다 할 N,P1,"MEANING (inferred from content structure, not real search data)",,,이렇다 할 N,"""Nothing you could really call N"" — used with a negative to say nothing noteworthy applies.",3,2,2,2,2,2,2,AUTO_CLASSIFIED,P3,KNU 한국어 일상 표현 사전 (Naver 오픈사전),"dictionary-style only, no nuance/example yet; korean accuracy not yet human-verified (separate axis from content strategy fit)"
neibeunibigonaeibeunjudungina-01,,네 입은 입이고 내 입은 주둥이냐,ko,idiom,네 입은 입이고 내 입은 주둥이냐,P1,"MEANING (inferred from content structure, not real search data)",,,네 입은 입이고 내 입은 주둥이냐,"A complaint that only your own opinion is dismissed while others get heard, despite both simply speaking.",3,2,2,2,2,2,2,AUTO_CLASSIFIED,P3,KNU 한국어 일상 표현 사전 (Naver 오픈사전),"dictionary-style only, no nuance/example yet; korean accuracy not yet human-verified (separate axis from content strategy fit)"
ppaldaereulkkotda-01,,빨대(를) 꽂다,ko,idiom,빨대(를) 꽂다,P1,"MEANING (inferred from content structure, not real search data)",,,빨대(를) 꽂다,"Figuratively, to exploit and profit unfairly from someone else's success.",3,2,2,2,2,2,2,AUTO_CLASSIFIED,P3,KNU 한국어 일상 표현 사전 (Naver 오픈사전),"dictionary-style only, no nuance/example yet; korean accuracy not yet human-verified (separate axis from content strategy fit)"
sagyeongeulneomnadeulda-01,,사경(을) 넘나들다,ko,idiom,사경(을) 넘나들다,P1,"MEANING (inferred from content structure, not real search data)",,,사경(을) 넘나들다,To hover on the brink of death.,3,2,2,2,2,2,2,AUTO_CLASSIFIED,P3,KNU 한국어 일상 표현 사전 (Naver 오픈사전),"dictionary-style only, no nuance/example yet; korean accuracy not yet human-verified (separate axis from content strategy fit)"
jeonmyeonjeoneulpyeolchida-01,,전면전(을) 펼치다,ko,idiom,전면전(을) 펼치다,P1,"MEANING (inferred from content structure, not real search data)",,,전면전(을) 펼치다,"To go all-in on a full-scale confrontation, holding nothing back.",3,2,2,2,2,2,2,AUTO_CLASSIFIED,P3,KNU 한국어 일상 표현 사전 (Naver 오픈사전),"dictionary-style only, no nuance/example yet; korean accuracy not yet human-verified (separate axis from content strategy fit)"
mareulakkida-01,,말을 아끼다,ko,idiom,말을 아끼다,P1,"MEANING (inferred from content structure, not real search data)",,,말을 아끼다,To be careful and sparing about what one says.,3,2,2,2,2,2,2,AUTO_CLASSIFIED,P3,KNU 한국어 일상 표현 사전 (Naver 오픈사전),"dictionary-style only, no nuance/example yet; korean accuracy not yet human-verified (separate axis from content strategy fit)"
suwiganopda-01,,수위(가) 높다,ko,idiom,수위(가) 높다,P1,"MEANING (inferred from content structure, not real search data)",,,수위(가) 높다,For the level of provocative/harsh content in speech to be very high.,3,2,2,2,2,2,2,AUTO_CLASSIFIED,P3,KNU 한국어 일상 표현 사전 (Naver 오픈사전),"dictionary-style only, no nuance/example yet; korean accuracy not yet human-verified (separate axis from content strategy fit)"
myeonisoda-01,,면이 서다,ko,idiom,면이 서다,P1,"MEANING (inferred from content structure, not real search data)",,,면이 서다,To not lose face in front of others.,3,2,2,2,2,2,2,AUTO_CLASSIFIED,P3,KNU 한국어 일상 표현 사전 (Naver 오픈사전),"dictionary-style only, no nuance/example yet; korean accuracy not yet human-verified (separate axis from content strategy fit)"
yuchibbongjjak-01,,유치 뽕짝,ko,idiom,유치 뽕짝,P1,"MEANING (inferred from content structure, not real search data)",,,유치 뽕짝,Describes something so unsophisticated it's embarrassingly obvious.,3,2,2,2,2,2,2,AUTO_CLASSIFIED,P3,KNU 한국어 일상 표현 사전 (Naver 오픈사전),"dictionary-style only, no nuance/example yet; korean accuracy not yet human-verified (separate axis from content strategy fit)"
chuimsaereulneota-01,,추임새(를) 넣다,ko,idiom,추임새(를) 넣다,P1,"MEANING (inferred from content structure, not real search data)",,,추임새(를) 넣다,"To insert a rhythmic vocal cue to encourage a singer, or add supportive interjections in conversation.",3,2,2,2,2,2,2,AUTO_CLASSIFIED,P3,KNU 한국어 일상 표현 사전 (Naver 오픈사전),"dictionary-style only, no nuance/example yet; korean accuracy not yet human-verified (separate axis from content strategy fit)"
taensyeonihopda-01,,텐션(이) 높다,ko,idiom,텐션(이) 높다,P1,"MEANING (inferred from content structure, not real search data)",,,텐션(이) 높다,"To be in an excited, high-energy state.",3,2,2,2,2,2,2,AUTO_CLASSIFIED,P3,KNU 한국어 일상 표현 사전 (Naver 오픈사전),"dictionary-style only, no nuance/example yet; korean accuracy not yet human-verified (separate axis from content strategy fit)"
gireogisoehada-01,,기력이 쇠하다,ko,idiom,기력이 쇠하다,P1,"MEANING (inferred from content structure, not real search data)",,,기력이 쇠하다,For one's stamina/vitality to weaken.,3,2,2,2,2,2,2,AUTO_CLASSIFIED,P3,KNU 한국어 일상 표현 사전 (Naver 오픈사전),"dictionary-style only, no nuance/example yet; korean accuracy not yet human-verified (separate axis from content strategy fit)"
jjolbo-01,,쫄보,ko,idiom,쫄보,P1,"MEANING (inferred from content structure, not real search data)",,,쫄보,A term for someone who's very timid/fearful.,3,2,2,2,2,2,2,AUTO_CLASSIFIED,P3,KNU 한국어 일상 표현 사전 (Naver 오픈사전),"dictionary-style only, no nuance/example yet; korean accuracy not yet human-verified (separate axis from content strategy fit)"
apbakmyeonjeop-01,,압박 면접,ko,idiom,압박 면접,P1,"MEANING (inferred from content structure, not real search data)",,,압박 면접,A stressful job interview format designed to deliberately provoke and test a candidate's composure.,3,2,2,2,2,2,2,AUTO_CLASSIFIED,P3,KNU 한국어 일상 표현 사전 (Naver 오픈사전),"dictionary-style only, no nuance/example yet; korean accuracy not yet human-verified (separate axis from content strategy fit)"
yeyakbudo-01,,예약 부도,ko,idiom,예약 부도,P1,"MEANING (inferred from content structure, not real search data)",,,예약 부도,A no-show — canceling or failing to appear for a reservation without proper notice.,3,2,2,2,2,2,2,AUTO_CLASSIFIED,P3,KNU 한국어 일상 표현 사전 (Naver 오픈사전),"dictionary-style only, no nuance/example yet; korean accuracy not yet human-verified (separate axis from content strategy fit)"
sonpumeulpalda-01,,손품(을) 팔다,ko,idiom,손품(을) 팔다,P1,"MEANING (inferred from content structure, not real search data)",,,손품(을) 팔다,To put in the effort of searching online for information.,3,2,2,2,2,2,2,AUTO_CLASSIFIED,P3,KNU 한국어 일상 표현 사전 (Naver 오픈사전),"dictionary-style only, no nuance/example yet; korean accuracy not yet human-verified (separate axis from content strategy fit)"
ipgimiseda-01,,입김이 세다,ko,idiom,입김이 세다,P1,"MEANING (inferred from content structure, not real search data)",,,입김이 세다,To have significant influence over a person or group.,3,2,2,2,2,2,2,AUTO_CLASSIFIED,P3,KNU 한국어 일상 표현 사전 (Naver 오픈사전),"dictionary-style only, no nuance/example yet; korean accuracy not yet human-verified (separate axis from content strategy fit)"
deurideupeuleulchida-01,,드립(을) 치다,ko,idiom,드립(을) 치다,P1,"MEANING (inferred from content structure, not real search data)",,,드립(을) 치다,"To make a joke, often for comedic effect.",3,2,2,2,2,2,2,AUTO_CLASSIFIED,P3,KNU 한국어 일상 표현 사전 (Naver 오픈사전),"dictionary-style only, no nuance/example yet; korean accuracy not yet human-verified (separate axis from content strategy fit)"
saneultada-01,,산(을) 타다,ko,idiom,산(을) 타다,P1,"MEANING (inferred from content structure, not real search data)",,,산(을) 타다,To go hiking/climbing directly on a mountain.,3,2,2,2,2,2,2,AUTO_CLASSIFIED,P3,KNU 한국어 일상 표현 사전 (Naver 오픈사전),"dictionary-style only, no nuance/example yet; korean accuracy not yet human-verified (separate axis from content strategy fit)"
meorigeomeunjimseungeungeodurogeajaninda-01,,머리 검은 짐승은 거두는 게 아니다,ko,idiom,머리 검은 짐승은 거두는 게 아니다,P1,"MEANING (inferred from content structure, not real search data)",,,머리 검은 짐승은 거두는 게 아니다,Warns that helping/taking in an ungrateful person often leads to being repaid poorly.,3,2,2,2,2,2,2,AUTO_CLASSIFIED,P3,KNU 한국어 일상 표현 사전 (Naver 오픈사전),"dictionary-style only, no nuance/example yet; korean accuracy not yet human-verified (separate axis from content strategy fit)"
goseongioagada-01,,고성이 오가다,ko,idiom,고성이 오가다,P1,"MEANING (inferred from content structure, not real search data)",,,고성이 오가다,"For loud, angry shouting to be exchanged between people.",3,2,2,2,2,2,2,AUTO_CLASSIFIED,P3,KNU 한국어 일상 표현 사전 (Naver 오픈사전),"dictionary-style only, no nuance/example yet; korean accuracy not yet human-verified (separate axis from content strategy fit)"
darigigiulda-01,,달이 기울다,ko,idiom,달이 기울다,P1,"MEANING (inferred from content structure, not real search data)",,,달이 기울다,"For the moon to wane, moving into its later phase.",3,2,2,2,2,2,2,AUTO_CLASSIFIED,P3,KNU 한국어 일상 표현 사전 (Naver 오픈사전),"dictionary-style only, no nuance/example yet; korean accuracy not yet human-verified (separate axis from content strategy fit)"
panini-01,,파니니,ko,idiom,파니니,P1,"MEANING (inferred from content structure, not real search data)",,,파니니,A sandwich made by simply layering ingredients like cheese and ham between two pieces of bread.,3,2,2,2,2,2,2,AUTO_CLASSIFIED,P3,KNU 한국어 일상 표현 사전 (Naver 오픈사전),"dictionary-style only, no nuance/example yet; korean accuracy not yet human-verified (separate axis from content strategy fit)"
yeoreumgamgineungaedoangeollinda-01,,여름 감기는 개도 안 걸린다,ko,idiom,여름 감기는 개도 안 걸린다,P1,"MEANING (inferred from content structure, not real search data)",,,여름 감기는 개도 안 걸린다,"Mocking someone for catching a cold in summer, when it's supposedly so rare not even a dog gets one.",3,2,2,2,2,2,2,AUTO_CLASSIFIED,P3,KNU 한국어 일상 표현 사전 (Naver 오픈사전),"dictionary-style only, no nuance/example yet; korean accuracy not yet human-verified (separate axis from content strategy fit)"
morebate-baneulchatgi-01,,모래밭에서 바늘 찾기,ko,idiom,모래밭에서 바늘 찾기,P1,"MEANING (inferred from content structure, not real search data)",,,모래밭에서 바늘 찾기,"""Looking for a needle in a sandy field"" — an almost impossible task.",3,2,2,2,2,2,2,AUTO_CLASSIFIED,P3,KNU 한국어 일상 표현 사전 (Naver 오픈사전),"dictionary-style only, no nuance/example yet; korean accuracy not yet human-verified (separate axis from content strategy fit)"
gamijota-01,,감이 좋다,ko,idiom,감이 좋다,P1,"MEANING (inferred from content structure, not real search data)",,,감이 좋다,To have good intuition about how a situation will turn out.,3,2,2,2,2,2,2,AUTO_CLASSIFIED,P3,KNU 한국어 일상 표현 사전 (Naver 오픈사전),"dictionary-style only, no nuance/example yet; korean accuracy not yet human-verified (separate axis from content strategy fit)"
byeolmalsseumeuryo-01,,별말씀을요,ko,idiom,별말씀을요,P1,"MEANING (inferred from content structure, not real search data)",,,별말씀을요,A modest reply brushing off someone's thanks or compliment.,3,2,2,2,2,2,2,AUTO_CLASSIFIED,P3,KNU 한국어 일상 표현 사전 (Naver 오픈사전),"dictionary-style only, no nuance/example yet; korean accuracy not yet human-verified (separate axis from content strategy fit)"
ttangikkeojida-01,,땅이 꺼지다,ko,idiom,땅이 꺼지다,P1,"MEANING (inferred from content structure, not real search data)",,,땅이 꺼지다,To sigh so heavily and deeply it's as if the ground itself sinks.,3,2,2,2,2,2,2,AUTO_CLASSIFIED,P3,KNU 한국어 일상 표현 사전 (Naver 오픈사전),"dictionary-style only, no nuance/example yet; korean accuracy not yet human-verified (separate axis from content strategy fit)"
gakbeoneopsdeurama-01,,각본 없는 드라마,ko,idiom,각본 없는 드라마,P1,"MEANING (inferred from content structure, not real search data)",,,각본 없는 드라마,"""An unscripted drama"" — a real-life event so dramatic it seems written for TV.",3,2,2,2,2,2,2,AUTO_CLASSIFIED,P3,KNU 한국어 일상 표현 사전 (Naver 오픈사전),"dictionary-style only, no nuance/example yet; korean accuracy not yet human-verified (separate axis from content strategy fit)"
banggwireuljomkkwida-01,,방귀(를) 좀 뀌다,ko,idiom,방귀(를) 좀 뀌다,P1,"MEANING (inferred from content structure, not real search data)",,,방귀(를) 좀 뀌다,"Figuratively, to be somewhat accomplished or influential in a field.",3,2,2,2,2,2,2,AUTO_CLASSIFIED,P3,KNU 한국어 일상 표현 사전 (Naver 오픈사전),"dictionary-style only, no nuance/example yet; korean accuracy not yet human-verified (separate axis from content strategy fit)"
deungekaleulkkotda-01,,등에 칼(을) 꽂다,ko,idiom,등에 칼(을) 꽂다,P1,"MEANING (inferred from content structure, not real search data)",,,등에 칼(을) 꽂다,To betray someone who had trusted you.,3,2,2,2,2,2,2,AUTO_CLASSIFIED,P3,KNU 한국어 일상 표현 사전 (Naver 오픈사전),"dictionary-style only, no nuance/example yet; korean accuracy not yet human-verified (separate axis from content strategy fit)"
simsagakkoida-01,,심사(가) 꼬이다,ko,idiom,심사(가) 꼬이다,P1,"MEANING (inferred from content structure, not real search data)",,,심사(가) 꼬이다,For one's mood/attitude to turn sour and stubborn.,3,2,2,2,2,2,2,AUTO_CLASSIFIED,P3,KNU 한국어 일상 표현 사전 (Naver 오픈사전),"dictionary-style only, no nuance/example yet; korean accuracy not yet human-verified (separate axis from content strategy fit)"
indieonbojoge-01,,인디언 보조개,ko,idiom,인디언 보조개,P1,"MEANING (inferred from content structure, not real search data)",,,인디언 보조개,"A scar near the mouth from a childhood fall, resembling a permanent dimple.",3,2,2,2,2,2,2,AUTO_CLASSIFIED,P3,KNU 한국어 일상 표현 사전 (Naver 오픈사전),"dictionary-style only, no nuance/example yet; korean accuracy not yet human-verified (separate axis from content strategy fit)"
dongjeonuiyangmyeon-01,,동전의 양면,ko,idiom,동전의 양면,P1,"MEANING (inferred from content structure, not real search data)",,,동전의 양면,"""Two sides of a coin"" — two contrasting traits that coexist within the same thing.",3,2,2,2,2,2,2,AUTO_CLASSIFIED,P3,KNU 한국어 일상 표현 사전 (Naver 오픈사전),"dictionary-style only, no nuance/example yet; korean accuracy not yet human-verified (separate axis from content strategy fit)"
jamjaneunsajauikotereuleulgeondeurida-01,,잠자는 사자의 코털을 건드리다,ko,idiom,잠자는 사자의 코털을 건드리다,P1,"MEANING (inferred from content structure, not real search data)",,,잠자는 사자의 코털을 건드리다,To needlessly provoke someone who would otherwise have left things alone.,3,2,2,2,2,2,2,AUTO_CLASSIFIED,P3,KNU 한국어 일상 표현 사전 (Naver 오픈사전),"dictionary-style only, no nuance/example yet; korean accuracy not yet human-verified (separate axis from content strategy fit)"
dongnegaedomanwonjjarimulgodaninda-01,,동네 개도 만 원짜리 물고 다닌다,ko,idiom,동네 개도 만 원짜리 물고 다닌다,P1,"MEANING (inferred from content structure, not real search data)",,,동네 개도 만 원짜리 물고 다닌다,"When money is flowing freely (an economic boom), even trivial things seem to have plenty of it.",3,2,2,2,2,2,2,AUTO_CLASSIFIED,P3,KNU 한국어 일상 표현 사전 (Naver 오픈사전),"dictionary-style only, no nuance/example yet; korean accuracy not yet human-verified (separate axis from content strategy fit)"
murisureuldudda-01,,무리수(를) 두다,ko,idiom,무리수(를) 두다,P1,"MEANING (inferred from content structure, not real search data)",,,무리수(를) 두다,To take a reckless action that's hard to sustain or justify.,3,2,2,2,2,2,2,AUTO_CLASSIFIED,P3,KNU 한국어 일상 표현 사전 (Naver 오픈사전),"dictionary-style only, no nuance/example yet; korean accuracy not yet human-verified (separate axis from content strategy fit)"
baealdoeopda-01,,배알도 없다,ko,idiom,배알도 없다,P1,"MEANING (inferred from content structure, not real search data)",,,배알도 없다,"To lack any self-respect/dignity, willing to lower oneself for others' approval.",3,2,2,2,2,2,2,AUTO_CLASSIFIED,P3,KNU 한국어 일상 표현 사전 (Naver 오픈사전),"dictionary-style only, no nuance/example yet; korean accuracy not yet human-verified (separate axis from content strategy fit)"
daejayeonuinal-01,,대자연의 날,ko,idiom,대자연의 날,P1,"MEANING (inferred from content structure, not real search data)",,,대자연의 날,A euphemism for the day of a woman's period.,3,2,2,2,2,2,2,AUTO_CLASSIFIED,P3,KNU 한국어 일상 표현 사전 (Naver 오픈사전),"dictionary-style only, no nuance/example yet; korean accuracy not yet human-verified (separate axis from content strategy fit)"
sutgarageulieonda-01,,숟가락(을) 얹다,ko,idiom,숟가락(을) 얹다,P1,"MEANING (inferred from content structure, not real search data)",,,숟가락(을) 얹다,To take credit for or benefit from someone else's effort without having contributed.,3,2,2,2,2,2,2,AUTO_CLASSIFIED,P3,KNU 한국어 일상 표현 사전 (Naver 오픈사전),"dictionary-style only, no nuance/example yet; korean accuracy not yet human-verified (separate axis from content strategy fit)"
ibissada-01,,입(이) 싸다,ko,idiom,입(이) 싸다,P1,"MEANING (inferred from content structure, not real search data)",,,입(이) 싸다,"To be unable to keep a secret, blabbing it to others easily.",3,2,2,2,2,2,2,AUTO_CLASSIFIED,P3,KNU 한국어 일상 표현 사전 (Naver 오픈사전),"dictionary-style only, no nuance/example yet; korean accuracy not yet human-verified (separate axis from content strategy fit)"
cheotbareulnaeditda-01,,첫발(을) 내딛다,ko,idiom,첫발(을) 내딛다,P1,"MEANING (inferred from content structure, not real search data)",,,첫발(을) 내딛다,To take the first step in starting something.,3,2,2,2,2,2,2,AUTO_CLASSIFIED,P3,KNU 한국어 일상 표현 사전 (Naver 오픈사전),"dictionary-style only, no nuance/example yet; korean accuracy not yet human-verified (separate axis from content strategy fit)"
sanjeonsujeongongjungjeon-01,,산전수전 공중전,ko,idiom,산전수전 공중전,P1,"MEANING (inferred from content structure, not real search data)",,,산전수전 공중전,"""Battles on land, sea, and air"" — having gone through every kind of hardship there is.",3,2,2,2,2,2,2,AUTO_CLASSIFIED,P3,KNU 한국어 일상 표현 사전 (Naver 오픈사전),"dictionary-style only, no nuance/example yet; korean accuracy not yet human-verified (separate axis from content strategy fit)"
yeolbeonjjigeoannomeogaseunamueopda-01,,열 번 찍어 안 넘어가는 나무 없다,ko,idiom,열 번 찍어 안 넘어가는 나무 없다,P1,"MEANING (inferred from content structure, not real search data)",,,열 번 찍어 안 넘어가는 나무 없다,Persistent effort will eventually win over even the most reluctant person.,3,2,2,2,2,2,2,AUTO_CLASSIFIED,P3,KNU 한국어 일상 표현 사전 (Naver 오픈사전),"dictionary-style only, no nuance/example yet; korean accuracy not yet human-verified (separate axis from content strategy fit)"
suryeonge-ppajida-01,,수렁에 빠지다,ko,idiom,수렁에 빠지다,P1,"MEANING (inferred from content structure, not real search data)",,,수렁에 빠지다,To be stuck in a difficult situation with no way out.,3,2,2,2,2,2,2,AUTO_CLASSIFIED,P3,KNU 한국어 일상 표현 사전 (Naver 오픈사전),"dictionary-style only, no nuance/example yet; korean accuracy not yet human-verified (separate axis from content strategy fit)"
baesujineulchida-01,,배수진(을) 치다,ko,idiom,배수진(을) 치다,P1,"MEANING (inferred from content structure, not real search data)",,,배수진(을) 치다,"To commit fully to something with no way to retreat, staking everything on it.",3,2,2,2,2,2,2,AUTO_CLASSIFIED,P3,KNU 한국어 일상 표현 사전 (Naver 오픈사전),"dictionary-style only, no nuance/example yet; korean accuracy not yet human-verified (separate axis from content strategy fit)"
geubapegeunamul-01,,그 밥에 그 나물,ko,idiom,그 밥에 그 나물,P1,"MEANING (inferred from content structure, not real search data)",,,그 밥에 그 나물,"Describes things/people that are similarly mediocre, matched to each other.",3,2,2,2,2,2,2,AUTO_CLASSIFIED,P3,KNU 한국어 일상 표현 사전 (Naver 오픈사전),"dictionary-style only, no nuance/example yet; korean accuracy not yet human-verified (separate axis from content strategy fit)"
tteutajianke-01,,뜻하지 않게,ko,idiom,뜻하지 않게,P1,"MEANING (inferred from content structure, not real search data)",,,뜻하지 않게,"""Unexpectedly"" — something happening contrary to what was anticipated.",3,2,2,2,2,2,2,AUTO_CLASSIFIED,P3,KNU 한국어 일상 표현 사전 (Naver 오픈사전),"dictionary-style only, no nuance/example yet; korean accuracy not yet human-verified (separate axis from content strategy fit)"
jeongchineunsaengmurida-01,,정치는 생물이다,ko,idiom,정치는 생물이다,P1,"MEANING (inferred from content structure, not real search data)",,,정치는 생물이다,"""Politics is a living thing"" — political dynamics change so unpredictably that they defy easy prediction.",3,2,2,2,2,2,2,AUTO_CLASSIFIED,P3,KNU 한국어 일상 표현 사전 (Naver 오픈사전),"dictionary-style only, no nuance/example yet; korean accuracy not yet human-verified (separate axis from content strategy fit)"
hanmadidoanjida-01,,한 마디도 안 지다,ko,idiom,한 마디도 안 지다,P1,"MEANING (inferred from content structure, not real search data)",,,한 마디도 안 지다,"To argue back every single time the other person speaks, never backing down.",3,2,2,2,2,2,2,AUTO_CLASSIFIED,P3,KNU 한국어 일상 표현 사전 (Naver 오픈사전),"dictionary-style only, no nuance/example yet; korean accuracy not yet human-verified (separate axis from content strategy fit)"
nwianseureulpunggida-01,,뉘앙스(를) 풍기다,ko,idiom,뉘앙스(를) 풍기다,P1,"MEANING (inferred from content structure, not real search data)",,,뉘앙스(를) 풍기다,To give off a certain vibe or subtle impression.,3,2,2,2,2,2,2,AUTO_CLASSIFIED,P3,KNU 한국어 일상 표현 사전 (Naver 오픈사전),"dictionary-style only, no nuance/example yet; korean accuracy not yet human-verified (separate axis from content strategy fit)"
saenggageulkkeokda-02,,생각(을) 꺾다,ko,idiom,생각(을) 꺾다,P1,"MEANING (inferred from content structure, not real search data)",,,생각(을) 꺾다,"To fail to properly express one's own opinion or feelings, backing down instead.",3,2,2,2,2,2,2,AUTO_CLASSIFIED,P3,KNU 한국어 일상 표현 사전 (Naver 오픈사전),"dictionary-style only, no nuance/example yet; korean accuracy not yet human-verified (separate axis from content strategy fit)"
bonbogirosamda-01,,본보기(로) 삼다,ko,idiom,본보기(로) 삼다,P1,"MEANING (inferred from content structure, not real search data)",,,본보기(로) 삼다,To take something as a model or example to learn from.,3,2,2,2,2,2,2,AUTO_CLASSIFIED,P3,KNU 한국어 일상 표현 사전 (Naver 오픈사전),"dictionary-style only, no nuance/example yet; korean accuracy not yet human-verified (separate axis from content strategy fit)"
aegyoida-01,,애교(이)다,ko,idiom,애교(이)다,P1,"MEANING (inferred from content structure, not real search data)",,,애교(이)다,Describes a fault so minor it's easily overlooked or even endearing.,3,2,2,2,2,2,2,AUTO_CLASSIFIED,P3,KNU 한국어 일상 표현 사전 (Naver 오픈사전),"dictionary-style only, no nuance/example yet; korean accuracy not yet human-verified (separate axis from content strategy fit)"
ipgukeot-01,,입구 컷,ko,idiom,입구 컷,P1,"MEANING (inferred from content structure, not real search data)",,,입구 컷,"Being turned away right at the entrance, before even getting a chance.",3,2,2,2,2,2,2,AUTO_CLASSIFIED,P3,KNU 한국어 일상 표현 사전 (Naver 오픈사전),"dictionary-style only, no nuance/example yet; korean accuracy not yet human-verified (separate axis from content strategy fit)"
choehuuikadeu-01,,최후의 카드,ko,idiom,최후의 카드,P1,"MEANING (inferred from content structure, not real search data)",,,최후의 카드,"A last resort, the final option used to resolve a matter.",3,2,2,2,2,2,2,AUTO_CLASSIFIED,P3,KNU 한국어 일상 표현 사전 (Naver 오픈사전),"dictionary-style only, no nuance/example yet; korean accuracy not yet human-verified (separate axis from content strategy fit)"
kiseureulgalgida-01,,키스(를) 갈기다,ko,idiom,키스(를) 갈기다,P1,"MEANING (inferred from content structure, not real search data)",,,키스(를) 갈기다,"Informally, to kiss someone repeatedly.",3,2,2,2,2,2,2,AUTO_CLASSIFIED,P3,KNU 한국어 일상 표현 사전 (Naver 오픈사전),"dictionary-style only, no nuance/example yet; korean accuracy not yet human-verified (separate axis from content strategy fit)"
mutjidomalgo-01,,묻지도 말고,ko,idiom,묻지도 말고,P1,"MEANING (inferred from content structure, not real search data)",,,묻지도 말고,"""Don't even ask, just..."" — telling someone to do something without questioning it.",3,2,2,2,2,2,2,AUTO_CLASSIFIED,P3,KNU 한국어 일상 표현 사전 (Naver 오픈사전),"dictionary-style only, no nuance/example yet; korean accuracy not yet human-verified (separate axis from content strategy fit)"
dolgetda-01,,돌겠다,ko,idiom,돌겠다,P1,"MEANING (inferred from content structure, not real search data)",,,돌겠다,"""I'm about to lose it"" — expressing extreme frustration.",3,2,2,2,2,2,2,AUTO_CLASSIFIED,P3,KNU 한국어 일상 표현 사전 (Naver 오픈사전),"dictionary-style only, no nuance/example yet; korean accuracy not yet human-verified (separate axis from content strategy fit)"
naemaeumgatjianta-01,,내 마음 같지 않다,ko,idiom,내 마음 같지 않다,P1,"MEANING (inferred from content structure, not real search data)",,,내 마음 같지 않다,For a result to fall short of what one hoped for or expected.,3,2,2,2,2,2,2,AUTO_CLASSIFIED,P3,KNU 한국어 일상 표현 사전 (Naver 오픈사전),"dictionary-style only, no nuance/example yet; korean accuracy not yet human-verified (separate axis from content strategy fit)"
gurida-01,,구리다,ko,idiom,구리다,P1,"MEANING (inferred from content structure, not real search data)",,,구리다,For something to not meet a certain standard and thus feel unsatisfying.,3,2,2,2,2,2,2,AUTO_CLASSIFIED,P3,KNU 한국어 일상 표현 사전 (Naver 오픈사전),"dictionary-style only, no nuance/example yet; korean accuracy not yet human-verified (separate axis from content strategy fit)"
insaengipida-01,,인생(이) 피다,ko,idiom,인생(이) 피다,P1,"MEANING (inferred from content structure, not real search data)",,,인생(이) 피다,To escape hardship and start doing well.,3,2,2,2,2,2,2,AUTO_CLASSIFIED,P3,KNU 한국어 일상 표현 사전 (Naver 오픈사전),"dictionary-style only, no nuance/example yet; korean accuracy not yet human-verified (separate axis from content strategy fit)"
eopseotdeongeoseurohada-02,,없었던 것으로 하다,ko,idiom,없었던 것으로 하다,P1,"MEANING (inferred from content structure, not real search data)",,,없었던 것으로 하다,To roll back an already-decided matter to how it was before.,3,2,2,2,2,2,2,AUTO_CLASSIFIED,P3,KNU 한국어 일상 표현 사전 (Naver 오픈사전),"dictionary-style only, no nuance/example yet; korean accuracy not yet human-verified (separate axis from content strategy fit)"
gamitteoreojida-01,,감(이) 떨어지다,ko,idiom,감(이) 떨어지다,P1,"MEANING (inferred from content structure, not real search data)",,,감(이) 떨어지다,"To lose the ability to do something well that one used to be good at, from lack of practice.",3,2,2,2,2,2,2,AUTO_CLASSIFIED,P3,KNU 한국어 일상 표현 사전 (Naver 오픈사전),"dictionary-style only, no nuance/example yet; korean accuracy not yet human-verified (separate axis from content strategy fit)"
dolemaetda-01,,돌(에) 맞다,ko,idiom,돌(에) 맞다,P1,"MEANING (inferred from content structure, not real search data)",,,돌(에) 맞다,"Figuratively, to be harshly criticized by many people.",3,2,2,2,2,2,2,AUTO_CLASSIFIED,P3,KNU 한국어 일상 표현 사전 (Naver 오픈사전),"dictionary-style only, no nuance/example yet; korean accuracy not yet human-verified (separate axis from content strategy fit)"
doljikgureulnallida-01,,돌직구(를) 날리다,ko,idiom,돌직구(를) 날리다,P1,"MEANING (inferred from content structure, not real search data)",,,돌직구(를) 날리다,"To say exactly what one thinks, bluntly and directly.",3,2,2,2,2,2,2,AUTO_CLASSIFIED,P3,KNU 한국어 일상 표현 사전 (Naver 오픈사전),"dictionary-style only, no nuance/example yet; korean accuracy not yet human-verified (separate axis from content strategy fit)"
singyeongeulgeukda-01,,신경(을) 긁다,ko,idiom,신경(을) 긁다,P1,"MEANING (inferred from content structure, not real search data)",,,신경(을) 긁다,To irritate someone through words or actions.,3,2,2,2,2,2,2,AUTO_CLASSIFIED,P3,KNU 한국어 일상 표현 사전 (Naver 오픈사전),"dictionary-style only, no nuance/example yet; korean accuracy not yet human-verified (separate axis from content strategy fit)"
bapgeureuseulchaenggida-01,,밥그릇(을) 챙기다,ko,idiom,밥그릇(을) 챙기다,P1,"MEANING (inferred from content structure, not real search data)",,,밥그릇(을) 챙기다,"Figuratively, to look out for one's own interests/livelihood.",3,2,2,2,2,2,2,AUTO_CLASSIFIED,P3,KNU 한국어 일상 표현 사전 (Naver 오픈사전),"dictionary-style only, no nuance/example yet; korean accuracy not yet human-verified (separate axis from content strategy fit)"
maeumedoeopneunmal-01,,마음에(도) 없는 말,ko,idiom,마음에(도) 없는 말,P1,"MEANING (inferred from content structure, not real search data)",,,마음에(도) 없는 말,An insincere remark that doesn't reflect one's true feelings.,3,2,2,2,2,2,2,AUTO_CLASSIFIED,P3,KNU 한국어 일상 표현 사전 (Naver 오픈사전),"dictionary-style only, no nuance/example yet; korean accuracy not yet human-verified (separate axis from content strategy fit)"
rejendeureuljjikda-01,,레전드(를) 찍다,ko,idiom,레전드(를) 찍다,P1,"MEANING (inferred from content structure, not real search data)",,,레전드(를) 찍다,To reach the pinnacle of achievement in some field.,3,2,2,2,2,2,2,AUTO_CLASSIFIED,P3,KNU 한국어 일상 표현 사전 (Naver 오픈사전),"dictionary-style only, no nuance/example yet; korean accuracy not yet human-verified (separate axis from content strategy fit)"
geujeogeurota-01,,그저 그렇다,ko,idiom,그저 그렇다,P1,"MEANING (inferred from content structure, not real search data)",,,그저 그렇다,"To be average, neither especially good nor bad.",3,2,2,2,2,2,2,AUTO_CLASSIFIED,P3,KNU 한국어 일상 표현 사전 (Naver 오픈사전),"dictionary-style only, no nuance/example yet; korean accuracy not yet human-verified (separate axis from content strategy fit)"
baeunsaram-01,,배운 사람,ko,idiom,배운 사람,P1,"MEANING (inferred from content structure, not real search data)",,,배운 사람,Someone highly educated and refined.,3,2,2,2,2,2,2,AUTO_CLASSIFIED,P3,KNU 한국어 일상 표현 사전 (Naver 오픈사전),"dictionary-style only, no nuance/example yet; korean accuracy not yet human-verified (separate axis from content strategy fit)"
nbaekdan-01,,N 백단,ko,idiom,N 백단,P1,"MEANING (inferred from content structure, not real search data)",,,N 백단,Someone with exceptional skill/talent at handling a certain task.,3,2,2,2,2,2,2,AUTO_CLASSIFIED,P3,KNU 한국어 일상 표현 사전 (Naver 오픈사전),"dictionary-style only, no nuance/example yet; korean accuracy not yet human-verified (separate axis from content strategy fit)"
michyeodogopgemichida-01,,미쳐도 곱게 미치다,ko,idiom,미쳐도 곱게 미치다,P1,"MEANING (inferred from content structure, not real search data)",,,미쳐도 곱게 미치다,A rebuke saying someone's words/behavior are abnormally out of line.,3,2,2,2,2,2,2,AUTO_CLASSIFIED,P3,KNU 한국어 일상 표현 사전 (Naver 오픈사전),"dictionary-style only, no nuance/example yet; korean accuracy not yet human-verified (separate axis from content strategy fit)"
siyagateuida-01,,시야(가) 트이다,ko,idiom,시야(가) 트이다,P1,"MEANING (inferred from content structure, not real search data)",,,시야(가) 트이다,For one's field of view to open up wide and unobstructed.,3,2,2,2,2,2,2,AUTO_CLASSIFIED,P3,KNU 한국어 일상 표현 사전 (Naver 오픈사전),"dictionary-style only, no nuance/example yet; korean accuracy not yet human-verified (separate axis from content strategy fit)"
hanimaetchida-01,,한(이) 맺히다,ko,idiom,한(이) 맺히다,P1,"MEANING (inferred from content structure, not real search data)",,,한(이) 맺히다,"For a deep, lingering regret/resentment to build up in one's heart.",3,2,2,2,2,2,2,AUTO_CLASSIFIED,P3,KNU 한국어 일상 표현 사전 (Naver 오픈사전),"dictionary-style only, no nuance/example yet; korean accuracy not yet human-verified (separate axis from content strategy fit)"
menteureulnallida-01,,멘트(를) 날리다,ko,idiom,멘트(를) 날리다,P1,"MEANING (inferred from content structure, not real search data)",,,멘트(를) 날리다,To say something appropriate that fits the situation.,3,2,2,2,2,2,2,AUTO_CLASSIFIED,P3,KNU 한국어 일상 표현 사전 (Naver 오픈사전),"dictionary-style only, no nuance/example yet; korean accuracy not yet human-verified (separate axis from content strategy fit)"
eottadaego-01,,얻다 대고,ko,idiom,얻다 대고,P1,"MEANING (inferred from content structure, not real search data)",,,얻다 대고,"""How dare you"" — a rebuke to someone who spoke or acted rudely toward the speaker.",3,2,2,2,2,2,2,AUTO_CLASSIFIED,P3,KNU 한국어 일상 표현 사전 (Naver 오픈사전),"dictionary-style only, no nuance/example yet; korean accuracy not yet human-verified (separate axis from content strategy fit)"
sarigasaenggida-01,,사리(가) 생기다,ko,idiom,사리(가) 생기다,P1,"MEANING (inferred from content structure, not real search data)",,,사리(가) 생기다,"Figuratively, to accumulate a lot of pent-up stress.",3,2,2,2,2,2,2,AUTO_CLASSIFIED,P3,KNU 한국어 일상 표현 사전 (Naver 오픈사전),"dictionary-style only, no nuance/example yet; korean accuracy not yet human-verified (separate axis from content strategy fit)"
sigangwangyesang-01,,시간 관계상,ko,idiom,시간 관계상,P1,"MEANING (inferred from content structure, not real search data)",,,시간 관계상,"""For the sake of time"" — a phrase used when time is too short for something.",3,2,2,2,2,2,2,AUTO_CLASSIFIED,P3,KNU 한국어 일상 표현 사전 (Naver 오픈사전),"dictionary-style only, no nuance/example yet; korean accuracy not yet human-verified (separate axis from content strategy fit)"
usuejamgida-01,,우수에 잠기다,ko,idiom,우수에 잠기다,P1,"MEANING (inferred from content structure, not real search data)",,,우수에 잠기다,To be absorbed in worry and melancholy.,3,2,2,2,2,2,2,AUTO_CLASSIFIED,P3,KNU 한국어 일상 표현 사전 (Naver 오픈사전),"dictionary-style only, no nuance/example yet; korean accuracy not yet human-verified (separate axis from content strategy fit)"
kkopda-01,,꼽다,ko,idiom,꼽다,P1,"MEANING (inferred from content structure, not real search data)",,,꼽다,For words/behavior to feel excessively affected or cringe-inducing.,3,2,2,2,2,2,2,AUTO_CLASSIFIED,P3,KNU 한국어 일상 표현 사전 (Naver 오픈사전),"dictionary-style only, no nuance/example yet; korean accuracy not yet human-verified (separate axis from content strategy fit)"
nkkojip-01,,N 꼬집,ko,idiom,N 꼬집,P1,"MEANING (inferred from content structure, not real search data)",,,N 꼬집,A single instance/serving of something that could be nitpicked or criticized in one go.,3,2,2,2,2,2,2,AUTO_CLASSIFIED,P3,KNU 한국어 일상 표현 사전 (Naver 오픈사전),"dictionary-style only, no nuance/example yet; korean accuracy not yet human-verified (separate axis from content strategy fit)"
songarage-kkopda-01,,손가락에 꼽다,ko,idiom,손가락에 꼽다,P1,"MEANING (inferred from content structure, not real search data)",,,손가락에 꼽다,To be among the top few in a category.,3,2,2,2,2,2,2,AUTO_CLASSIFIED,P3,KNU 한국어 일상 표현 사전 (Naver 오픈사전),"dictionary-style only, no nuance/example yet; korean accuracy not yet human-verified (separate axis from content strategy fit)"
hallijeoguisim-01,,합리적 의심,ko,idiom,합리적 의심,P1,"MEANING (inferred from content structure, not real search data)",,,합리적 의심,Reasonable suspicion — doubt grounded in concrete evidence rather than pure feeling.,3,2,2,2,2,2,2,AUTO_CLASSIFIED,P3,KNU 한국어 일상 표현 사전 (Naver 오픈사전),"dictionary-style only, no nuance/example yet; korean accuracy not yet human-verified (separate axis from content strategy fit)"
sanjeonsujeondageokda-01,,산전수전 다 겪다,ko,idiom,산전수전 다 겪다,P1,"MEANING (inferred from content structure, not real search data)",,,산전수전 다 겪다,To have gone through every kind of hardship and difficult experience there is.,3,2,2,2,2,2,2,AUTO_CLASSIFIED,P3,KNU 한국어 일상 표현 사전 (Naver 오픈사전),"dictionary-style only, no nuance/example yet; korean accuracy not yet human-verified (separate axis from content strategy fit)"
baekbeonyangbohada-01,,백번 양보하다,ko,idiom,백번 양보하다,P1,"MEANING (inferred from content structure, not real search data)",,,백번 양보하다,To make every possible allowance in an effort to understand the other side.,3,2,2,2,2,2,2,AUTO_CLASSIFIED,P3,KNU 한국어 일상 표현 사전 (Naver 오픈사전),"dictionary-style only, no nuance/example yet; korean accuracy not yet human-verified (separate axis from content strategy fit)"
nunihwidungeurejida-01,,눈(이) 휘둥그레지다,ko,idiom,눈(이) 휘둥그레지다,P1,"MEANING (inferred from content structure, not real search data)",,,눈(이) 휘둥그레지다,For one's eyes to go wide with surprise.,3,2,2,2,2,2,2,AUTO_CLASSIFIED,P3,KNU 한국어 일상 표현 사전 (Naver 오픈사전),"dictionary-style only, no nuance/example yet; korean accuracy not yet human-verified (separate axis from content strategy fit)"
kkaeal-01,,깨알,ko,idiom,깨알,P1,"MEANING (inferred from content structure, not real search data)",,,깨알,"Something trivial in size but with its own charm/value, like a tiny sesame seed.",3,2,2,2,2,2,2,AUTO_CLASSIFIED,P3,KNU 한국어 일상 표현 사전 (Naver 오픈사전),"dictionary-style only, no nuance/example yet; korean accuracy not yet human-verified (separate axis from content strategy fit)"
gyeongheomeulsallida-01,,경험(을) 살리다,ko,idiom,경험(을) 살리다,P1,"MEANING (inferred from content structure, not real search data)",,,경험(을) 살리다,To make practical use of knowledge or skills gained through direct experience.,3,2,2,2,2,2,2,AUTO_CLASSIFIED,P3,KNU 한국어 일상 표현 사전 (Naver 오픈사전),"dictionary-style only, no nuance/example yet; korean accuracy not yet human-verified (separate axis from content strategy fit)"
daesareulchida-01,,대사(를) 치다,ko,idiom,대사(를) 치다,P1,"MEANING (inferred from content structure, not real search data)",,,대사(를) 치다,"To deliver lines in a drama, film, or play.",3,2,2,2,2,2,2,AUTO_CLASSIFIED,P3,KNU 한국어 일상 표현 사전 (Naver 오픈사전),"dictionary-style only, no nuance/example yet; korean accuracy not yet human-verified (separate axis from content strategy fit)"
dumaritokkireuljapda-01,,두 마리 토끼를 잡다,ko,idiom,두 마리 토끼를 잡다,P1,"MEANING (inferred from content structure, not real search data)",,,두 마리 토끼를 잡다,To achieve two goals through a single effort.,3,2,2,2,2,2,2,AUTO_CLASSIFIED,P3,KNU 한국어 일상 표현 사전 (Naver 오픈사전),"dictionary-style only, no nuance/example yet; korean accuracy not yet human-verified (separate axis from content strategy fit)"
gisereulmolda-01,,기세(를) 몰다,ko,idiom,기세(를) 몰다,P1,"MEANING (inferred from content structure, not real search data)",,,기세(를) 몰다,To keep riding a wave of upward momentum or good energy.,3,2,2,2,2,2,2,AUTO_CLASSIFIED,P3,KNU 한국어 일상 표현 사전 (Naver 오픈사전),"dictionary-style only, no nuance/example yet; korean accuracy not yet human-verified (separate axis from content strategy fit)"
naragalgeotgatda-01,,날아갈 것 같다,ko,idiom,날아갈 것 같다,P1,"MEANING (inferred from content structure, not real search data)",,,날아갈 것 같다,"Figuratively, to feel extremely happy/light.",3,2,2,2,2,2,2,AUTO_CLASSIFIED,P3,KNU 한국어 일상 표현 사전 (Naver 오픈사전),"dictionary-style only, no nuance/example yet; korean accuracy not yet human-verified (separate axis from content strategy fit)"
epeueumida-01,,에프엠이다,ko,idiom,에프엠이다,P1,"MEANING (inferred from content structure, not real search data)",,,에프엠이다,"Describes someone who follows rules/procedures rigidly, without any flexibility.",3,2,2,2,2,2,2,AUTO_CLASSIFIED,P3,KNU 한국어 일상 표현 사전 (Naver 오픈사전),"dictionary-style only, no nuance/example yet; korean accuracy not yet human-verified (separate axis from content strategy fit)"
in-ganjeogeuro-01,,인간적으로,ko,idiom,인간적으로,P1,"MEANING (inferred from content structure, not real search data)",,,인간적으로,"""As a human being"" — appealing to basic empathy/emotion rather than logic.",3,2,2,2,2,2,2,AUTO_CLASSIFIED,P3,KNU 한국어 일상 표현 사전 (Naver 오픈사전),"dictionary-style only, no nuance/example yet; korean accuracy not yet human-verified (separate axis from content strategy fit)"
hobulhogagalrida-01,,호불호(가) 갈리다,ko,idiom,호불호(가) 갈리다,P1,"MEANING (inferred from content structure, not real search data)",,,호불호(가) 갈리다,For opinions on something to clearly split into likes and dislikes.,3,2,2,2,2,2,2,AUTO_CLASSIFIED,P3,KNU 한국어 일상 표현 사전 (Naver 오픈사전),"dictionary-style only, no nuance/example yet; korean accuracy not yet human-verified (separate axis from content strategy fit)"
jeonmangibalkda-01,,전망(이) 밝다,ko,idiom,전망(이) 밝다,P1,"MEANING (inferred from content structure, not real search data)",,,전망(이) 밝다,To be expected to grow or turn out well in the future.,3,2,2,2,2,2,2,AUTO_CLASSIFIED,P3,KNU 한국어 일상 표현 사전 (Naver 오픈사전),"dictionary-style only, no nuance/example yet; korean accuracy not yet human-verified (separate axis from content strategy fit)"
noraereulbureuda-01,,노래(를) 부르다,ko,idiom,노래(를) 부르다,P1,"MEANING (inferred from content structure, not real search data)",,,노래(를) 부르다,To keep repeating the same request over and over.,3,2,2,2,2,2,2,AUTO_CLASSIFIED,P3,KNU 한국어 일상 표현 사전 (Naver 오픈사전),"dictionary-style only, no nuance/example yet; korean accuracy not yet human-verified (separate axis from content strategy fit)"
jinipjangbyeok-01,,진입 장벽,ko,idiom,진입 장벽,P1,"MEANING (inferred from content structure, not real search data)",,,진입 장벽,An entry barrier — something that makes it hard to start or try a new thing.,3,2,2,2,2,2,2,AUTO_CLASSIFIED,P3,KNU 한국어 일상 표현 사전 (Naver 오픈사전),"dictionary-style only, no nuance/example yet; korean accuracy not yet human-verified (separate axis from content strategy fit)"
daegareulchireuda-01,,대가(를) 치르다,ko,idiom,대가(를) 치르다,P1,"MEANING (inferred from content structure, not real search data)",,,대가(를) 치르다,"To pay a cost, effort, or sacrifice to achieve some result.",3,2,2,2,2,2,2,AUTO_CLASSIFIED,P3,KNU 한국어 일상 표현 사전 (Naver 오픈사전),"dictionary-style only, no nuance/example yet; korean accuracy not yet human-verified (separate axis from content strategy fit)"
kkanaerida-01,,까내리다,ko,idiom,까내리다,P1,"MEANING (inferred from content structure, not real search data)",,,까내리다,To disparage or belittle something's value.,3,2,2,2,2,2,2,AUTO_CLASSIFIED,P3,KNU 한국어 일상 표현 사전 (Naver 오픈사전),"dictionary-style only, no nuance/example yet; korean accuracy not yet human-verified (separate axis from content strategy fit)"
moreuneunge-yagida-01,,모르는 게 약이다,ko,idiom,모르는 게 약이다,P1,"MEANING (inferred from content structure, not real search data)",,,모르는 게 약이다,"""Ignorance is bliss"" — sometimes not knowing about a bad situation is better.",3,2,2,2,2,2,2,AUTO_CLASSIFIED,P3,KNU 한국어 일상 표현 사전 (Naver 오픈사전),"dictionary-style only, no nuance/example yet; korean accuracy not yet human-verified (separate axis from content strategy fit)"
pandogadalrajida-01,,판도(가) 달라지다,ko,idiom,판도(가) 달라지다,P1,"MEANING (inferred from content structure, not real search data)",,,판도(가) 달라지다,For the existing structure/dynamic of a situation to change form.,3,2,2,2,2,2,2,AUTO_CLASSIFIED,P3,KNU 한국어 일상 표현 사전 (Naver 오픈사전),"dictionary-style only, no nuance/example yet; korean accuracy not yet human-verified (separate axis from content strategy fit)"
bungtteuda-01,,붕 뜨다,ko,idiom,붕 뜨다,P1,"MEANING (inferred from content structure, not real search data)",,,붕 뜨다,For there to be an unexpected gap in one's schedule between tasks.,3,2,2,2,2,2,2,AUTO_CLASSIFIED,P3,KNU 한국어 일상 표현 사전 (Naver 오픈사전),"dictionary-style only, no nuance/example yet; korean accuracy not yet human-verified (separate axis from content strategy fit)"
eokkaeneomeoro-baeuda-01,,어깨너머(로) 배우다,ko,idiom,어깨너머(로) 배우다,P1,"MEANING (inferred from content structure, not real search data)",,,어깨너머(로) 배우다,"To learn something by watching and picking it up informally, without formal instruction.",3,2,2,2,2,2,2,AUTO_CLASSIFIED,P3,KNU 한국어 일상 표현 사전 (Naver 오픈사전),"dictionary-style only, no nuance/example yet; korean accuracy not yet human-verified (separate axis from content strategy fit)"
ssagajireulbapmarameokda-01,,싸가지(를) 밥 말아 먹다,ko,idiom,싸가지(를) 밥 말아 먹다,P1,"MEANING (inferred from content structure, not real search data)",,,싸가지(를) 밥 말아 먹다,"Figuratively, to completely lack manners or consideration for others.",3,2,2,2,2,2,2,AUTO_CLASSIFIED,P3,KNU 한국어 일상 표현 사전 (Naver 오픈사전),"dictionary-style only, no nuance/example yet; korean accuracy not yet human-verified (separate axis from content strategy fit)"
silsaegaeopda-01,,쉴 새(가) 없다,ko,idiom,쉴 새(가) 없다,P1,"MEANING (inferred from content structure, not real search data)",,,쉴 새(가) 없다,To be so busy there's no free time at all.,3,2,2,2,2,2,2,AUTO_CLASSIFIED,P3,KNU 한국어 일상 표현 사전 (Naver 오픈사전),"dictionary-style only, no nuance/example yet; korean accuracy not yet human-verified (separate axis from content strategy fit)"
namisavdeunmaldeun-01,,남이사 V-든 말든,ko,idiom,남이사 V-든 말든,P1,"MEANING (inferred from content structure, not real search data)",,,남이사 V-든 말든,"""Whether they do it or not, it's none of your business"" — implying someone should mind their own affairs.",3,2,2,2,2,2,2,AUTO_CLASSIFIED,P3,KNU 한국어 일상 표현 사전 (Naver 오픈사전),"dictionary-style only, no nuance/example yet; korean accuracy not yet human-verified (separate axis from content strategy fit)"
paneulkkalda-01,,판(을) 깔다,ko,idiom,판(을) 깔다,P1,"MEANING (inferred from content structure, not real search data)",,,판(을) 깔다,To create the situation/atmosphere for something to happen.,3,2,2,2,2,2,2,AUTO_CLASSIFIED,P3,KNU 한국어 일상 표현 사전 (Naver 오픈사전),"dictionary-style only, no nuance/example yet; korean accuracy not yet human-verified (separate axis from content strategy fit)"
jjangguerulgullida-01,,짱구를 굴리다,ko,idiom,짱구를 굴리다,P1,"MEANING (inferred from content structure, not real search data)",,,짱구를 굴리다,"Informally, to rack one's brain thinking hard.",3,2,2,2,2,2,2,AUTO_CLASSIFIED,P3,KNU 한국어 일상 표현 사전 (Naver 오픈사전),"dictionary-style only, no nuance/example yet; korean accuracy not yet human-verified (separate axis from content strategy fit)"
jeonmyeoneNaseoda-01,,전면(에) 나서다,ko,idiom,전면(에) 나서다,P1,"MEANING (inferred from content structure, not real search data)",,,전면(에) 나서다,To take the lead role in handling something.,3,2,2,2,2,2,2,AUTO_CLASSIFIED,P3,KNU 한국어 일상 표현 사전 (Naver 오픈사전),"dictionary-style only, no nuance/example yet; korean accuracy not yet human-verified (separate axis from content strategy fit)"
jjogeuljuda-01,,쪽(을) 주다,ko,idiom,쪽(을) 주다,P1,"MEANING (inferred from content structure, not real search data)",,,쪽(을) 주다,To embarrass someone through words or actions.,3,2,2,2,2,2,2,AUTO_CLASSIFIED,P3,KNU 한국어 일상 표현 사전 (Naver 오픈사전),"dictionary-style only, no nuance/example yet; korean accuracy not yet human-verified (separate axis from content strategy fit)"
dorabeorida-01,,돌아 버리다,ko,idiom,돌아 버리다,P1,"MEANING (inferred from content structure, not real search data)",,,돌아 버리다,"To become extremely agitated/upset, as if losing one's mind.",3,2,2,2,2,2,2,AUTO_CLASSIFIED,P3,KNU 한국어 일상 표현 사전 (Naver 오픈사전),"dictionary-style only, no nuance/example yet; korean accuracy not yet human-verified (separate axis from content strategy fit)"
gamunuiyeonggwang-01,,가문의 영광,ko,idiom,가문의 영광,P1,"MEANING (inferred from content structure, not real search data)",,,가문의 영광,"""An honor for the whole family"" — a great source of pride.",3,2,2,2,2,2,2,AUTO_CLASSIFIED,P3,KNU 한국어 일상 표현 사전 (Naver 오픈사전),"dictionary-style only, no nuance/example yet; korean accuracy not yet human-verified (separate axis from content strategy fit)"
deulkeunhada-01,,들큰하다,ko,idiom,들큰하다,P1,"MEANING (inferred from content structure, not real search data)",,,들큰하다,"To have a mildly sweet, pleasant taste.",3,2,2,2,2,2,2,AUTO_CLASSIFIED,P3,KNU 한국어 일상 표현 사전 (Naver 오픈사전),"dictionary-style only, no nuance/example yet; korean accuracy not yet human-verified (separate axis from content strategy fit)"
hanbangiitda-01,,한 방(이) 있다,ko,idiom,한 방(이) 있다,P1,"MEANING (inferred from content structure, not real search data)",,,한 방(이) 있다,"To have a powerful, decisive means or ability to settle a matter clearly.",3,2,2,2,2,2,2,AUTO_CLASSIFIED,P3,KNU 한국어 일상 표현 사전 (Naver 오픈사전),"dictionary-style only, no nuance/example yet; korean accuracy not yet human-verified (separate axis from content strategy fit)"
apeunsongarak-01,,아픈 손가락,ko,idiom,아픈 손가락,P1,"MEANING (inferred from content structure, not real search data)",,,아픈 손가락,Something/someone one is especially concerned about above the rest.,3,2,2,2,2,2,2,AUTO_CLASSIFIED,P3,KNU 한국어 일상 표현 사전 (Naver 오픈사전),"dictionary-style only, no nuance/example yet; korean accuracy not yet human-verified (separate axis from content strategy fit)"
dolpagureulmaryeonhada-01,,돌파구(를) 마련하다,ko,idiom,돌파구(를) 마련하다,P1,"MEANING (inferred from content structure, not real search data)",,,돌파구(를) 마련하다,To create a way to break through a difficulty.,3,2,2,2,2,2,2,AUTO_CLASSIFIED,P3,KNU 한국어 일상 표현 사전 (Naver 오픈사전),"dictionary-style only, no nuance/example yet; korean accuracy not yet human-verified (separate axis from content strategy fit)"
maeumeulbiuda-01,,마음(을) 비우다,ko,idiom,마음(을) 비우다,P1,"MEANING (inferred from content structure, not real search data)",,,마음(을) 비우다,"To let go of greed and worry, clearing one's mind.",3,2,2,2,2,2,2,AUTO_CLASSIFIED,P3,KNU 한국어 일상 표현 사전 (Naver 오픈사전),"dictionary-style only, no nuance/example yet; korean accuracy not yet human-verified (separate axis from content strategy fit)"
gibunijjejida-01,,기분(이) 째지다,ko,idiom,기분(이) 째지다,P1,"MEANING (inferred from content structure, not real search data)",,,기분(이) 째지다,"Informally, to feel extremely happy.",3,2,2,2,2,2,2,AUTO_CLASSIFIED,P3,KNU 한국어 일상 표현 사전 (Naver 오픈사전),"dictionary-style only, no nuance/example yet; korean accuracy not yet human-verified (separate axis from content strategy fit)"
nunidolda-01,,눈(이) 돌다,ko,idiom,눈(이) 돌다,P1,"MEANING (inferred from content structure, not real search data)",,,눈(이) 돌다,"Figuratively, to become obsessed with something to the point of losing rationality.",3,2,2,2,2,2,2,AUTO_CLASSIFIED,P3,KNU 한국어 일상 표현 사전 (Naver 오픈사전),"dictionary-style only, no nuance/example yet; korean accuracy not yet human-verified (separate axis from content strategy fit)"
ppyongichada-01,,뿅(이) 차다,ko,idiom,뿅(이) 차다,P1,"MEANING (inferred from content structure, not real search data)",,,뿅(이) 차다,"Informally, for a strong sense of pride/excitement to fill someone.",3,2,2,2,2,2,2,AUTO_CLASSIFIED,P3,KNU 한국어 일상 표현 사전 (Naver 오픈사전),"dictionary-style only, no nuance/example yet; korean accuracy not yet human-verified (separate axis from content strategy fit)"
aepeuteo-01,,애프터,ko,idiom,애프터,P1,"MEANING (inferred from content structure, not real search data)",,,애프터,A follow-up date requested after a first meeting/blind date.,3,2,2,2,2,2,2,AUTO_CLASSIFIED,P3,KNU 한국어 일상 표현 사전 (Naver 오픈사전),"dictionary-style only, no nuance/example yet; korean accuracy not yet human-verified (separate axis from content strategy fit)"
mariyabanggua-01,,말이야 방구야,ko,idiom,말이야 방구야,P1,"MEANING (inferred from content structure, not real search data)",,,말이야 방구야,Mocking someone whose words don't add up or make no sense.,3,2,2,2,2,2,2,AUTO_CLASSIFIED,P3,KNU 한국어 일상 표현 사전 (Naver 오픈사전),"dictionary-style only, no nuance/example yet; korean accuracy not yet human-verified (separate axis from content strategy fit)"
sogisogianida-01,,속이 속이 아니다,ko,idiom,속이 속이 아니다,P1,"MEANING (inferred from content structure, not real search data)",,,속이 속이 아니다,To be extremely anxious or upset inside.,3,2,2,2,2,2,2,AUTO_CLASSIFIED,P3,KNU 한국어 일상 표현 사전 (Naver 오픈사전),"dictionary-style only, no nuance/example yet; korean accuracy not yet human-verified (separate axis from content strategy fit)"
patoreulnaeda-01,,파토(를) 내다,ko,idiom,파토(를) 내다,P1,"MEANING (inferred from content structure, not real search data)",,,파토(를) 내다,To fail to properly go through with a promise/plan.,3,2,2,2,2,2,2,AUTO_CLASSIFIED,P3,KNU 한국어 일상 표현 사전 (Naver 오픈사전),"dictionary-style only, no nuance/example yet; korean accuracy not yet human-verified (separate axis from content strategy fit)"
sonieopda-01,,손이 없다,ko,idiom,손이 없다,P1,"MEANING (inferred from content structure, not real search data)",,,손이 없다,To lack enough hands/people to get something done.,3,2,2,2,2,2,2,AUTO_CLASSIFIED,P3,KNU 한국어 일상 표현 사전 (Naver 오픈사전),"dictionary-style only, no nuance/example yet; korean accuracy not yet human-verified (separate axis from content strategy fit)"
mogippajida-01,,목(이) 빠지다,ko,idiom,목(이) 빠지다,P1,"MEANING (inferred from content structure, not real search data)",,,목(이) 빠지다,"Figuratively, to wait anxiously and eagerly for something.",3,2,2,2,2,2,2,AUTO_CLASSIFIED,P3,KNU 한국어 일상 표현 사전 (Naver 오픈사전),"dictionary-style only, no nuance/example yet; korean accuracy not yet human-verified (separate axis from content strategy fit)"
hojeogeulpada-01,,호적(을) 파다,ko,idiom,호적(을) 파다,P1,"MEANING (inferred from content structure, not real search data)",,,호적(을) 파다,To cut off family ties.,3,2,2,2,2,2,2,AUTO_CLASSIFIED,P3,KNU 한국어 일상 표현 사전 (Naver 오픈사전),"dictionary-style only, no nuance/example yet; korean accuracy not yet human-verified (separate axis from content strategy fit)"
jebaljeorida-01,,제 발 저리다,ko,idiom,제 발 저리다,P1,"MEANING (inferred from content structure, not real search data)",,,제 발 저리다,To feel guilty/anxious naturally because one has done something wrong.,3,2,2,2,2,2,2,AUTO_CLASSIFIED,P3,KNU 한국어 일상 표현 사전 (Naver 오픈사전),"dictionary-style only, no nuance/example yet; korean accuracy not yet human-verified (separate axis from content strategy fit)"
kolbaekhada-01,,콜백하다,ko,idiom,콜백하다,P1,"MEANING (inferred from content structure, not real search data)",,,콜백하다,To call back a missed number.,3,2,2,2,2,2,2,AUTO_CLASSIFIED,P3,KNU 한국어 일상 표현 사전 (Naver 오픈사전),"dictionary-style only, no nuance/example yet; korean accuracy not yet human-verified (separate axis from content strategy fit)"
mareulbakkuda-01,,말(을) 바꾸다,ko,idiom,말(을) 바꾸다,P1,"MEANING (inferred from content structure, not real search data)",,,말(을) 바꾸다,"To change what one said earlier, contradicting oneself.",3,2,2,2,2,2,2,AUTO_CLASSIFIED,P3,KNU 한국어 일상 표현 사전 (Naver 오픈사전),"dictionary-style only, no nuance/example yet; korean accuracy not yet human-verified (separate axis from content strategy fit)"
haneurimuneojida-01,,하늘(이) 무너지다,ko,idiom,하늘(이) 무너지다,P1,"MEANING (inferred from content structure, not real search data)",,,하늘(이) 무너지다,To be so devastated it feels as though the sky itself collapsed.,3,2,2,2,2,2,2,AUTO_CLASSIFIED,P3,KNU 한국어 일상 표현 사전 (Naver 오픈사전),"dictionary-style only, no nuance/example yet; korean accuracy not yet human-verified (separate axis from content strategy fit)"
insaengbyeolgeoeopda-01,,인생 별거 없다,ko,idiom,인생 별거 없다,P1,"MEANING (inferred from content structure, not real search data)",,,인생 별거 없다,"""Life isn't such a big deal"" — a comforting phrase for not overvaluing things too highly.",3,2,2,2,2,2,2,AUTO_CLASSIFIED,P3,KNU 한국어 일상 표현 사전 (Naver 오픈사전),"dictionary-style only, no nuance/example yet; korean accuracy not yet human-verified (separate axis from content strategy fit)"
geugeurochidatda-01,,극으로 치닫다,ko,idiom,극으로 치닫다,P1,"MEANING (inferred from content structure, not real search data)",,,극으로 치닫다,For the progress of a situation to become extremely intense.,3,2,2,2,2,2,2,AUTO_CLASSIFIED,P3,KNU 한국어 일상 표현 사전 (Naver 오픈사전),"dictionary-style only, no nuance/example yet; korean accuracy not yet human-verified (separate axis from content strategy fit)"
rullullal-01,,룰루랄라,ko,idiom,룰루랄라,P1,"MEANING (inferred from content structure, not real search data)",,,룰루랄라,The sound/mood of someone humming happily.,3,2,2,2,2,2,2,AUTO_CLASSIFIED,P3,KNU 한국어 일상 표현 사전 (Naver 오픈사전),"dictionary-style only, no nuance/example yet; korean accuracy not yet human-verified (separate axis from content strategy fit)"
ppyojokhagegulda-01,,뾰족하게 굴다,ko,idiom,뾰족하게 굴다,P1,"MEANING (inferred from content structure, not real search data)",,,뾰족하게 굴다,To act sharply/harshly out of anger.,3,2,2,2,2,2,2,AUTO_CLASSIFIED,P3,KNU 한국어 일상 표현 사전 (Naver 오픈사전),"dictionary-style only, no nuance/example yet; korean accuracy not yet human-verified (separate axis from content strategy fit)"
ssaegossaetda-01,,쌔고 쌨다,ko,idiom,쌔고 쌨다,P1,"MEANING (inferred from content structure, not real search data)",,,쌔고 쌨다,To be extremely abundant/common.,3,2,2,2,2,2,2,AUTO_CLASSIFIED,P3,KNU 한국어 일상 표현 사전 (Naver 오픈사전),"dictionary-style only, no nuance/example yet; korean accuracy not yet human-verified (separate axis from content strategy fit)"
jeongeulttaeda-01,,정(을) 떼다,ko,idiom,정(을) 떼다,P1,"MEANING (inferred from content structure, not real search data)",,,정(을) 떼다,To let go of the affection one holds for something/someone.,3,2,2,2,2,2,2,AUTO_CLASSIFIED,P3,KNU 한국어 일상 표현 사전 (Naver 오픈사전),"dictionary-style only, no nuance/example yet; korean accuracy not yet human-verified (separate axis from content strategy fit)"
hogange-gyeowoyogange-ttongssada-01,,호강에 겨워 요강에 똥 싸다,ko,idiom,호강에 겨워 요강에 똥 싸다,P1,"MEANING (inferred from content structure, not real search data)",,,호강에 겨워 요강에 똥 싸다,To be so spoiled by good fortune one no longer appreciates one's comfortable situation.,3,2,2,2,2,2,2,AUTO_CLASSIFIED,P3,KNU 한국어 일상 표현 사전 (Naver 오픈사전),"dictionary-style only, no nuance/example yet; korean accuracy not yet human-verified (separate axis from content strategy fit)"
saenggigadolda-02,,생기(가) 돌다,ko,idiom,생기(가) 돌다,P1,"MEANING (inferred from content structure, not real search data)",,,생기(가) 돌다,"For a sense of vibrant, lively energy to become apparent.",3,2,2,2,2,2,2,AUTO_CLASSIFIED,P3,KNU 한국어 일상 표현 사전 (Naver 오픈사전),"dictionary-style only, no nuance/example yet; korean accuracy not yet human-verified (separate axis from content strategy fit)"
malgwigabalkda-01,,말귀(가) 밝다,ko,idiom,말귀(가) 밝다,P1,"MEANING (inferred from content structure, not real search data)",,,말귀(가) 밝다,To be quick at understanding what someone else means.,3,2,2,2,2,2,2,AUTO_CLASSIFIED,P3,KNU 한국어 일상 표현 사전 (Naver 오픈사전),"dictionary-style only, no nuance/example yet; korean accuracy not yet human-verified (separate axis from content strategy fit)"
samgagoinuimyeongbogeulbimnida-01,,삼가 고인의 명복을 빕니다,ko,idiom,삼가 고인의 명복을 빕니다,P1,"MEANING (inferred from content structure, not real search data)",,,삼가 고인의 명복을 빕니다,A formal condolence phrase offered to the bereaved family.,3,2,2,2,2,2,2,AUTO_CLASSIFIED,P3,KNU 한국어 일상 표현 사전 (Naver 오픈사전),"dictionary-style only, no nuance/example yet; korean accuracy not yet human-verified (separate axis from content strategy fit)"
mareulkkeonaeda-01,,말(을) 꺼내다,ko,idiom,말(을) 꺼내다,P1,"MEANING (inferred from content structure, not real search data)",,,말(을) 꺼내다,To bring up a topic and start talking about it.,3,2,2,2,2,2,2,AUTO_CLASSIFIED,P3,KNU 한국어 일상 표현 사전 (Naver 오픈사전),"dictionary-style only, no nuance/example yet; korean accuracy not yet human-verified (separate axis from content strategy fit)"
kkireulburida-01,,끼(를) 부리다,ko,idiom,끼(를) 부리다,P1,"MEANING (inferred from content structure, not real search data)",,,끼(를) 부리다,To display one's charm/talent to captivate someone's interest.,3,2,2,2,2,2,2,AUTO_CLASSIFIED,P3,KNU 한국어 일상 표현 사전 (Naver 오픈사전),"dictionary-style only, no nuance/example yet; korean accuracy not yet human-verified (separate axis from content strategy fit)"
geureutkkajimeokda-01,,그릇까지 먹다,ko,idiom,그릇까지 먹다,P1,"MEANING (inferred from content structure, not real search data)",,,그릇까지 먹다,"Figuratively, to consume something entirely, leaving nothing behind.",3,2,2,2,2,2,2,AUTO_CLASSIFIED,P3,KNU 한국어 일상 표현 사전 (Naver 오픈사전),"dictionary-style only, no nuance/example yet; korean accuracy not yet human-verified (separate axis from content strategy fit)"
marihheotnaoda-01,,말(이) 헛나오다,ko,idiom,말(이) 헛나오다,P1,"MEANING (inferred from content structure, not real search data)",,,말(이) 헛나오다,"To misspeak, saying something by mistake.",3,2,2,2,2,2,2,AUTO_CLASSIFIED,P3,KNU 한국어 일상 표현 사전 (Naver 오픈사전),"dictionary-style only, no nuance/example yet; korean accuracy not yet human-verified (separate axis from content strategy fit)"
simsimpurimeongkong-01,,심심풀이 땅콩,ko,idiom,심심풀이 땅콩,P1,"MEANING (inferred from content structure, not real search data)",,,심심풀이 땅콩,Something done just to pass idle time.,3,2,2,2,2,2,2,AUTO_CLASSIFIED,P3,KNU 한국어 일상 표현 사전 (Naver 오픈사전),"dictionary-style only, no nuance/example yet; korean accuracy not yet human-verified (separate axis from content strategy fit)"
ibigwieogeollida-01,,입이 귀에 걸리다,ko,idiom,입이 귀에 걸리다,P1,"MEANING (inferred from content structure, not real search data)",,,입이 귀에 걸리다,To grin from ear to ear with joy.,3,2,2,2,2,2,2,AUTO_CLASSIFIED,P3,KNU 한국어 일상 표현 사전 (Naver 오픈사전),"dictionary-style only, no nuance/example yet; korean accuracy not yet human-verified (separate axis from content strategy fit)"
ipsureulchukida-01,,입술을 축이다,ko,idiom,입술을 축이다,P1,"MEANING (inferred from content structure, not real search data)",,,입술을 축이다,To wet one's lips with saliva or a drink.,3,2,2,2,2,2,2,AUTO_CLASSIFIED,P3,KNU 한국어 일상 표현 사전 (Naver 오픈사전),"dictionary-style only, no nuance/example yet; korean accuracy not yet human-verified (separate axis from content strategy fit)"
pineunmotsogida-01,,피는 못 속이다,ko,idiom,피는 못 속이다,P1,"MEANING (inferred from content structure, not real search data)",,,피는 못 속이다,"""Blood doesn't lie"" — a child inevitably resembles their parents in nature.",3,2,2,2,2,2,2,AUTO_CLASSIFIED,P3,KNU 한국어 일상 표현 사전 (Naver 오픈사전),"dictionary-style only, no nuance/example yet; korean accuracy not yet human-verified (separate axis from content strategy fit)"
dumalhamyeonibapeuda-01,,두말하면 입 아프다,ko,idiom,두말하면 입 아프다,P1,"MEANING (inferred from content structure, not real search data)",,,두말하면 입 아프다,"""It's obviously true, no need to repeat it"" — something needs no further explanation.",3,2,2,2,2,2,2,AUTO_CLASSIFIED,P3,KNU 한국어 일상 표현 사전 (Naver 오픈사전),"dictionary-style only, no nuance/example yet; korean accuracy not yet human-verified (separate axis from content strategy fit)"
jwapyoreuljjikda-01,,좌표(를) 찍다,ko,idiom,좌표(를) 찍다,P1,"MEANING (inferred from content structure, not real search data)",,,좌표(를) 찍다,To pinpoint a location.,3,2,2,2,2,2,2,AUTO_CLASSIFIED,P3,KNU 한국어 일상 표현 사전 (Naver 오픈사전),"dictionary-style only, no nuance/example yet; korean accuracy not yet human-verified (separate axis from content strategy fit)"
ppittaksseoneultada-01,,삐딱선(을) 타다,ko,idiom,삐딱선(을) 타다,P1,"MEANING (inferred from content structure, not real search data)",,,삐딱선(을) 타다,"For one's thinking, speech, or relationships to go astray/off track.",3,2,2,2,2,2,2,AUTO_CLASSIFIED,P3,KNU 한국어 일상 표현 사전 (Naver 오픈사전),"dictionary-style only, no nuance/example yet; korean accuracy not yet human-verified (separate axis from content strategy fit)"
eotbakkwomeokda-01,,엇 바꿔 먹다,ko,idiom,엇 바꿔 먹다,P1,"MEANING (inferred from content structure, not real search data)",,,엇 바꿔 먹다,"(Ironic) to fail to properly value something one has, treating it as if worthless.",3,2,2,2,2,2,2,AUTO_CLASSIFIED,P3,KNU 한국어 일상 표현 사전 (Naver 오픈사전),"dictionary-style only, no nuance/example yet; korean accuracy not yet human-verified (separate axis from content strategy fit)"
chalddeogida-01,,찰떡이다,ko,idiom,찰떡이다,P1,"MEANING (inferred from content structure, not real search data)",,,찰떡이다,To suit a situation/mood extremely well.,3,2,2,2,2,2,2,AUTO_CLASSIFIED,P3,KNU 한국어 일상 표현 사전 (Naver 오픈사전),"dictionary-style only, no nuance/example yet; korean accuracy not yet human-verified (separate axis from content strategy fit)"
gyeogitteoreojida-01,,격(이) 떨어지다,ko,idiom,격(이) 떨어지다,P1,"MEANING (inferred from content structure, not real search data)",,,격(이) 떨어지다,For something to be lower in class/quality compared to its surroundings.,3,2,2,2,2,2,2,AUTO_CLASSIFIED,P3,KNU 한국어 일상 표현 사전 (Naver 오픈사전),"dictionary-style only, no nuance/example yet; korean accuracy not yet human-verified (separate axis from content strategy fit)"
peiseuemallida-01,,페이스에 말리다,ko,idiom,페이스에 말리다,P1,"MEANING (inferred from content structure, not real search data)",,,페이스에 말리다,"To lose one's own composure, ending up controlled by the other side's pace.",3,2,2,2,2,2,2,AUTO_CLASSIFIED,P3,KNU 한국어 일상 표현 사전 (Naver 오픈사전),"dictionary-style only, no nuance/example yet; korean accuracy not yet human-verified (separate axis from content strategy fit)"
apryeogeulneota-01,,압력(을) 넣다,ko,idiom,압력(을) 넣다,P1,"MEANING (inferred from content structure, not real search data)",,,압력(을) 넣다,"To pressure someone into doing what you want, using influence.",3,2,2,2,2,2,2,AUTO_CLASSIFIED,P3,KNU 한국어 일상 표현 사전 (Naver 오픈사전),"dictionary-style only, no nuance/example yet; korean accuracy not yet human-verified (separate axis from content strategy fit)"
siganiyagida-01,,시간이 약이다,ko,idiom,시간이 약이다,P1,"MEANING (inferred from content structure, not real search data)",,,시간이 약이다,"""Time heals all wounds.""",3,2,2,2,2,2,2,AUTO_CLASSIFIED,P3,KNU 한국어 일상 표현 사전 (Naver 오픈사전),"dictionary-style only, no nuance/example yet; korean accuracy not yet human-verified (separate axis from content strategy fit)"
ibeulgasida-01,,입(을) 가시다,ko,idiom,입(을) 가시다,P1,"MEANING (inferred from content structure, not real search data)",,,입(을) 가시다,To rinse one's mouth out with water.,3,2,2,2,2,2,2,AUTO_CLASSIFIED,P3,KNU 한국어 일상 표현 사전 (Naver 오픈사전),"dictionary-style only, no nuance/example yet; korean accuracy not yet human-verified (separate axis from content strategy fit)"
ibidaetbalnaoda-01,,입이 댓 발 나오다,ko,idiom,입이 댓 발 나오다,P1,"MEANING (inferred from content structure, not real search data)",,,입이 댓 발 나오다,"To pout heavily, visibly displeased.",3,2,2,2,2,2,2,AUTO_CLASSIFIED,P3,KNU 한국어 일상 표현 사전 (Naver 오픈사전),"dictionary-style only, no nuance/example yet; korean accuracy not yet human-verified (separate axis from content strategy fit)"
sewolapejangsagaeopda-01,,세월 앞에 장사(가) 없다,ko,idiom,세월 앞에 장사(가) 없다,P1,"MEANING (inferred from content structure, not real search data)",,,세월 앞에 장사(가) 없다,"""No one beats the passage of time"" — everyone's vitality fades with age.",3,2,2,2,2,2,2,AUTO_CLASSIFIED,P3,KNU 한국어 일상 표현 사전 (Naver 오픈사전),"dictionary-style only, no nuance/example yet; korean accuracy not yet human-verified (separate axis from content strategy fit)"
deongchida-01,,덩치다,ko,idiom,덩치다,P1,"MEANING (inferred from content structure, not real search data)",,,덩치다,"To act nervously, checking others' reactions without clear grounds.",3,2,2,2,2,2,2,AUTO_CLASSIFIED,P3,KNU 한국어 일상 표현 사전 (Naver 오픈사전),"dictionary-style only, no nuance/example yet; korean accuracy not yet human-verified (separate axis from content strategy fit)"
kkangijota-01,,깡(이) 좋다,ko,idiom,깡(이) 좋다,P1,"MEANING (inferred from content structure, not real search data)",,,깡(이) 좋다,To have bold courage that doesn't fear pressure/danger.,3,2,2,2,2,2,2,AUTO_CLASSIFIED,P3,KNU 한국어 일상 표현 사전 (Naver 오픈사전),"dictionary-style only, no nuance/example yet; korean accuracy not yet human-verified (separate axis from content strategy fit)"
jeonjereulkkalda-01,,전제(를) 깔다,ko,idiom,전제(를) 깔다,P1,"MEANING (inferred from content structure, not real search data)",,,전제(를) 깔다,To lay out an underlying assumption before saying/arguing something.,3,2,2,2,2,2,2,AUTO_CLASSIFIED,P3,KNU 한국어 일상 표현 사전 (Naver 오픈사전),"dictionary-style only, no nuance/example yet; korean accuracy not yet human-verified (separate axis from content strategy fit)"
domaegeumeuronomgida-01,,도매금으로 넘기다,ko,idiom,도매금으로 넘기다,P1,"MEANING (inferred from content structure, not real search data)",,,도매금으로 넘기다,"Figuratively, to lump distinct things together and treat them all the same, unfairly.",3,2,2,2,2,2,2,AUTO_CLASSIFIED,P3,KNU 한국어 일상 표현 사전 (Naver 오픈사전),"dictionary-style only, no nuance/example yet; korean accuracy not yet human-verified (separate axis from content strategy fit)"
chueogeulsohwanhada-01,,추억(을) 소환하다,ko,idiom,추억(을) 소환하다,P1,"MEANING (inferred from content structure, not real search data)",,,추억(을) 소환하다,To bring back old memories vividly.,3,2,2,2,2,2,2,AUTO_CLASSIFIED,P3,KNU 한국어 일상 표현 사전 (Naver 오픈사전),"dictionary-style only, no nuance/example yet; korean accuracy not yet human-verified (separate axis from content strategy fit)"
beoseonballorwuieonaoda-01,,버선발로 뛰어나오다,ko,idiom,버선발로 뛰어나오다,P1,"MEANING (inferred from content structure, not real search data)",,,버선발로 뛰어나오다,"Figuratively, to rush out to greet someone extremely warmly.",3,2,2,2,2,2,2,AUTO_CLASSIFIED,P3,KNU 한국어 일상 표현 사전 (Naver 오픈사전),"dictionary-style only, no nuance/example yet; korean accuracy not yet human-verified (separate axis from content strategy fit)"
dogajinachida-01,,도가 지나치다,ko,idiom,도가 지나치다,P1,"MEANING (inferred from content structure, not real search data)",,,도가 지나치다,To go beyond an acceptable limit.,3,2,2,2,2,2,2,AUTO_CLASSIFIED,P3,KNU 한국어 일상 표현 사전 (Naver 오픈사전),"dictionary-style only, no nuance/example yet; korean accuracy not yet human-verified (separate axis from content strategy fit)"
dokkinuneultteuda-01,,도끼눈(을) 뜨다,ko,idiom,도끼눈(을) 뜨다,P1,"MEANING (inferred from content structure, not real search data)",,,도끼눈(을) 뜨다,To glare fiercely at someone in anger or resentment.,3,2,2,2,2,2,2,AUTO_CLASSIFIED,P3,KNU 한국어 일상 표현 사전 (Naver 오픈사전),"dictionary-style only, no nuance/example yet; korean accuracy not yet human-verified (separate axis from content strategy fit)"
gwangdaeseungcheon-01,,광대 승천,ko,idiom,광대 승천,P1,"MEANING (inferred from content structure, not real search data)",,,광대 승천,"Figuratively, describing an extremely good mood — ""the cheekbones ascend to heaven"" from smiling so much.",3,2,2,2,2,2,2,AUTO_CLASSIFIED,P3,KNU 한국어 일상 표현 사전 (Naver 오픈사전),"dictionary-style only, no nuance/example yet; korean accuracy not yet human-verified (separate axis from content strategy fit)"
ppyeoreulmatda-01,,뼈(를) 맞다,ko,idiom,뼈(를) 맞다,P1,"MEANING (inferred from content structure, not real search data)",,,뼈(를) 맞다,To be sharply criticized on a key point one was trying to hide.,3,2,2,2,2,2,2,AUTO_CLASSIFIED,P3,KNU 한국어 일상 표현 사전 (Naver 오픈사전),"dictionary-style only, no nuance/example yet; korean accuracy not yet human-verified (separate axis from content strategy fit)"
bareulgeolchida-01,,발(을) 걸치다,ko,idiom,발(을) 걸치다,P1,"MEANING (inferred from content structure, not real search data)",,,발(을) 걸치다,"To be involved in something, at least partially or peripherally.",3,2,2,2,2,2,2,AUTO_CLASSIFIED,P3,KNU 한국어 일상 표현 사전 (Naver 오픈사전),"dictionary-style only, no nuance/example yet; korean accuracy not yet human-verified (separate axis from content strategy fit)"
ibeulteolda-01,,입(을) 털다,ko,idiom,입(을) 털다,P1,"MEANING (inferred from content structure, not real search data)",,,입(을) 털다,"Informally, to talk a lot, often boastfully.",3,2,2,2,2,2,2,AUTO_CLASSIFIED,P3,KNU 한국어 일상 표현 사전 (Naver 오픈사전),"dictionary-style only, no nuance/example yet; korean accuracy not yet human-verified (separate axis from content strategy fit)"
sureuljuda-01,,수를 두다,ko,idiom,수를 두다,P1,"MEANING (inferred from content structure, not real search data)",,,수를 두다,To decide on a method for solving something.,3,2,2,2,2,2,2,AUTO_CLASSIFIED,P3,KNU 한국어 일상 표현 사전 (Naver 오픈사전),"dictionary-style only, no nuance/example yet; korean accuracy not yet human-verified (separate axis from content strategy fit)"
bonuianige-01,,본의 아니게,ko,idiom,본의 아니게,P1,"MEANING (inferred from content structure, not real search data)",,,본의 아니게,"""Unintentionally"" — contrary to one's original intent.",3,2,2,2,2,2,2,AUTO_CLASSIFIED,P3,KNU 한국어 일상 표현 사전 (Naver 오픈사전),"dictionary-style only, no nuance/example yet; korean accuracy not yet human-verified (separate axis from content strategy fit)"
simjangicheolreonghada-01,,심장(이) 철렁하다,ko,idiom,심장(이) 철렁하다,P1,"MEANING (inferred from content structure, not real search data)",,,심장(이) 철렁하다,"To be greatly startled, one's heart dropping.",3,2,2,2,2,2,2,AUTO_CLASSIFIED,P3,KNU 한국어 일상 표현 사전 (Naver 오픈사전),"dictionary-style only, no nuance/example yet; korean accuracy not yet human-verified (separate axis from content strategy fit)"
isseoboida-02,,있어 보이다,ko,idiom,있어 보이다,P1,"MEANING (inferred from content structure, not real search data)",,,있어 보이다,To look capable or economically well-off.,3,2,2,2,2,2,2,AUTO_CLASSIFIED,P3,KNU 한국어 일상 표현 사전 (Naver 오픈사전),"dictionary-style only, no nuance/example yet; korean accuracy not yet human-verified (separate axis from content strategy fit)"
anmyeonIitda-01,,안면(이) 있다,ko,idiom,안면(이) 있다,P1,"MEANING (inferred from content structure, not real search data)",,,안면(이) 있다,"To know someone by face, having interacted before.",3,2,2,2,2,2,2,AUTO_CLASSIFIED,P3,KNU 한국어 일상 표현 사전 (Naver 오픈사전),"dictionary-style only, no nuance/example yet; korean accuracy not yet human-verified (separate axis from content strategy fit)"
ppajida-01,,빠지다,ko,idiom,빠지다,P1,"MEANING (inferred from content structure, not real search data)",,,빠지다,(Military slang) for one's stamina to have declined.,3,2,2,2,2,2,2,AUTO_CLASSIFIED,P3,KNU 한국어 일상 표현 사전 (Naver 오픈사전),"dictionary-style only, no nuance/example yet; korean accuracy not yet human-verified (separate axis from content strategy fit)"
bareuldamgeuda-01,,발(을) 담그다,ko,idiom,발(을) 담그다,P1,"MEANING (inferred from content structure, not real search data)",,,발(을) 담그다,To become involved in some matter.,3,2,2,2,2,2,2,AUTO_CLASSIFIED,P3,KNU 한국어 일상 표현 사전 (Naver 오픈사전),"dictionary-style only, no nuance/example yet; korean accuracy not yet human-verified (separate axis from content strategy fit)"
butdeureomaeda-01,,붙들어 매다,ko,idiom,붙들어 매다,P1,"MEANING (inferred from content structure, not real search data)",,,붙들어 매다,"To stop a certain thought or worry, holding it back.",3,2,2,2,2,2,2,AUTO_CLASSIFIED,P3,KNU 한국어 일상 표현 사전 (Naver 오픈사전),"dictionary-style only, no nuance/example yet; korean accuracy not yet human-verified (separate axis from content strategy fit)"
ganeulboda-01,,간(을) 보다,ko,idiom,간(을) 보다,P1,"MEANING (inferred from content structure, not real search data)",,,간(을) 보다,To subtly test/gauge how someone feels about something before committing.,3,2,2,2,2,2,2,AUTO_CLASSIFIED,P3,KNU 한국어 일상 표현 사전 (Naver 오픈사전),"dictionary-style only, no nuance/example yet; korean accuracy not yet human-verified (separate axis from content strategy fit)"
jebalro-01,,제 발로,ko,idiom,제 발로,P1,"MEANING (inferred from content structure, not real search data)",,,제 발로,"""Of one's own accord"" — moving somewhere entirely by one's own will.",3,2,2,2,2,2,2,AUTO_CLASSIFIED,P3,KNU 한국어 일상 표현 사전 (Naver 오픈사전),"dictionary-style only, no nuance/example yet; korean accuracy not yet human-verified (separate axis from content strategy fit)"
beire-ssaida-01,,베일에 싸이다,ko,idiom,베일에 싸이다,P1,"MEANING (inferred from content structure, not real search data)",,,베일에 싸이다,For a fact to be so secretive that it's impossible to know for sure.,3,2,2,2,2,2,2,AUTO_CLASSIFIED,P3,KNU 한국어 일상 표현 사전 (Naver 오픈사전),"dictionary-style only, no nuance/example yet; korean accuracy not yet human-verified (separate axis from content strategy fit)"
janmangmi-01,,잔망미,ko,idiom,잔망미,P1,"MEANING (inferred from content structure, not real search data)",,,잔망미,A mischievous charm displayed in cute or playful behavior.,3,2,2,2,2,2,2,AUTO_CLASSIFIED,P3,KNU 한국어 일상 표현 사전 (Naver 오픈사전),"dictionary-style only, no nuance/example yet; korean accuracy not yet human-verified (separate axis from content strategy fit)"
pumideulda-01,,품(이) 들다,ko,idiom,품(이) 들다,P1,"MEANING (inferred from content structure, not real search data)",,,품(이) 들다,For labor or effort to be needed for a task.,3,2,2,2,2,2,2,AUTO_CLASSIFIED,P3,KNU 한국어 일상 표현 사전 (Naver 오픈사전),"dictionary-style only, no nuance/example yet; korean accuracy not yet human-verified (separate axis from content strategy fit)"
jwitgapseulchireuda-01,,죗값을 치르다,ko,idiom,죗값을 치르다,P1,"MEANING (inferred from content structure, not real search data)",,,죗값을 치르다,To face the consequences for a wrong one has committed.,3,2,2,2,2,2,2,AUTO_CLASSIFIED,P3,KNU 한국어 일상 표현 사전 (Naver 오픈사전),"dictionary-style only, no nuance/example yet; korean accuracy not yet human-verified (separate axis from content strategy fit)"
sujitasanimatda-01,,수지 타산(이) 맞다,ko,idiom,수지 타산(이) 맞다,P1,"MEANING (inferred from content structure, not real search data)",,,수지 타산(이) 맞다,For an effort's cost and payoff to balance out favorably.,3,2,2,2,2,2,2,AUTO_CLASSIFIED,P3,KNU 한국어 일상 표현 사전 (Naver 오픈사전),"dictionary-style only, no nuance/example yet; korean accuracy not yet human-verified (separate axis from content strategy fit)"
meoritssogihayaejida-01,,머릿속이 하얘지다,ko,idiom,머릿속이 하얘지다,P1,"MEANING (inferred from content structure, not real search data)",,,머릿속이 하얘지다,For one's mind to go blank from shock or nervousness.,3,2,2,2,2,2,2,AUTO_CLASSIFIED,P3,KNU 한국어 일상 표현 사전 (Naver 오픈사전),"dictionary-style only, no nuance/example yet; korean accuracy not yet human-verified (separate axis from content strategy fit)"
habimatda-01,,합(이) 맞다,ko,idiom,합(이) 맞다,P1,"MEANING (inferred from content structure, not real search data)",,,합(이) 맞다,For two or more people's thinking/behavior to sync up well when doing something together.,3,2,2,2,2,2,2,AUTO_CLASSIFIED,P3,KNU 한국어 일상 표현 사전 (Naver 오픈사전),"dictionary-style only, no nuance/example yet; korean accuracy not yet human-verified (separate axis from content strategy fit)"
sonjeoreulchida-01,,손절(을) 치다,ko,idiom,손절(을) 치다,P1,"MEANING (inferred from content structure, not real search data)",,,손절(을) 치다,To cut off a relationship or investment to stop further loss.,3,2,2,2,2,2,2,AUTO_CLASSIFIED,P3,KNU 한국어 일상 표현 사전 (Naver 오픈사전),"dictionary-style only, no nuance/example yet; korean accuracy not yet human-verified (separate axis from content strategy fit)"
chemyeoniseoda-01,,체면이 서다,ko,idiom,체면이 서다,P1,"MEANING (inferred from content structure, not real search data)",,,체면이 서다,To not lose face in front of others.,3,2,2,2,2,2,2,AUTO_CLASSIFIED,P3,KNU 한국어 일상 표현 사전 (Naver 오픈사전),"dictionary-style only, no nuance/example yet; korean accuracy not yet human-verified (separate axis from content strategy fit)"
heulligodanida-01,,흘리고 다니다,ko,idiom,흘리고 다니다,P1,"MEANING (inferred from content structure, not real search data)",,,흘리고 다니다,To subtly signal one's interest to the opposite sex.,3,2,2,2,2,2,2,AUTO_CLASSIFIED,P3,KNU 한국어 일상 표현 사전 (Naver 오픈사전),"dictionary-style only, no nuance/example yet; korean accuracy not yet human-verified (separate axis from content strategy fit)"
haniseorida-01,,한(이) 서리다,ko,idiom,한(이) 서리다,P1,"MEANING (inferred from content structure, not real search data)",,,한(이) 서리다,For a deep grievance to have taken firm root in one's heart.,3,2,2,2,2,2,2,AUTO_CLASSIFIED,P3,KNU 한국어 일상 표현 사전 (Naver 오픈사전),"dictionary-style only, no nuance/example yet; korean accuracy not yet human-verified (separate axis from content strategy fit)"
ttabong-01,,따봉,ko,idiom,따봉,P1,"MEANING (inferred from content structure, not real search data)",,,따봉,A thumbs-up gesture showing something is great.,3,2,2,2,2,2,2,AUTO_CLASSIFIED,P3,KNU 한국어 일상 표현 사전 (Naver 오픈사전),"dictionary-style only, no nuance/example yet; korean accuracy not yet human-verified (separate axis from content strategy fit)"
dodolipyo-01,,도돌이표,ko,idiom,도돌이표,P1,"MEANING (inferred from content structure, not real search data)",,,도돌이표,"Figuratively, an unfavorable situation that keeps repeating without improvement.",3,2,2,2,2,2,2,AUTO_CLASSIFIED,P3,KNU 한국어 일상 표현 사전 (Naver 오픈사전),"dictionary-style only, no nuance/example yet; korean accuracy not yet human-verified (separate axis from content strategy fit)"
saneulneomda-01,,산(을) 넘다,ko,idiom,산(을) 넘다,P1,"MEANING (inferred from content structure, not real search data)",,,산(을) 넘다,"Figuratively, to overcome a difficulty.",3,2,2,2,2,2,2,AUTO_CLASSIFIED,P3,KNU 한국어 일상 표현 사전 (Naver 오픈사전),"dictionary-style only, no nuance/example yet; korean accuracy not yet human-verified (separate axis from content strategy fit)"
gajigajihada-01,,가지가지 하다,ko,idiom,가지가지 하다,P1,"MEANING (inferred from content structure, not real search data)",,,가지가지 하다,Sarcastically noting someone's wide variety of bad behaviors.,3,2,2,2,2,2,2,AUTO_CLASSIFIED,P3,KNU 한국어 일상 표현 사전 (Naver 오픈사전),"dictionary-style only, no nuance/example yet; korean accuracy not yet human-verified (separate axis from content strategy fit)"
meorireulssaemaeda-01,,머리(를) 싸매다,ko,idiom,머리(를) 싸매다,P1,"MEANING (inferred from content structure, not real search data)",,,머리(를) 싸매다,To agonize hard over something.,3,2,2,2,2,2,2,AUTO_CLASSIFIED,P3,KNU 한국어 일상 표현 사전 (Naver 오픈사전),"dictionary-style only, no nuance/example yet; korean accuracy not yet human-verified (separate axis from content strategy fit)"
baegimyeonbaek-01,,백이면 백,ko,idiom,백이면 백,P1,"MEANING (inferred from content structure, not real search data)",,,백이면 백,"""A hundred out of a hundred"" — without exception, always.",3,2,2,2,2,2,2,AUTO_CLASSIFIED,P3,KNU 한국어 일상 표현 사전 (Naver 오픈사전),"dictionary-style only, no nuance/example yet; korean accuracy not yet human-verified (separate axis from content strategy fit)"
maeumiyakhada-02,,마음(이) 약하다,ko,idiom,마음(이) 약하다,P1,"MEANING (inferred from content structure, not real search data)",,,마음(이) 약하다,To be easily hurt/shaken by others' words or actions.,3,2,2,2,2,2,2,AUTO_CLASSIFIED,P3,KNU 한국어 일상 표현 사전 (Naver 오픈사전),"dictionary-style only, no nuance/example yet; korean accuracy not yet human-verified (separate axis from content strategy fit)"
jjannae-01,,짠내,ko,idiom,짠내,P1,"MEANING (inferred from content structure, not real search data)",,,짠내,"A poignant, bittersweet vibe evoking pity or sympathy.",3,2,2,2,2,2,2,AUTO_CLASSIFIED,P3,KNU 한국어 일상 표현 사전 (Naver 오픈사전),"dictionary-style only, no nuance/example yet; korean accuracy not yet human-verified (separate axis from content strategy fit)"
pagugeurochidatda-01,,파국으로 치닫다,ko,idiom,파국으로 치닫다,P1,"MEANING (inferred from content structure, not real search data)",,,파국으로 치닫다,For a matter/situation to head rapidly toward total collapse.,3,2,2,2,2,2,2,AUTO_CLASSIFIED,P3,KNU 한국어 일상 표현 사전 (Naver 오픈사전),"dictionary-style only, no nuance/example yet; korean accuracy not yet human-verified (separate axis from content strategy fit)"
saseogosaengida-01,,사서 고생이다,ko,idiom,사서 고생이다,P1,"MEANING (inferred from content structure, not real search data)",,,사서 고생이다,To bring hardship on oneself unnecessarily.,3,2,2,2,2,2,2,AUTO_CLASSIFIED,P3,KNU 한국어 일상 표현 사전 (Naver 오픈사전),"dictionary-style only, no nuance/example yet; korean accuracy not yet human-verified (separate axis from content strategy fit)"
hanchiap-01,,한 치 앞,ko,idiom,한 치 앞,P1,"MEANING (inferred from content structure, not real search data)",,,한 치 앞,"""Right in front of you"" — the immediate near future.",3,2,2,2,2,2,2,AUTO_CLASSIFIED,P3,KNU 한국어 일상 표현 사전 (Naver 오픈사전),"dictionary-style only, no nuance/example yet; korean accuracy not yet human-verified (separate axis from content strategy fit)"
naemsaereulmatda-01,,냄새를 맡다,ko,idiom,냄새를 맡다,P1,"MEANING (inferred from content structure, not real search data)",,,냄새를 맡다,"Figuratively, to sense the mood/circumstances of a situation.",3,2,2,2,2,2,2,AUTO_CLASSIFIED,P3,KNU 한국어 일상 표현 사전 (Naver 오픈사전),"dictionary-style only, no nuance/example yet; korean accuracy not yet human-verified (separate axis from content strategy fit)"
hankyue-kkeutnaeda-01,,한 큐에 끝내다,ko,idiom,한 큐에 끝내다,P1,"MEANING (inferred from content structure, not real search data)",,,한 큐에 끝내다,To finish a task in a single attempt.,3,2,2,2,2,2,2,AUTO_CLASSIFIED,P3,KNU 한국어 일상 표현 사전 (Naver 오픈사전),"dictionary-style only, no nuance/example yet; korean accuracy not yet human-verified (separate axis from content strategy fit)"
jujeobeulteolda-01,,주접(을) 떨다,ko,idiom,주접(을) 떨다,P1,"MEANING (inferred from content structure, not real search data)",,,주접(을) 떨다,To criticize someone's words/behavior as excessively over-the-top.,3,2,2,2,2,2,2,AUTO_CLASSIFIED,P3,KNU 한국어 일상 표현 사전 (Naver 오픈사전),"dictionary-style only, no nuance/example yet; korean accuracy not yet human-verified (separate axis from content strategy fit)"
sonbadakan-01,,손바닥 안,ko,idiom,손바닥 안,P1,"MEANING (inferred from content structure, not real search data)",,,손바닥 안,The scope of what someone can control or influence.,3,2,2,2,2,2,2,AUTO_CLASSIFIED,P3,KNU 한국어 일상 표현 사전 (Naver 오픈사전),"dictionary-style only, no nuance/example yet; korean accuracy not yet human-verified (separate axis from content strategy fit)"
saramguisil-01,,사람 구실,ko,idiom,사람 구실,P1,"MEANING (inferred from content structure, not real search data)",,,사람 구실,"Being able to function as an independent, contributing member of society.",3,2,2,2,2,2,2,AUTO_CLASSIFIED,P3,KNU 한국어 일상 표현 사전 (Naver 오픈사전),"dictionary-style only, no nuance/example yet; korean accuracy not yet human-verified (separate axis from content strategy fit)"
geupjianeunbokgwon-01,,급지 않은 복권,ko,idiom,급지 않은 복권,P1,"MEANING (inferred from content structure, not real search data)",,,급지 않은 복권,"Figuratively, someone/something with great future potential for success.",3,2,2,2,2,2,2,AUTO_CLASSIFIED,P3,KNU 한국어 일상 표현 사전 (Naver 오픈사전),"dictionary-style only, no nuance/example yet; korean accuracy not yet human-verified (separate axis from content strategy fit)"
chogijota-01,,촉(이) 좋다,ko,idiom,촉(이) 좋다,P1,"MEANING (inferred from content structure, not real search data)",,,촉(이) 좋다,To have sharp intuition/insight.,3,2,2,2,2,2,2,AUTO_CLASSIFIED,P3,KNU 한국어 일상 표현 사전 (Naver 오픈사전),"dictionary-style only, no nuance/example yet; korean accuracy not yet human-verified (separate axis from content strategy fit)"
hyeontagaoda-01,,현타(가) 오다,ko,idiom,현타(가) 오다,P1,"MEANING (inferred from content structure, not real search data)",,,현타(가) 오다,"For a sudden reality-check moment to hit, becoming aware of one's true circumstances.",3,2,2,2,2,2,2,AUTO_CLASSIFIED,P3,KNU 한국어 일상 표현 사전 (Naver 오픈사전),"dictionary-style only, no nuance/example yet; korean accuracy not yet human-verified (separate axis from content strategy fit)"
yageulchida-01,,약(을) 치다,ko,idiom,약(을) 치다,P1,"MEANING (inferred from content structure, not real search data)",,,약(을) 치다,"Informally, to exaggerate or lie.",3,2,2,2,2,2,2,AUTO_CLASSIFIED,P3,KNU 한국어 일상 표현 사전 (Naver 오픈사전),"dictionary-style only, no nuance/example yet; korean accuracy not yet human-verified (separate axis from content strategy fit)"
goldeunbereulullida-01,,골든벨(을) 울리다,ko,idiom,골든벨(을) 울리다,P1,"MEANING (inferred from content structure, not real search data)",,,골든벨(을) 울리다,"Figuratively, to treat everyone in a place to something (like a round of drinks/food) at one's own expense.",3,2,2,2,2,2,2,AUTO_CLASSIFIED,P3,KNU 한국어 일상 표현 사전 (Naver 오픈사전),"dictionary-style only, no nuance/example yet; korean accuracy not yet human-verified (separate axis from content strategy fit)"
daeryugui-silsu-01,,대륙의 실수,ko,idiom,대륙의 실수,P1,"MEANING (inferred from content structure, not real search data)",,,대륙의 실수,A Chinese-made product that unexpectedly turns out to be surprisingly good quality.,3,2,2,2,2,2,2,AUTO_CLASSIFIED,P3,KNU 한국어 일상 표현 사전 (Naver 오픈사전),"dictionary-style only, no nuance/example yet; korean accuracy not yet human-verified (separate axis from content strategy fit)"
siseonikkochida-01,,시선(이) 꽂히다,ko,idiom,시선(이) 꽂히다,P1,"MEANING (inferred from content structure, not real search data)",,,시선(이) 꽂히다,For one's gaze to become fixed on something.,3,2,2,2,2,2,2,AUTO_CLASSIFIED,P3,KNU 한국어 일상 표현 사전 (Naver 오픈사전),"dictionary-style only, no nuance/example yet; korean accuracy not yet human-verified (separate axis from content strategy fit)"
peiseureuryujihada-01,,페이스(를) 유지하다,ko,idiom,페이스(를) 유지하다,P1,"MEANING (inferred from content structure, not real search data)",,,페이스(를) 유지하다,"To keep a steady, unwavering pace regardless of the situation.",3,2,2,2,2,2,2,AUTO_CLASSIFIED,P3,KNU 한국어 일상 표현 사전 (Naver 오픈사전),"dictionary-style only, no nuance/example yet; korean accuracy not yet human-verified (separate axis from content strategy fit)"
ojiraeeulteolda-01,,오지랖(을) 떨다,ko,idiom,오지랖(을) 떨다,P1,"MEANING (inferred from content structure, not real search data)",,,오지랖(을) 떨다,To meddle excessively in others' affairs.,3,2,2,2,2,2,2,AUTO_CLASSIFIED,P3,KNU 한국어 일상 표현 사전 (Naver 오픈사전),"dictionary-style only, no nuance/example yet; korean accuracy not yet human-verified (separate axis from content strategy fit)"
jjoksuenneunjangsaeopda-01,,쪽 수에는 장사 없다,ko,idiom,쪽 수에는 장사 없다,P1,"MEANING (inferred from content structure, not real search data)",,,쪽 수에는 장사 없다,"No matter how strong you are, you can't win against overwhelming numbers.",3,2,2,2,2,2,2,AUTO_CLASSIFIED,P3,KNU 한국어 일상 표현 사전 (Naver 오픈사전),"dictionary-style only, no nuance/example yet; korean accuracy not yet human-verified (separate axis from content strategy fit)"
nunchigaeopda-01,,눈치(가) 없다,ko,idiom,눈치(가) 없다,P1,"MEANING (inferred from content structure, not real search data)",,,눈치(가) 없다,To lack the ability to read others' feelings or a situation.,3,2,2,2,2,2,2,AUTO_CLASSIFIED,P3,KNU 한국어 일상 표현 사전 (Naver 오픈사전),"dictionary-style only, no nuance/example yet; korean accuracy not yet human-verified (separate axis from content strategy fit)"
handokkeutdoeopda-01,,한도 끝도 없다,ko,idiom,한도 끝도 없다,P1,"MEANING (inferred from content structure, not real search data)",,,한도 끝도 없다,For something to continue endlessly without limit.,3,2,2,2,2,2,2,AUTO_CLASSIFIED,P3,KNU 한국어 일상 표현 사전 (Naver 오픈사전),"dictionary-style only, no nuance/example yet; korean accuracy not yet human-verified (separate axis from content strategy fit)"
gungigappajida-01,,군기(가) 빠지다,ko,idiom,군기(가) 빠지다,P1,"MEANING (inferred from content structure, not real search data)",,,군기(가) 빠지다,"Figuratively, to lose discipline/vigor, becoming slack.",3,2,2,2,2,2,2,AUTO_CLASSIFIED,P3,KNU 한국어 일상 표현 사전 (Naver 오픈사전),"dictionary-style only, no nuance/example yet; korean accuracy not yet human-verified (separate axis from content strategy fit)"
ppyeoldoeopda-01,,뻘도 없다,ko,idiom,뻘도 없다,P1,"MEANING (inferred from content structure, not real search data)",,,뻘도 없다,"To have no self-respect, unwilling to protect one's own dignity.",3,2,2,2,2,2,2,AUTO_CLASSIFIED,P3,KNU 한국어 일상 표현 사전 (Naver 오픈사전),"dictionary-style only, no nuance/example yet; korean accuracy not yet human-verified (separate axis from content strategy fit)"
jjolda-01,,쫄다,ko,idiom,쫄다,P1,"MEANING (inferred from content structure, not real search data)",,,쫄다,To become intimidated and lose courage in front of a threatening target.,3,2,2,2,2,2,2,AUTO_CLASSIFIED,P3,KNU 한국어 일상 표현 사전 (Naver 오픈사전),"dictionary-style only, no nuance/example yet; korean accuracy not yet human-verified (separate axis from content strategy fit)"
balmandamgeurida-01,,발만 담그다,ko,idiom,발만 담그다,P1,"MEANING (inferred from content structure, not real search data)",,,발만 담그다,To get only lightly/tentatively involved in something rather than fully committing.,3,2,2,2,2,2,2,AUTO_CLASSIFIED,P3,KNU 한국어 일상 표현 사전 (Naver 오픈사전),"dictionary-style only, no nuance/example yet; korean accuracy not yet human-verified (separate axis from content strategy fit)"
sokdoeopda-01,,속도 없다,ko,idiom,속도 없다,P1,"MEANING (inferred from content structure, not real search data)",,,속도 없다,To lack the sense/judgment to properly assess a situation.,3,2,2,2,2,2,2,AUTO_CLASSIFIED,P3,KNU 한국어 일상 표현 사전 (Naver 오픈사전),"dictionary-style only, no nuance/example yet; korean accuracy not yet human-verified (separate axis from content strategy fit)"
dasiboda-01,,다시 보다,ko,idiom,다시 보다,P1,"MEANING (inferred from content structure, not real search data)",,,다시 보다,To re-evaluate someone/something from a new perspective.,3,2,2,2,2,2,2,AUTO_CLASSIFIED,P3,KNU 한국어 일상 표현 사전 (Naver 오픈사전),"dictionary-style only, no nuance/example yet; korean accuracy not yet human-verified (separate axis from content strategy fit)"
jameulseolchida-01,,잠(을) 설치다,ko,idiom,잠(을) 설치다,P1,"MEANING (inferred from content structure, not real search data)",,,잠(을) 설치다,To fail to sleep deeply.,3,2,2,2,2,2,2,AUTO_CLASSIFIED,P3,KNU 한국어 일상 표현 사전 (Naver 오픈사전),"dictionary-style only, no nuance/example yet; korean accuracy not yet human-verified (separate axis from content strategy fit)"
chemyeoneulcharida-01,,체면(을) 차리다,ko,idiom,체면(을) 차리다,P1,"MEANING (inferred from content structure, not real search data)",,,체면(을) 차리다,To maintain a dignified attitude/manner in front of others.,3,2,2,2,2,2,2,AUTO_CLASSIFIED,P3,KNU 한국어 일상 표현 사전 (Naver 오픈사전),"dictionary-style only, no nuance/example yet; korean accuracy not yet human-verified (separate axis from content strategy fit)"
tiktikgeorida-01,,틱틱거리다,ko,idiom,틱틱거리다,P1,"MEANING (inferred from content structure, not real search data)",,,틱틱거리다,"To speak in a constantly grumpy, irritable tone.",3,2,2,2,2,2,2,AUTO_CLASSIFIED,P3,KNU 한국어 일상 표현 사전 (Naver 오픈사전),"dictionary-style only, no nuance/example yet; korean accuracy not yet human-verified (separate axis from content strategy fit)"
teureulkkaeda-01,,틀을 깨다,ko,idiom,틀을 깨다,P1,"MEANING (inferred from content structure, not real search data)",,,틀을 깨다,To break away from an existing standard or format.,3,2,2,2,2,2,2,AUTO_CLASSIFIED,P3,KNU 한국어 일상 표현 사전 (Naver 오픈사전),"dictionary-style only, no nuance/example yet; korean accuracy not yet human-verified (separate axis from content strategy fit)"
eoltaengigaeopda-01,,얼탱이(가) 없다,ko,idiom,얼탱이(가) 없다,P1,"MEANING (inferred from content structure, not real search data)",,,얼탱이(가) 없다,"Informally, for something to be so absurd/out-of-line it's hard to believe.",3,2,2,2,2,2,2,AUTO_CLASSIFIED,P3,KNU 한국어 일상 표현 사전 (Naver 오픈사전),"dictionary-style only, no nuance/example yet; korean accuracy not yet human-verified (separate axis from content strategy fit)"
kotbarameulssoeda-01,,콧바람(을) 쐬다,ko,idiom,콧바람(을) 쐬다,P1,"MEANING (inferred from content structure, not real search data)",,,콧바람(을) 쐬다,To go out for a change of mood.,3,2,2,2,2,2,2,AUTO_CLASSIFIED,P3,KNU 한국어 일상 표현 사전 (Naver 오픈사전),"dictionary-style only, no nuance/example yet; korean accuracy not yet human-verified (separate axis from content strategy fit)"
jutdaegaeopda-01,,줏대(가) 없다,ko,idiom,줏대(가) 없다,P1,"MEANING (inferred from content structure, not real search data)",,,줏대(가) 없다,To lack a firm sense of one's own position or opinion.,3,2,2,2,2,2,2,AUTO_CLASSIFIED,P3,KNU 한국어 일상 표현 사전 (Naver 오픈사전),"dictionary-style only, no nuance/example yet; korean accuracy not yet human-verified (separate axis from content strategy fit)"
tokkigateun-n-01,,토끼 같은 N,ko,idiom,토끼 같은 N,P1,"MEANING (inferred from content structure, not real search data)",,,토끼 같은 N,"""A rabbit-like N"" — describing something (usually family) as adorable and precious.",3,2,2,2,2,2,2,AUTO_CLASSIFIED,P3,KNU 한국어 일상 표현 사전 (Naver 오픈사전),"dictionary-style only, no nuance/example yet; korean accuracy not yet human-verified (separate axis from content strategy fit)"
kadeureulppopda-01,,카드(를) 뽑다,ko,idiom,카드(를) 뽑다,P1,"MEANING (inferred from content structure, not real search data)",,,카드(를) 뽑다,"Figuratively, to attempt some means/method.",3,2,2,2,2,2,2,AUTO_CLASSIFIED,P3,KNU 한국어 일상 표현 사전 (Naver 오픈사전),"dictionary-style only, no nuance/example yet; korean accuracy not yet human-verified (separate axis from content strategy fit)"
ppangteojida-01,,빵 터지다,ko,idiom,빵 터지다,P1,"MEANING (inferred from content structure, not real search data)",,,빵 터지다,To suddenly burst out laughing.,3,2,2,2,2,2,2,AUTO_CLASSIFIED,P3,KNU 한국어 일상 표현 사전 (Naver 오픈사전),"dictionary-style only, no nuance/example yet; korean accuracy not yet human-verified (separate axis from content strategy fit)"
jjameulsikida-01,,짬(을) 시키다,ko,idiom,짬(을) 시키다,P1,"MEANING (inferred from content structure, not real search data)",,,짬(을) 시키다,(Military slang) to push one's own task onto someone else.,3,2,2,2,2,2,2,AUTO_CLASSIFIED,P3,KNU 한국어 일상 표현 사전 (Naver 오픈사전),"dictionary-style only, no nuance/example yet; korean accuracy not yet human-verified (separate axis from content strategy fit)"
saenggyereulkkurida-01,,생계(를) 꾸리다,ko,idiom,생계(를) 꾸리다,P1,"MEANING (inferred from content structure, not real search data)",,,생계(를) 꾸리다,To manage and sustain one's livelihood.,3,2,2,2,2,2,2,AUTO_CLASSIFIED,P3,KNU 한국어 일상 표현 사전 (Naver 오픈사전),"dictionary-style only, no nuance/example yet; korean accuracy not yet human-verified (separate axis from content strategy fit)"
saenggidamalda-01,,생기다 말다,ko,idiom,생기다 말다,P1,"MEANING (inferred from content structure, not real search data)",,,생기다 말다,Describes something (usually a body part) that's noticeably too small/underdeveloped.,3,2,2,2,2,2,2,AUTO_CLASSIFIED,P3,KNU 한국어 일상 표현 사전 (Naver 오픈사전),"dictionary-style only, no nuance/example yet; korean accuracy not yet human-verified (separate axis from content strategy fit)"
vgoanhagouimunjegaanida-01,,V-고 안 하고의 문제가 아니다,ko,idiom,V-고 안 하고의 문제가 아니다,P1,"MEANING (inferred from content structure, not real search data)",,,V-고 안 하고의 문제가 아니다,"""It's not a matter of whether to do it or not"" — implying a different issue is unrelated to the one raised.",3,2,2,2,2,2,2,AUTO_CLASSIFIED,P3,KNU 한국어 일상 표현 사전 (Naver 오픈사전),"dictionary-style only, no nuance/example yet; korean accuracy not yet human-verified (separate axis from content strategy fit)"
mareulssotda-01,,말(을) 쏟다,ko,idiom,말(을) 쏟다,P1,"MEANING (inferred from content structure, not real search data)",,,말(을) 쏟다,To pour out one's thoughts/feelings honestly and without holding back.,3,2,2,2,2,2,2,AUTO_CLASSIFIED,P3,KNU 한국어 일상 표현 사전 (Naver 오픈사전),"dictionary-style only, no nuance/example yet; korean accuracy not yet human-verified (separate axis from content strategy fit)"
gwisineulsogyeora-01,,귀신을 속여라,ko,idiom,귀신을 속여라,P1,"MEANING (inferred from content structure, not real search data)",,,귀신을 속여라,"""Go fool a ghost"" — telling someone their claim of innocence isn't believable at all.",3,2,2,2,2,2,2,AUTO_CLASSIFIED,P3,KNU 한국어 일상 표현 사전 (Naver 오픈사전),"dictionary-style only, no nuance/example yet; korean accuracy not yet human-verified (separate axis from content strategy fit)"
eolguligota-01,,얼굴(이) 좋다,ko,idiom,얼굴(이) 좋다,P1,"MEANING (inferred from content structure, not real search data)",,,얼굴(이) 좋다,To look healthy and well.,3,2,2,2,2,2,2,AUTO_CLASSIFIED,P3,KNU 한국어 일상 표현 사전 (Naver 오픈사전),"dictionary-style only, no nuance/example yet; korean accuracy not yet human-verified (separate axis from content strategy fit)"
dapdaphannomiumureulpada-01,,답답한 놈이 우물(을) 파다,ko,idiom,답답한 놈이 우물(을) 파다,P1,"MEANING (inferred from content structure, not real search data)",,,답답한 놈이 우물(을) 파다,Whoever needs something most urgently is the one who ends up doing it first.,3,2,2,2,2,2,2,AUTO_CLASSIFIED,P3,KNU 한국어 일상 표현 사전 (Naver 오픈사전),"dictionary-style only, no nuance/example yet; korean accuracy not yet human-verified (separate axis from content strategy fit)"
iraebwaedo-01,,이래 봬도,ko,idiom,이래 봬도,P1,"MEANING (inferred from content structure, not real search data)",,,이래 봬도,"""Even though I may look/seem this way"" — said before revealing a surprising fact about oneself.",3,2,2,2,2,2,2,AUTO_CLASSIFIED,P3,KNU 한국어 일상 표현 사전 (Naver 오픈사전),"dictionary-style only, no nuance/example yet; korean accuracy not yet human-verified (separate axis from content strategy fit)"
gyeonguireulpyohada-01,,경의(를) 표하다,ko,idiom,경의(를) 표하다,P1,"MEANING (inferred from content structure, not real search data)",,,경의(를) 표하다,To outwardly show respect.,3,2,2,2,2,2,2,AUTO_CLASSIFIED,P3,KNU 한국어 일상 표현 사전 (Naver 오픈사전),"dictionary-style only, no nuance/example yet; korean accuracy not yet human-verified (separate axis from content strategy fit)"
bapgapseulhada-01,,밥값(을) 하다,ko,idiom,밥값(을) 하다,P1,"MEANING (inferred from content structure, not real search data)",,,밥값(을) 하다,To fulfill one's role/duty properly.,3,2,2,2,2,2,2,AUTO_CLASSIFIED,P3,KNU 한국어 일상 표현 사전 (Naver 오픈사전),"dictionary-style only, no nuance/example yet; korean accuracy not yet human-verified (separate axis from content strategy fit)"
meokgojugeullaedoeopda-01,,먹고 죽을래도 없다,ko,idiom,먹고 죽을래도 없다,P1,"MEANING (inferred from content structure, not real search data)",,,먹고 죽을래도 없다,For something to be extremely hard to obtain.,3,2,2,2,2,2,2,AUTO_CLASSIFIED,P3,KNU 한국어 일상 표현 사전 (Naver 오픈사전),"dictionary-style only, no nuance/example yet; korean accuracy not yet human-verified (separate axis from content strategy fit)"
bichiparaeda-01,,빛(이) 바래다,ko,idiom,빛(이) 바래다,P1,"MEANING (inferred from content structure, not real search data)",,,빛(이) 바래다,For an achievement/effort's value to fade due to a mistake or bad outcome.,3,2,2,2,2,2,2,AUTO_CLASSIFIED,P3,KNU 한국어 일상 표현 사전 (Naver 오픈사전),"dictionary-style only, no nuance/example yet; korean accuracy not yet human-verified (separate axis from content strategy fit)"
riseupekhada-01,,리스펙하다,ko,idiom,리스펙하다,P1,"MEANING (inferred from content structure, not real search data)",,,리스펙하다,"To respect someone's personality, thinking, or behavior.",3,2,2,2,2,2,2,AUTO_CLASSIFIED,P3,KNU 한국어 일상 표현 사전 (Naver 오픈사전),"dictionary-style only, no nuance/example yet; korean accuracy not yet human-verified (separate axis from content strategy fit)"
oribareulnaeminda-01,,오리발(을) 내밀다,ko,idiom,오리발(을) 내밀다,P1,"MEANING (inferred from content structure, not real search data)",,,오리발(을) 내밀다,"To feign innocence, denying a wrongdoing outright.",3,2,2,2,2,2,2,AUTO_CLASSIFIED,P3,KNU 한국어 일상 표현 사전 (Naver 오픈사전),"dictionary-style only, no nuance/example yet; korean accuracy not yet human-verified (separate axis from content strategy fit)"
yoryeongeulpiuda-02,,요령(을) 피우다,ko,idiom,요령(을) 피우다,P1,"MEANING (inferred from content structure, not real search data)",,,요령(을) 피우다,To cut corners on effort while still trying to look diligent.,3,2,2,2,2,2,2,AUTO_CLASSIFIED,P3,KNU 한국어 일상 표현 사전 (Naver 오픈사전),"dictionary-style only, no nuance/example yet; korean accuracy not yet human-verified (separate axis from content strategy fit)"
sonppyeokdomajuchyeoyasoriganatda-01,,손뼉도 마주쳐야 소리가 난다,ko,idiom,손뼉도 마주쳐야 소리가 난다,P1,"MEANING (inferred from content structure, not real search data)",,,손뼉도 마주쳐야 소리가 난다,Anything requires both sides' effort in order to succeed.,3,2,2,2,2,2,2,AUTO_CLASSIFIED,P3,KNU 한국어 일상 표현 사전 (Naver 오픈사전),"dictionary-style only, no nuance/example yet; korean accuracy not yet human-verified (separate axis from content strategy fit)"
gigamakigokogamakhada-01,,기가 막히고 코가 막히다,ko,idiom,기가 막히고 코가 막히다,P1,"MEANING (inferred from content structure, not real search data)",,,기가 막히고 코가 막히다,To be so appalled/exasperated that one is at a loss for words.,3,2,2,2,2,2,2,AUTO_CLASSIFIED,P3,KNU 한국어 일상 표현 사전 (Naver 오픈사전),"dictionary-style only, no nuance/example yet; korean accuracy not yet human-verified (separate axis from content strategy fit)"
garaneota-01,,갈아 넣다,ko,idiom,갈아 넣다,P1,"MEANING (inferred from content structure, not real search data)",,,갈아 넣다,"To pour in an excessive amount of effort, time, or money into something.",3,2,2,2,2,2,2,AUTO_CLASSIFIED,P3,KNU 한국어 일상 표현 사전 (Naver 오픈사전),"dictionary-style only, no nuance/example yet; korean accuracy not yet human-verified (separate axis from content strategy fit)"
yenajigeumina-01,,예나 지금이나,ko,idiom,예나 지금이나,P1,"MEANING (inferred from content structure, not real search data)",,,예나 지금이나,"""Then as now"" — describing something unchanged from the past to the present.",3,2,2,2,2,2,2,AUTO_CLASSIFIED,P3,KNU 한국어 일상 표현 사전 (Naver 오픈사전),"dictionary-style only, no nuance/example yet; korean accuracy not yet human-verified (separate axis from content strategy fit)"
achimdaetbaram-buteo-01,,아침 댓바람부터,ko,idiom,아침 댓바람부터,P1,"MEANING (inferred from content structure, not real search data)",,,아침 댓바람부터,"""First thing in the morning"" — very early, right from the start of the day.",3,2,2,2,2,2,2,AUTO_CLASSIFIED,P3,KNU 한국어 일상 표현 사전 (Naver 오픈사전),"dictionary-style only, no nuance/example yet; korean accuracy not yet human-verified (separate axis from content strategy fit)"
gyeoridareuda-01,,결이 다르다,ko,idiom,결이 다르다,P1,"MEANING (inferred from content structure, not real search data)",,,결이 다르다,For the fundamental character/nature of things to differ.,3,2,2,2,2,2,2,AUTO_CLASSIFIED,P3,KNU 한국어 일상 표현 사전 (Naver 오픈사전),"dictionary-style only, no nuance/example yet; korean accuracy not yet human-verified (separate axis from content strategy fit)"
hyejaropda-01,,혜자롭다,ko,idiom,혜자롭다,P1,"MEANING (inferred from content structure, not real search data)",,,혜자롭다,To be a great value for its price.,3,2,2,2,2,2,2,AUTO_CLASSIFIED,P3,KNU 한국어 일상 표현 사전 (Naver 오픈사전),"dictionary-style only, no nuance/example yet; korean accuracy not yet human-verified (separate axis from content strategy fit)"
jiralmatda-01,,지랄 맞다,ko,idiom,지랄 맞다,P1,"MEANING (inferred from content structure, not real search data)",,,지랄 맞다,"Informally, to be unstable/moody and unpredictable.",3,2,2,2,2,2,2,AUTO_CLASSIFIED,P3,KNU 한국어 일상 표현 사전 (Naver 오픈사전),"dictionary-style only, no nuance/example yet; korean accuracy not yet human-verified (separate axis from content strategy fit)"
geureoryeonihada-01,,그러려니 하다,ko,idiom,그러려니 하다,P1,"MEANING (inferred from content structure, not real search data)",,,그러려니 하다,"To accept and not question someone's behavior, taking it in stride.",3,2,2,2,2,2,2,AUTO_CLASSIFIED,P3,KNU 한국어 일상 표현 사전 (Naver 오픈사전),"dictionary-style only, no nuance/example yet; korean accuracy not yet human-verified (separate axis from content strategy fit)"
noerie-bakhida-01,,뇌리에 박히다,ko,idiom,뇌리에 박히다,P1,"MEANING (inferred from content structure, not real search data)",,,뇌리에 박히다,For a strong impression to stick firmly in one's memory.,3,2,2,2,2,2,2,AUTO_CLASSIFIED,P3,KNU 한국어 일상 표현 사전 (Naver 오픈사전),"dictionary-style only, no nuance/example yet; korean accuracy not yet human-verified (separate axis from content strategy fit)"
sikgyeonijatda-01,,식견(이) 낮다,ko,idiom,식견(이) 낮다,P1,"MEANING (inferred from content structure, not real search data)",,,식견(이) 낮다,To have shallow knowledge/expertise.,3,2,2,2,2,2,2,AUTO_CLASSIFIED,P3,KNU 한국어 일상 표현 사전 (Naver 오픈사전),"dictionary-style only, no nuance/example yet; korean accuracy not yet human-verified (separate axis from content strategy fit)"
usuechada-01,,우수에 차다,ko,idiom,우수에 차다,P1,"MEANING (inferred from content structure, not real search data)",,,우수에 차다,For one's expression to be filled with worry or concern.,3,2,2,2,2,2,2,AUTO_CLASSIFIED,P3,KNU 한국어 일상 표현 사전 (Naver 오픈사전),"dictionary-style only, no nuance/example yet; korean accuracy not yet human-verified (separate axis from content strategy fit)"
gyeonmuneulneolhida-01,,견문(을) 넓히다,ko,idiom,견문(을) 넓히다,P1,"MEANING (inferred from content structure, not real search data)",,,견문(을) 넓히다,To broaden one's knowledge through seeing and experiencing more.,3,2,2,2,2,2,2,AUTO_CLASSIFIED,P3,KNU 한국어 일상 표현 사전 (Naver 오픈사전),"dictionary-style only, no nuance/example yet; korean accuracy not yet human-verified (separate axis from content strategy fit)"
tiganada-02,,티(가) 나다,ko,idiom,티(가) 나다,P1,"MEANING (inferred from content structure, not real search data)",,,티(가) 나다,For an attitude or feeling to become clearly visible.,3,2,2,2,2,2,2,AUTO_CLASSIFIED,P3,KNU 한국어 일상 표현 사전 (Naver 오픈사전),"dictionary-style only, no nuance/example yet; korean accuracy not yet human-verified (separate axis from content strategy fit)"
geontureulbilda-01,,건투(를) 빌다,ko,idiom,건투(를) 빌다,P1,"MEANING (inferred from content structure, not real search data)",,,건투(를) 빌다,To wish someone success without giving up.,3,2,2,2,2,2,2,AUTO_CLASSIFIED,P3,KNU 한국어 일상 표현 사전 (Naver 오픈사전),"dictionary-style only, no nuance/example yet; korean accuracy not yet human-verified (separate axis from content strategy fit)"
dwitbaegadeundeunhada-01,,뒷배(가) 든든하다,ko,idiom,뒷배(가) 든든하다,P1,"MEANING (inferred from content structure, not real search data)",,,뒷배(가) 든든하다,To have strong backing/support behind you.,3,2,2,2,2,2,2,AUTO_CLASSIFIED,P3,KNU 한국어 일상 표현 사전 (Naver 오픈사전),"dictionary-style only, no nuance/example yet; korean accuracy not yet human-verified (separate axis from content strategy fit)"
gimbapyeopguriteojineunsori-01,,김밥 옆구리 터지는 소리,ko,idiom,김밥 옆구리 터지는 소리,P1,"MEANING (inferred from content structure, not real search data)",,,김밥 옆구리 터지는 소리,Nonsense talk that doesn't make sense.,3,2,2,2,2,2,2,AUTO_CLASSIFIED,P3,KNU 한국어 일상 표현 사전 (Naver 오픈사전),"dictionary-style only, no nuance/example yet; korean accuracy not yet human-verified (separate axis from content strategy fit)"
goldeuntaim-01,,골든 타임,ko,idiom,골든 타임,P1,"MEANING (inferred from content structure, not real search data)",,,골든 타임,"""Golden time"" — the crucial window for handling a matter.",3,2,2,2,2,2,2,AUTO_CLASSIFIED,P3,KNU 한국어 일상 표현 사전 (Naver 오픈사전),"dictionary-style only, no nuance/example yet; korean accuracy not yet human-verified (separate axis from content strategy fit)"
sogeseocheonburinada-01,,속에서 천불(이) 나다,ko,idiom,속에서 천불(이) 나다,P1,"MEANING (inferred from content structure, not real search data)",,,속에서 천불(이) 나다,To feel intensely frustrated and stifled.,3,2,2,2,2,2,2,AUTO_CLASSIFIED,P3,KNU 한국어 일상 표현 사전 (Naver 오픈사전),"dictionary-style only, no nuance/example yet; korean accuracy not yet human-verified (separate axis from content strategy fit)"
soejilhada-01,,쇠질하다,ko,idiom,쇠질하다,P1,"MEANING (inferred from content structure, not real search data)",,,쇠질하다,To work out with (weightlifting) equipment.,3,2,2,2,2,2,2,AUTO_CLASSIFIED,P3,KNU 한국어 일상 표현 사전 (Naver 오픈사전),"dictionary-style only, no nuance/example yet; korean accuracy not yet human-verified (separate axis from content strategy fit)"
sumyeonwireotteoOreuda-01,,수면 위로 떠오르다,ko,idiom,수면 위로 떠오르다,P1,"MEANING (inferred from content structure, not real search data)",,,수면 위로 떠오르다,"Figuratively, for an ignored matter to come to public attention.",3,2,2,2,2,2,2,AUTO_CLASSIFIED,P3,KNU 한국어 일상 표현 사전 (Naver 오픈사전),"dictionary-style only, no nuance/example yet; korean accuracy not yet human-verified (separate axis from content strategy fit)"
openreon-01,,오픈 런,ko,idiom,오픈 런,P1,"MEANING (inferred from content structure, not real search data)",,,오픈 런,Rushing to a store the moment it opens to buy a limited/popular item.,3,2,2,2,2,2,2,AUTO_CLASSIFIED,P3,KNU 한국어 일상 표현 사전 (Naver 오픈사전),"dictionary-style only, no nuance/example yet; korean accuracy not yet human-verified (separate axis from content strategy fit)"
choroki-01,,초록이,ko,idiom,초록이,P1,"MEANING (inferred from content structure, not real search data)",,,초록이,A plant kept and cared for as a houseplant.,3,2,2,2,2,2,2,AUTO_CLASSIFIED,P3,KNU 한국어 일상 표현 사전 (Naver 오픈사전),"dictionary-style only, no nuance/example yet; korean accuracy not yet human-verified (separate axis from content strategy fit)"
ppurindaerogeodunda-01,,뿌린 대로 거둔다,ko,idiom,뿌린 대로 거둔다,P1,"MEANING (inferred from content structure, not real search data)",,,뿌린 대로 거둔다,"""You reap what you sow.""",3,2,2,2,2,2,2,AUTO_CLASSIFIED,P3,KNU 한국어 일상 표현 사전 (Naver 오픈사전),"dictionary-style only, no nuance/example yet; korean accuracy not yet human-verified (separate axis from content strategy fit)"
mulgoppalda-01,,물고 빨다,ko,idiom,물고 빨다,P1,"MEANING (inferred from content structure, not real search data)",,,물고 빨다,To dote on and cherish someone/something extremely.,3,2,2,2,2,2,2,AUTO_CLASSIFIED,P3,KNU 한국어 일상 표현 사전 (Naver 오픈사전),"dictionary-style only, no nuance/example yet; korean accuracy not yet human-verified (separate axis from content strategy fit)"
dongnipchulpan-01,,독립 출판,ko,idiom,독립 출판,P1,"MEANING (inferred from content structure, not real search data)",,,독립 출판,"Self-publishing a book independently, outside traditional publishers.",3,2,2,2,2,2,2,AUTO_CLASSIFIED,P3,KNU 한국어 일상 표현 사전 (Naver 오픈사전),"dictionary-style only, no nuance/example yet; korean accuracy not yet human-verified (separate axis from content strategy fit)"
pinggyereuldaeda-01,,핑계(를) 대다,ko,idiom,핑계(를) 대다,P1,"MEANING (inferred from content structure, not real search data)",,,핑계(를) 대다,To make an excuse for something one doesn't want to do or admit.,3,2,2,2,2,2,2,AUTO_CLASSIFIED,P3,KNU 한국어 일상 표현 사전 (Naver 오픈사전),"dictionary-style only, no nuance/example yet; korean accuracy not yet human-verified (separate axis from content strategy fit)"
yageulppalda-01,,약(을) 빨다,ko,idiom,약(을) 빨다,P1,"MEANING (inferred from content structure, not real search data)",,,약(을) 빨다,"Informally, to be so surprisingly good/impressive that it seems drug-induced.",3,2,2,2,2,2,2,AUTO_CLASSIFIED,P3,KNU 한국어 일상 표현 사전 (Naver 오픈사전),"dictionary-style only, no nuance/example yet; korean accuracy not yet human-verified (separate axis from content strategy fit)"
neomunagada-01,,너무 나가다,ko,idiom,너무 나가다,P1,"MEANING (inferred from content structure, not real search data)",,,너무 나가다,For speech/behavior/policy to exceed reasonable limits.,3,2,2,2,2,2,2,AUTO_CLASSIFIED,P3,KNU 한국어 일상 표현 사전 (Naver 오픈사전),"dictionary-style only, no nuance/example yet; korean accuracy not yet human-verified (separate axis from content strategy fit)"
nongdamttameokda-01,,농담 따먹다,ko,idiom,농담 따먹다,P1,"MEANING (inferred from content structure, not real search data)",,,농담 따먹다,To make inappropriate jokes at the wrong time/place.,3,2,2,2,2,2,2,AUTO_CLASSIFIED,P3,KNU 한국어 일상 표현 사전 (Naver 오픈사전),"dictionary-style only, no nuance/example yet; korean accuracy not yet human-verified (separate axis from content strategy fit)"
seworiyasokhada-01,,세월이 야속하다,ko,idiom,세월이 야속하다,P1,"MEANING (inferred from content structure, not real search data)",,,세월이 야속하다,To resent how time's passage brings unwelcome change (like aging).,3,2,2,2,2,2,2,AUTO_CLASSIFIED,P3,KNU 한국어 일상 표현 사전 (Naver 오픈사전),"dictionary-style only, no nuance/example yet; korean accuracy not yet human-verified (separate axis from content strategy fit)"
miguenge-ppajida-01,,미궁에 빠지다,ko,idiom,미궁에 빠지다,P1,"MEANING (inferred from content structure, not real search data)",,,미궁에 빠지다,"Figuratively, for a matter/problem to become impossible to easily resolve.",3,2,2,2,2,2,2,AUTO_CLASSIFIED,P3,KNU 한국어 일상 표현 사전 (Naver 오픈사전),"dictionary-style only, no nuance/example yet; korean accuracy not yet human-verified (separate axis from content strategy fit)"
ppikkabeonjjeokhada-01,,삐까번쩍하다,ko,idiom,삐까번쩍하다,P1,"MEANING (inferred from content structure, not real search data)",,,삐까번쩍하다,"To shine flashily, as if new or luxurious.",3,2,2,2,2,2,2,AUTO_CLASSIFIED,P3,KNU 한국어 일상 표현 사전 (Naver 오픈사전),"dictionary-style only, no nuance/example yet; korean accuracy not yet human-verified (separate axis from content strategy fit)"
mulddeunotgobilda-01,,물 떠 놓고 빌다,ko,idiom,물 떠 놓고 빌다,P1,"MEANING (inferred from content structure, not real search data)",,,물 떠 놓고 빌다,To earnestly pray for something.,3,2,2,2,2,2,2,AUTO_CLASSIFIED,P3,KNU 한국어 일상 표현 사전 (Naver 오픈사전),"dictionary-style only, no nuance/example yet; korean accuracy not yet human-verified (separate axis from content strategy fit)"
joljie-01,,졸지에,ko,idiom,졸지에,P1,"MEANING (inferred from content structure, not real search data)",,,졸지에,"""Suddenly, out of nowhere"" — an abrupt, unexpected turn.",3,2,2,2,2,2,2,AUTO_CLASSIFIED,P3,KNU 한국어 일상 표현 사전 (Naver 오픈사전),"dictionary-style only, no nuance/example yet; korean accuracy not yet human-verified (separate axis from content strategy fit)"
seungbusureuldeonjida-01,,승부수(를) 던지다,ko,idiom,승부수(를) 던지다,P1,"MEANING (inferred from content structure, not real search data)",,,승부수(를) 던지다,To make a decisive move at a critical moment.,3,2,2,2,2,2,2,AUTO_CLASSIFIED,P3,KNU 한국어 일상 표현 사전 (Naver 오픈사전),"dictionary-style only, no nuance/example yet; korean accuracy not yet human-verified (separate axis from content strategy fit)"
meonsaneulboda-01,,먼 산(을) 보다,ko,idiom,먼 산(을) 보다,P1,"MEANING (inferred from content structure, not real search data)",,,먼 산(을) 보다,"To stare off distractedly, avoiding a topic or thought.",3,2,2,2,2,2,2,AUTO_CLASSIFIED,P3,KNU 한국어 일상 표현 사전 (Naver 오픈사전),"dictionary-style only, no nuance/example yet; korean accuracy not yet human-verified (separate axis from content strategy fit)"
bapjurikkeunkkigida-01,,밥줄(이) 끊기다,ko,idiom,밥줄(이) 끊기다,P1,"MEANING (inferred from content structure, not real search data)",,,밥줄(이) 끊기다,To lose one's job/livelihood.,3,2,2,2,2,2,2,AUTO_CLASSIFIED,P3,KNU 한국어 일상 표현 사전 (Naver 오픈사전),"dictionary-style only, no nuance/example yet; korean accuracy not yet human-verified (separate axis from content strategy fit)"
naerimakgillodeureoseoda-01,,내리막길로 들어서다,ko,idiom,내리막길로 들어서다,P1,"MEANING (inferred from content structure, not real search data)",,,내리막길로 들어서다,For a situation or trend to begin declining.,3,2,2,2,2,2,2,AUTO_CLASSIFIED,P3,KNU 한국어 일상 표현 사전 (Naver 오픈사전),"dictionary-style only, no nuance/example yet; korean accuracy not yet human-verified (separate axis from content strategy fit)"
maeumegeollida-01,,마음에 걸리다,ko,idiom,마음에 걸리다,P1,"MEANING (inferred from content structure, not real search data)",,,마음에 걸리다,To feel uneasy about a lingering matter or worry.,3,2,2,2,2,2,2,AUTO_CLASSIFIED,P3,KNU 한국어 일상 표현 사전 (Naver 오픈사전),"dictionary-style only, no nuance/example yet; korean accuracy not yet human-verified (separate axis from content strategy fit)"
beolkeueop-01,,벌크업,ko,idiom,벌크업,P1,"MEANING (inferred from content structure, not real search data)",,,벌크업,Bulking up muscle mass through exercise.,3,2,2,2,2,2,2,AUTO_CLASSIFIED,P3,KNU 한국어 일상 표현 사전 (Naver 오픈사전),"dictionary-style only, no nuance/example yet; korean accuracy not yet human-verified (separate axis from content strategy fit)"
yeopgurijjilleojeolbatgi-01,,옆구리 찔러 절받기,ko,idiom,옆구리 찔러 절받기,P1,"MEANING (inferred from content structure, not real search data)",,,옆구리 찔러 절받기,"To fish for a compliment/gesture by prompting the other person, since they wouldn't offer it on their own.",3,2,2,2,2,2,2,AUTO_CLASSIFIED,P3,KNU 한국어 일상 표현 사전 (Naver 오픈사전),"dictionary-style only, no nuance/example yet; korean accuracy not yet human-verified (separate axis from content strategy fit)"
yeokpungeulmatda-01,,역풍(을) 맞다,ko,idiom,역풍(을) 맞다,P1,"MEANING (inferred from content structure, not real search data)",,,역풍(을) 맞다,"Figuratively, to face unexpected backlash/opposition.",3,2,2,2,2,2,2,AUTO_CLASSIFIED,P3,KNU 한국어 일상 표현 사전 (Naver 오픈사전),"dictionary-style only, no nuance/example yet; korean accuracy not yet human-verified (separate axis from content strategy fit)"
maljjangkkwangida-01,,말짱 꽝이다,ko,idiom,말짱 꽝이다,P1,"MEANING (inferred from content structure, not real search data)",,,말짱 꽝이다,To end up with no reward at all despite the effort put in.,3,2,2,2,2,2,2,AUTO_CLASSIFIED,P3,KNU 한국어 일상 표현 사전 (Naver 오픈사전),"dictionary-style only, no nuance/example yet; korean accuracy not yet human-verified (separate axis from content strategy fit)"
mwolbwa-01,,뭘 봐,ko,idiom,뭘 봐,P1,"MEANING (inferred from content structure, not real search data)",,,뭘 봐,"A confrontational remark saying ""what are you looking at?""",3,2,2,2,2,2,2,AUTO_CLASSIFIED,P3,KNU 한국어 일상 표현 사전 (Naver 오픈사전),"dictionary-style only, no nuance/example yet; korean accuracy not yet human-verified (separate axis from content strategy fit)"
jjagochineungosuteum-01,,짜고 치는 고스톱,ko,idiom,짜고 치는 고스톱,P1,"MEANING (inferred from content structure, not real search data)",,,짜고 치는 고스톱,A rigged setup where the outcome is predetermined behind the scenes.,3,2,2,2,2,2,2,AUTO_CLASSIFIED,P3,KNU 한국어 일상 표현 사전 (Naver 오픈사전),"dictionary-style only, no nuance/example yet; korean accuracy not yet human-verified (separate axis from content strategy fit)"
dabieopda-01,,답(이) 없다,ko,idiom,답(이) 없다,P1,"MEANING (inferred from content structure, not real search data)",,,답(이) 없다,To have no way to resolve a situation.,3,2,2,2,2,2,2,AUTO_CLASSIFIED,P3,KNU 한국어 일상 표현 사전 (Naver 오픈사전),"dictionary-style only, no nuance/example yet; korean accuracy not yet human-verified (separate axis from content strategy fit)"
geudeulmanuirigeu-01,,그들만의 리그,ko,idiom,그들만의 리그,P1,"MEANING (inferred from content structure, not real search data)",,,그들만의 리그,A closed circle/system that outsiders can't meaningfully compete in.,3,2,2,2,2,2,2,AUTO_CLASSIFIED,P3,KNU 한국어 일상 표현 사전 (Naver 오픈사전),"dictionary-style only, no nuance/example yet; korean accuracy not yet human-verified (separate axis from content strategy fit)"
angmyeongihopda-01,,악명(이) 높다,ko,idiom,악명(이) 높다,P1,"MEANING (inferred from content structure, not real search data)",,,악명(이) 높다,To be widely known for a bad reputation.,3,2,2,2,2,2,2,AUTO_CLASSIFIED,P3,KNU 한국어 일상 표현 사전 (Naver 오픈사전),"dictionary-style only, no nuance/example yet; korean accuracy not yet human-verified (separate axis from content strategy fit)"
eodiboja-01,,어디 보자,ko,idiom,어디 보자,P1,"MEANING (inferred from content structure, not real search data)",,,어디 보자,"""Let's see"" — said while thinking or looking something over.",3,2,2,2,2,2,2,AUTO_CLASSIFIED,P3,KNU 한국어 일상 표현 사전 (Naver 오픈사전),"dictionary-style only, no nuance/example yet; korean accuracy not yet human-verified (separate axis from content strategy fit)"
nolgojabbeojyeotda-01,,놀고 자빠졌다,ko,idiom,놀고 자빠졌다,P1,"MEANING (inferred from content structure, not real search data)",,,놀고 자빠졌다,A contemptuous remark about someone doing something unreasonable/foolish.,3,2,2,2,2,2,2,AUTO_CLASSIFIED,P3,KNU 한국어 일상 표현 사전 (Naver 오픈사전),"dictionary-style only, no nuance/example yet; korean accuracy not yet human-verified (separate axis from content strategy fit)"
baengnalcheonnal-01,,백날천날,ko,idiom,백날천날,P1,"MEANING (inferred from content structure, not real search data)",,,백날천날,"""Day after day"" — an exaggerated way of saying ""however many days"".",3,2,2,2,2,2,2,AUTO_CLASSIFIED,P3,KNU 한국어 일상 표현 사전 (Naver 오픈사전),"dictionary-style only, no nuance/example yet; korean accuracy not yet human-verified (separate axis from content strategy fit)"
eoltaengeopda-01,,얼탱 없다,ko,idiom,얼탱 없다,P1,"MEANING (inferred from content structure, not real search data)",,,얼탱 없다,"Informally, for something to be too absurd to believe.",3,2,2,2,2,2,2,AUTO_CLASSIFIED,P3,KNU 한국어 일상 표현 사전 (Naver 오픈사전),"dictionary-style only, no nuance/example yet; korean accuracy not yet human-verified (separate axis from content strategy fit)"
saliteollida-01,,살(이) 떨리다,ko,idiom,살(이) 떨리다,P1,"MEANING (inferred from content structure, not real search data)",,,살(이) 떨리다,To be so tense/afraid that one's body physically trembles.,3,2,2,2,2,2,2,AUTO_CLASSIFIED,P3,KNU 한국어 일상 표현 사전 (Naver 오픈사전),"dictionary-style only, no nuance/example yet; korean accuracy not yet human-verified (separate axis from content strategy fit)"
noerireulseuchida-01,,뇌리(를) 스치다,ko,idiom,뇌리(를) 스치다,P1,"MEANING (inferred from content structure, not real search data)",,,뇌리(를) 스치다,For a thought/memory to suddenly flash through one's mind.,3,2,2,2,2,2,2,AUTO_CLASSIFIED,P3,KNU 한국어 일상 표현 사전 (Naver 오픈사전),"dictionary-style only, no nuance/example yet; korean accuracy not yet human-verified (separate axis from content strategy fit)"
seomageulyeolda-01,,서막(을) 열다,ko,idiom,서막(을) 열다,P1,"MEANING (inferred from content structure, not real search data)",,,서막(을) 열다,"Figuratively, for something to begin.",3,2,2,2,2,2,2,AUTO_CLASSIFIED,P3,KNU 한국어 일상 표현 사전 (Naver 오픈사전),"dictionary-style only, no nuance/example yet; korean accuracy not yet human-verified (separate axis from content strategy fit)"
hansireumeulnota-01,,한시름(을) 놓다,ko,idiom,한시름(을) 놓다,P1,"MEANING (inferred from content structure, not real search data)",,,한시름(을) 놓다,To let go of a major worry.,3,2,2,2,2,2,2,AUTO_CLASSIFIED,P3,KNU 한국어 일상 표현 사전 (Naver 오픈사전),"dictionary-style only, no nuance/example yet; korean accuracy not yet human-verified (separate axis from content strategy fit)"
nureulkkichida-01,,누를 끼치다,ko,idiom,누를 끼치다,P1,"MEANING (inferred from content structure, not real search data)",,,누를 끼치다,To cause trouble or harm to others.,3,2,2,2,2,2,2,AUTO_CLASSIFIED,P3,KNU 한국어 일상 표현 사전 (Naver 오픈사전),"dictionary-style only, no nuance/example yet; korean accuracy not yet human-verified (separate axis from content strategy fit)"
malchosingyeongeuljageukhada-01,,말초 신경(을) 자극하다,ko,idiom,말초 신경(을) 자극하다,P1,"MEANING (inferred from content structure, not real search data)",,,말초 신경(을) 자극하다,"To provoke an instinctive, superficial reaction rather than thoughtful response.",3,2,2,2,2,2,2,AUTO_CLASSIFIED,P3,KNU 한국어 일상 표현 사전 (Naver 오픈사전),"dictionary-style only, no nuance/example yet; korean accuracy not yet human-verified (separate axis from content strategy fit)"
ipanuiheogatigulda-01,,입 안의 혀같이 굴다,ko,idiom,입 안의 혀같이 굴다,P1,"MEANING (inferred from content structure, not real search data)",,,입 안의 혀같이 굴다,To flatteringly obey and cater to someone's every wish.,3,2,2,2,2,2,2,AUTO_CLASSIFIED,P3,KNU 한국어 일상 표현 사전 (Naver 오픈사전),"dictionary-style only, no nuance/example yet; korean accuracy not yet human-verified (separate axis from content strategy fit)"
pibaramibulda-01,,피바람(이) 불다,ko,idiom,피바람(이) 불다,P1,"MEANING (inferred from content structure, not real search data)",,,피바람(이) 불다,"Figuratively, for many people to suffer serious harm/loss.",3,2,2,2,2,2,2,AUTO_CLASSIFIED,P3,KNU 한국어 일상 표현 사전 (Naver 오픈사전),"dictionary-style only, no nuance/example yet; korean accuracy not yet human-verified (separate axis from content strategy fit)"
sijosae-01,,시조새,ko,idiom,시조새,P1,"MEANING (inferred from content structure, not real search data)",,,시조새,"Figuratively, the very first/oldest figure in some field or lineage.",3,2,2,2,2,2,2,AUTO_CLASSIFIED,P3,KNU 한국어 일상 표현 사전 (Naver 오픈사전),"dictionary-style only, no nuance/example yet; korean accuracy not yet human-verified (separate axis from content strategy fit)"
sokdoenmallo-01,,속된 말로,ko,idiom,속된 말로,P1,"MEANING (inferred from content structure, not real search data)",,,속된 말로,"""Crudely put"" — a lead-in before using slang or blunt language.",3,2,2,2,2,2,2,AUTO_CLASSIFIED,P3,KNU 한국어 일상 표현 사전 (Naver 오픈사전),"dictionary-style only, no nuance/example yet; korean accuracy not yet human-verified (separate axis from content strategy fit)"
bokegyeopda-01,,복에 겹다,ko,idiom,복에 겹다,P1,"MEANING (inferred from content structure, not real search data)",,,복에 겹다,To have more blessings/fortune than one can fully appreciate.,3,2,2,2,2,2,2,AUTO_CLASSIFIED,P3,KNU 한국어 일상 표현 사전 (Naver 오픈사전),"dictionary-style only, no nuance/example yet; korean accuracy not yet human-verified (separate axis from content strategy fit)"
ibigunggeumhada-01,,입(이) 궁금하다,ko,idiom,입(이) 궁금하다,P1,"MEANING (inferred from content structure, not real search data)",,,입(이) 궁금하다,To have a craving to eat something.,3,2,2,2,2,2,2,AUTO_CLASSIFIED,P3,KNU 한국어 일상 표현 사전 (Naver 오픈사전),"dictionary-style only, no nuance/example yet; korean accuracy not yet human-verified (separate axis from content strategy fit)"
rinnensil-01,,린넨실,ko,idiom,린넨실,P1,"MEANING (inferred from content structure, not real search data)",,,린넨실,"A supply closet, mainly in hospitals or hotels, for storing linens.",3,2,2,2,2,2,2,AUTO_CLASSIFIED,P3,KNU 한국어 일상 표현 사전 (Naver 오픈사전),"dictionary-style only, no nuance/example yet; korean accuracy not yet human-verified (separate axis from content strategy fit)"
konggomullittteoreojida-01,,콩고물(이) 떨어지다,ko,idiom,콩고물(이) 떨어지다,P1,"MEANING (inferred from content structure, not real search data)",,,콩고물(이) 떨어지다,"Informally, to get a small extra benefit from someone else's success/deal.",3,2,2,2,2,2,2,AUTO_CLASSIFIED,P3,KNU 한국어 일상 표현 사전 (Naver 오픈사전),"dictionary-style only, no nuance/example yet; korean accuracy not yet human-verified (separate axis from content strategy fit)"
maegariopsi-01,,매가리없이,ko,idiom,매가리없이,P1,"MEANING (inferred from content structure, not real search data)",,,매가리없이,Without energy or vigor.,3,2,2,2,2,2,2,AUTO_CLASSIFIED,P3,KNU 한국어 일상 표현 사전 (Naver 오픈사전),"dictionary-style only, no nuance/example yet; korean accuracy not yet human-verified (separate axis from content strategy fit)"
ojiraeeulburida-01,,오지랖(을) 부리다,ko,idiom,오지랖(을) 부리다,P1,"MEANING (inferred from content structure, not real search data)",,,오지랖(을) 부리다,To meddle excessively in matters unrelated to oneself.,3,2,2,2,2,2,2,AUTO_CLASSIFIED,P3,KNU 한국어 일상 표현 사전 (Naver 오픈사전),"dictionary-style only, no nuance/example yet; korean accuracy not yet human-verified (separate axis from content strategy fit)"
namuraldegaopda-01,,나무랄 데(가) 없다,ko,idiom,나무랄 데(가) 없다,P1,"MEANING (inferred from content structure, not real search data)",,,나무랄 데(가) 없다,"To be flawless, with nothing to criticize.",3,2,2,2,2,2,2,AUTO_CLASSIFIED,P3,KNU 한국어 일상 표현 사전 (Naver 오픈사전),"dictionary-style only, no nuance/example yet; korean accuracy not yet human-verified (separate axis from content strategy fit)"
jicheone-neollida-01,,지천에 널리다,ko,idiom,지천에 널리다,P1,"MEANING (inferred from content structure, not real search data)",,,지천에 널리다,To be extremely abundant everywhere.,3,2,2,2,2,2,2,AUTO_CLASSIFIED,P3,KNU 한국어 일상 표현 사전 (Naver 오픈사전),"dictionary-style only, no nuance/example yet; korean accuracy not yet human-verified (separate axis from content strategy fit)"
cheokamyeoncheok-01,,척하면 척,ko,idiom,척하면 척,P1,"MEANING (inferred from content structure, not real search data)",,,척하면 척,"To understand something instantly, even with just a hint.",3,2,2,2,2,2,2,AUTO_CLASSIFIED,P3,KNU 한국어 일상 표현 사전 (Naver 오픈사전),"dictionary-style only, no nuance/example yet; korean accuracy not yet human-verified (separate axis from content strategy fit)"
aneunmankeumboinda-01,,아는 만큼 보인다,ko,idiom,아는 만큼 보인다,P1,"MEANING (inferred from content structure, not real search data)",,,아는 만큼 보인다,"""You see as much as you know"" — knowledge broadens what you can perceive.",3,2,2,2,2,2,2,AUTO_CLASSIFIED,P3,KNU 한국어 일상 표현 사전 (Naver 오픈사전),"dictionary-style only, no nuance/example yet; korean accuracy not yet human-verified (separate axis from content strategy fit)"
nunmureulhumchida-01,,눈물(을) 훔치다,ko,idiom,눈물(을) 훔치다,P1,"MEANING (inferred from content structure, not real search data)",,,눈물(을) 훔치다,To wipe away tears.,3,2,2,2,2,2,2,AUTO_CLASSIFIED,P3,KNU 한국어 일상 표현 사전 (Naver 오픈사전),"dictionary-style only, no nuance/example yet; korean accuracy not yet human-verified (separate axis from content strategy fit)"
gugimsarigeopda-01,,구김살(이) 없다,ko,idiom,구김살(이) 없다,P1,"MEANING (inferred from content structure, not real search data)",,,구김살(이) 없다,"To have a bright, unblemished personality, untouched by hardship.",3,2,2,2,2,2,2,AUTO_CLASSIFIED,P3,KNU 한국어 일상 표현 사전 (Naver 오픈사전),"dictionary-style only, no nuance/example yet; korean accuracy not yet human-verified (separate axis from content strategy fit)"
juljulisatang-01,,줄줄이 사탕,ko,idiom,줄줄이 사탕,P1,"MEANING (inferred from content structure, not real search data)",,,줄줄이 사탕,A series of similar things strung together one after another.,3,2,2,2,2,2,2,AUTO_CLASSIFIED,P3,KNU 한국어 일상 표현 사전 (Naver 오픈사전),"dictionary-style only, no nuance/example yet; korean accuracy not yet human-verified (separate axis from content strategy fit)"
ppeogigada-01,,뻑(이) 가다,ko,idiom,뻑(이) 가다,P1,"MEANING (inferred from content structure, not real search data)",,,뻑(이) 가다,"Informally, to be completely captivated/enthralled by something.",3,2,2,2,2,2,2,AUTO_CLASSIFIED,P3,KNU 한국어 일상 표현 사전 (Naver 오픈사전),"dictionary-style only, no nuance/example yet; korean accuracy not yet human-verified (separate axis from content strategy fit)"
yeopgurigasirida-01,,옆구리(가) 시리다,ko,idiom,옆구리(가) 시리다,P1,"MEANING (inferred from content structure, not real search data)",,,옆구리(가) 시리다,"Figuratively, to feel lonely from lacking a romantic partner.",3,2,2,2,2,2,2,AUTO_CLASSIFIED,P3,KNU 한국어 일상 표현 사전 (Naver 오픈사전),"dictionary-style only, no nuance/example yet; korean accuracy not yet human-verified (separate axis from content strategy fit)"
changgwabangpaeuissaum-01,,창과 방패의 싸움,ko,idiom,창과 방패의 싸움,P1,"MEANING (inferred from content structure, not real search data)",,,창과 방패의 싸움,"""A battle of spear and shield"" — a conflict between two equally strong, opposing forces.",3,2,2,2,2,2,2,AUTO_CLASSIFIED,P3,KNU 한국어 일상 표현 사전 (Naver 오픈사전),"dictionary-style only, no nuance/example yet; korean accuracy not yet human-verified (separate axis from content strategy fit)"
gwisinssinarakkkameokneunsori-01,,귀신 씨나락 까먹는 소리,ko,idiom,귀신 씨나락 까먹는 소리,P1,"MEANING (inferred from content structure, not real search data)",,,귀신 씨나락 까먹는 소리,Nonsensical talk that doesn't fit the situation at all.,3,2,2,2,2,2,2,AUTO_CLASSIFIED,P3,KNU 한국어 일상 표현 사전 (Naver 오픈사전),"dictionary-style only, no nuance/example yet; korean accuracy not yet human-verified (separate axis from content strategy fit)"
daldalhada-01,,달달하다,ko,idiom,달달하다,P1,"MEANING (inferred from content structure, not real search data)",,,달달하다,To have a sweet taste.,3,2,2,2,2,2,2,AUTO_CLASSIFIED,P3,KNU 한국어 일상 표현 사전 (Naver 오픈사전),"dictionary-style only, no nuance/example yet; korean accuracy not yet human-verified (separate axis from content strategy fit)"
ibeobaeda-01,,입에 배다,ko,idiom,입에 배다,P1,"MEANING (inferred from content structure, not real search data)",,,입에 배다,For a phrase to become deeply habitual through repeated use.,3,2,2,2,2,2,2,AUTO_CLASSIFIED,P3,KNU 한국어 일상 표현 사전 (Naver 오픈사전),"dictionary-style only, no nuance/example yet; korean accuracy not yet human-verified (separate axis from content strategy fit)"
jeongukgu-01,,전국구,ko,idiom,전국구,P1,"MEANING (inferred from content structure, not real search data)",,,전국구,A person/thing whose fame is known nationwide.,3,2,2,2,2,2,2,AUTO_CLASSIFIED,P3,KNU 한국어 일상 표현 사전 (Naver 오픈사전),"dictionary-style only, no nuance/example yet; korean accuracy not yet human-verified (separate axis from content strategy fit)"
seonghwaemotiyeo-01,,성화에 못 이겨,ko,idiom,성화에 못 이겨,P1,"MEANING (inferred from content structure, not real search data)",,,성화에 못 이겨,"""Unable to resist someone's insistent pestering"" — giving in reluctantly.",3,2,2,2,2,2,2,AUTO_CLASSIFIED,P3,KNU 한국어 일상 표현 사전 (Naver 오픈사전),"dictionary-style only, no nuance/example yet; korean accuracy not yet human-verified (separate axis from content strategy fit)"
kkojangeulburida-01,,꼬장(을) 부리다,ko,idiom,꼬장(을) 부리다,P1,"MEANING (inferred from content structure, not real search data)",,,꼬장(을) 부리다,"To act in a stubborn, difficult manner to get one's way.",3,2,2,2,2,2,2,AUTO_CLASSIFIED,P3,KNU 한국어 일상 표현 사전 (Naver 오픈사전),"dictionary-style only, no nuance/example yet; korean accuracy not yet human-verified (separate axis from content strategy fit)"
ttukbaegi-01,,뚝배기,ko,idiom,뚝배기,P1,"MEANING (inferred from content structure, not real search data)",,,뚝배기,"Informally, a person's face.",3,2,2,2,2,2,2,AUTO_CLASSIFIED,P3,KNU 한국어 일상 표현 사전 (Naver 오픈사전),"dictionary-style only, no nuance/example yet; korean accuracy not yet human-verified (separate axis from content strategy fit)"
opeunmaindeu-01,,오픈 마인드,ko,idiom,오픈 마인드,P1,"MEANING (inferred from content structure, not real search data)",,,오픈 마인드,"An open-minded attitude, free from preconceptions.",3,2,2,2,2,2,2,AUTO_CLASSIFIED,P3,KNU 한국어 일상 표현 사전 (Naver 오픈사전),"dictionary-style only, no nuance/example yet; korean accuracy not yet human-verified (separate axis from content strategy fit)"
heopungeulteolda-01,,허풍(을) 떨다,ko,idiom,허풍(을) 떨다,P1,"MEANING (inferred from content structure, not real search data)",,,허풍(을) 떨다,"To exaggerate excessively, in speech or action, beyond credibility.",3,2,2,2,2,2,2,AUTO_CLASSIFIED,P3,KNU 한국어 일상 표현 사전 (Naver 오픈사전),"dictionary-style only, no nuance/example yet; korean accuracy not yet human-verified (separate axis from content strategy fit)"
musae-01,,-무새,ko,idiom,-무새,P1,"MEANING (inferred from content structure, not real search data)",,,-무새,A suffix for someone who keeps repeating a certain claim/phrase (from a parrot mimicking speech).,3,2,2,2,2,2,2,AUTO_CLASSIFIED,P3,KNU 한국어 일상 표현 사전 (Naver 오픈사전),"dictionary-style only, no nuance/example yet; korean accuracy not yet human-verified (separate axis from content strategy fit)"
magakkida-01,,마(가) 끼다,ko,idiom,마(가) 끼다,P1,"MEANING (inferred from content structure, not real search data)",,,마(가) 끼다,For an unexpected obstacle/misfortune to arise.,3,2,2,2,2,2,2,AUTO_CLASSIFIED,P3,KNU 한국어 일상 표현 사전 (Naver 오픈사전),"dictionary-style only, no nuance/example yet; korean accuracy not yet human-verified (separate axis from content strategy fit)"
neolligonollida-01,,널리고 널리다,ko,idiom,널리고 널리다,P1,"MEANING (inferred from content structure, not real search data)",,,널리고 널리다,To be extremely common/abundant.,3,2,2,2,2,2,2,AUTO_CLASSIFIED,P3,KNU 한국어 일상 표현 사전 (Naver 오픈사전),"dictionary-style only, no nuance/example yet; korean accuracy not yet human-verified (separate axis from content strategy fit)"
gamanhiisseunkkagamanirobodia-01,,가만히 있으니까 가마니로 보이다,ko,idiom,가만히 있으니까 가마니로 보이다,P1,"MEANING (inferred from content structure, not real search data)",,,가만히 있으니까 가마니로 보이다,"When you stay quiet, others take advantage, treating you as a pushover.",3,2,2,2,2,2,2,AUTO_CLASSIFIED,P3,KNU 한국어 일상 표현 사전 (Naver 오픈사전),"dictionary-style only, no nuance/example yet; korean accuracy not yet human-verified (separate axis from content strategy fit)"
aneungeosihimida-01,,아는 것이 힘이다,ko,idiom,아는 것이 힘이다,P1,"MEANING (inferred from content structure, not real search data)",,,아는 것이 힘이다,"""Knowledge is power.""",3,2,2,2,2,2,2,AUTO_CLASSIFIED,P3,KNU 한국어 일상 표현 사전 (Naver 오픈사전),"dictionary-style only, no nuance/example yet; korean accuracy not yet human-verified (separate axis from content strategy fit)"
soniyamujida-01,,손이 야무지다,ko,idiom,손이 야무지다,P1,"MEANING (inferred from content structure, not real search data)",,,손이 야무지다,To be skillful and thorough in doing things by hand.,3,2,2,2,2,2,2,AUTO_CLASSIFIED,P3,KNU 한국어 일상 표현 사전 (Naver 오픈사전),"dictionary-style only, no nuance/example yet; korean accuracy not yet human-verified (separate axis from content strategy fit)"
gaseumeuljorida-01,,가슴(을) 졸이다,ko,idiom,가슴(을) 졸이다,P1,"MEANING (inferred from content structure, not real search data)",,,가슴(을) 졸이다,"To feel anxious and on edge, worried about an outcome.",3,2,2,2,2,2,2,AUTO_CLASSIFIED,P3,KNU 한국어 일상 표현 사전 (Naver 오픈사전),"dictionary-style only, no nuance/example yet; korean accuracy not yet human-verified (separate axis from content strategy fit)"
junggomeopda-01,,중간(이) 없다,ko,idiom,중간(이) 없다,P1,"MEANING (inferred from content structure, not real search data)",,,중간(이) 없다,"For only extreme ends to exist, with no middle ground.",3,2,2,2,2,2,2,AUTO_CLASSIFIED,P3,KNU 한국어 일상 표현 사전 (Naver 오픈사전),"dictionary-style only, no nuance/example yet; korean accuracy not yet human-verified (separate axis from content strategy fit)"
sonbeoreusinappeuda-01,,손버릇(이) 나쁘다,ko,idiom,손버릇(이) 나쁘다,P1,"MEANING (inferred from content structure, not real search data)",,,손버릇(이) 나쁘다,To have a bad habit of stealing things.,3,2,2,2,2,2,2,AUTO_CLASSIFIED,P3,KNU 한국어 일상 표현 사전 (Naver 오픈사전),"dictionary-style only, no nuance/example yet; korean accuracy not yet human-verified (separate axis from content strategy fit)"
geureugoboni-01,,그러고 보니,ko,idiom,그러고 보니,P1,"MEANING (inferred from content structure, not real search data)",,,그러고 보니,"""Now that I think about it"" — realizing something in the course of the conversation.",3,2,2,2,2,2,2,AUTO_CLASSIFIED,P3,KNU 한국어 일상 표현 사전 (Naver 오픈사전),"dictionary-style only, no nuance/example yet; korean accuracy not yet human-verified (separate axis from content strategy fit)"
tteoksaljapgokkeulgoganda-01,,떡살 잡고 끌고 가다,ko,idiom,떡살 잡고 끌고 가다,P1,"MEANING (inferred from content structure, not real search data)",,,떡살 잡고 끌고 가다,For a single strong figure to carry an entire group/effort.,3,2,2,2,2,2,2,AUTO_CLASSIFIED,P3,KNU 한국어 일상 표현 사전 (Naver 오픈사전),"dictionary-style only, no nuance/example yet; korean accuracy not yet human-verified (separate axis from content strategy fit)"
ginmareulaneopda-01,,긴말(을) 안 하다,ko,idiom,긴말(을) 안 하다,P1,"MEANING (inferred from content structure, not real search data)",,,긴말(을) 안 하다,"To keep it brief, without unnecessary explanation.",3,2,2,2,2,2,2,AUTO_CLASSIFIED,P3,KNU 한국어 일상 표현 사전 (Naver 오픈사전),"dictionary-style only, no nuance/example yet; korean accuracy not yet human-verified (separate axis from content strategy fit)"
koppaegidoanboida-01,,코빼기도 안 보이다,ko,idiom,코빼기도 안 보이다,P1,"MEANING (inferred from content structure, not real search data)",,,코빼기도 안 보이다,For a person or thing to be nowhere in sight.,3,2,2,2,2,2,2,AUTO_CLASSIFIED,P3,KNU 한국어 일상 표현 사전 (Naver 오픈사전),"dictionary-style only, no nuance/example yet; korean accuracy not yet human-verified (separate axis from content strategy fit)"
siheomsama-01,,시험 삼아,ko,idiom,시험 삼아,P1,"MEANING (inferred from content structure, not real search data)",,,시험 삼아,"""As a trial"" — trying something out before committing fully.",3,2,2,2,2,2,2,AUTO_CLASSIFIED,P3,KNU 한국어 일상 표현 사전 (Naver 오픈사전),"dictionary-style only, no nuance/example yet; korean accuracy not yet human-verified (separate axis from content strategy fit)"
seonguipyosi-01,,성의 표시,ko,idiom,성의 표시,P1,"MEANING (inferred from content structure, not real search data)",,,성의 표시,A gesture expressing sincere gratitude.,3,2,2,2,2,2,2,AUTO_CLASSIFIED,P3,KNU 한국어 일상 표현 사전 (Naver 오픈사전),"dictionary-style only, no nuance/example yet; korean accuracy not yet human-verified (separate axis from content strategy fit)"
hannomManpaeda-01,,한 놈(만) 패다,ko,idiom,한 놈(만) 패다,P1,"MEANING (inferred from content structure, not real search data)",,,한 놈(만) 패다,To relentlessly focus one's criticism/attack on a single target.,3,2,2,2,2,2,2,AUTO_CLASSIFIED,P3,KNU 한국어 일상 표현 사전 (Naver 오픈사전),"dictionary-style only, no nuance/example yet; korean accuracy not yet human-verified (separate axis from content strategy fit)"
nunopireulmatchuda-01,,눈높이(를) 맞추다,ko,idiom,눈높이(를) 맞추다,P1,"MEANING (inferred from content structure, not real search data)",,,눈높이(를) 맞추다,To adjust to match the level/perspective of the other person.,3,2,2,2,2,2,2,AUTO_CLASSIFIED,P3,KNU 한국어 일상 표현 사전 (Naver 오픈사전),"dictionary-style only, no nuance/example yet; korean accuracy not yet human-verified (separate axis from content strategy fit)"
geureongahamyeon-01,,그런가 하면,ko,idiom,그런가 하면,P1,"MEANING (inferred from content structure, not real search data)",,,그런가 하면,"""On the other hand"" — connecting a contrasting statement to a preceding one.",3,2,2,2,2,2,2,AUTO_CLASSIFIED,P3,KNU 한국어 일상 표현 사전 (Naver 오픈사전),"dictionary-style only, no nuance/example yet; korean accuracy not yet human-verified (separate axis from content strategy fit)"
senseugaitda-01,,센스(가) 있다,ko,idiom,센스(가) 있다,P1,"MEANING (inferred from content structure, not real search data)",,,센스(가) 있다,To have tact/wit suited to a given situation.,3,2,2,2,2,2,2,AUTO_CLASSIFIED,P3,KNU 한국어 일상 표현 사전 (Naver 오픈사전),"dictionary-style only, no nuance/example yet; korean accuracy not yet human-verified (separate axis from content strategy fit)"
dosirageulssaseomallida-01,,도시락(을) 싸서 말리다,ko,idiom,도시락(을) 싸서 말리다,P1,"MEANING (inferred from content structure, not real search data)",,,도시락(을) 싸서 말리다,To actively and adamantly try to talk someone out of doing something.,3,2,2,2,2,2,2,AUTO_CLASSIFIED,P3,KNU 한국어 일상 표현 사전 (Naver 오픈사전),"dictionary-style only, no nuance/example yet; korean accuracy not yet human-verified (separate axis from content strategy fit)"
ssibeomeokda-01,,씹어 먹다,ko,idiom,씹어 먹다,P1,"MEANING (inferred from content structure, not real search data)",,,씹어 먹다,"Informally, to thoroughly dominate or outclass a rival.",3,2,2,2,2,2,2,AUTO_CLASSIFIED,P3,KNU 한국어 일상 표현 사전 (Naver 오픈사전),"dictionary-style only, no nuance/example yet; korean accuracy not yet human-verified (separate axis from content strategy fit)"
eolguleulbichuda-01,,얼굴(을) 비추다,ko,idiom,얼굴(을) 비추다,P1,"MEANING (inferred from content structure, not real search data)",,,얼굴(을) 비추다,To make a brief appearance somewhere.,3,2,2,2,2,2,2,AUTO_CLASSIFIED,P3,KNU 한국어 일상 표현 사전 (Naver 오픈사전),"dictionary-style only, no nuance/example yet; korean accuracy not yet human-verified (separate axis from content strategy fit)"
cheotjangeulneomgida-01,,첫 장(을) 넘기다,ko,idiom,첫 장(을) 넘기다,P1,"MEANING (inferred from content structure, not real search data)",,,첫 장(을) 넘기다,"Figuratively, to make the very first start on something.",3,2,2,2,2,2,2,AUTO_CLASSIFIED,P3,KNU 한국어 일상 표현 사전 (Naver 오픈사전),"dictionary-style only, no nuance/example yet; korean accuracy not yet human-verified (separate axis from content strategy fit)"
malkkeuteulheurida-01,,말끝(을) 흐리다,ko,idiom,말끝(을) 흐리다,P1,"MEANING (inferred from content structure, not real search data)",,,말끝(을) 흐리다,"To leave the end of one's sentence vague, deliberately unclear.",3,2,2,2,2,2,2,AUTO_CLASSIFIED,P3,KNU 한국어 일상 표현 사전 (Naver 오픈사전),"dictionary-style only, no nuance/example yet; korean accuracy not yet human-verified (separate axis from content strategy fit)"
hanbalneurida-01,,한발 느리다,ko,idiom,한발 느리다,P1,"MEANING (inferred from content structure, not real search data)",,,한발 느리다,To lag behind in timing.,3,2,2,2,2,2,2,AUTO_CLASSIFIED,P3,KNU 한국어 일상 표현 사전 (Naver 오픈사전),"dictionary-style only, no nuance/example yet; korean accuracy not yet human-verified (separate axis from content strategy fit)"
kkanokomalhaeseo-01,,까놓고 말해서,ko,idiom,까놓고 말해서,P1,"MEANING (inferred from content structure, not real search data)",,,까놓고 말해서,"""To be blunt about it"" — speaking plainly without holding back.",3,2,2,2,2,2,2,AUTO_CLASSIFIED,P3,KNU 한국어 일상 표현 사전 (Naver 오픈사전),"dictionary-style only, no nuance/example yet; korean accuracy not yet human-verified (separate axis from content strategy fit)"
siroragihanageolchijianta-01,,실오라기 하나 걸치지 않다,ko,idiom,실오라기 하나 걸치지 않다,P1,"MEANING (inferred from content structure, not real search data)",,,실오라기 하나 걸치지 않다,To be completely naked.,3,2,2,2,2,2,2,AUTO_CLASSIFIED,P3,KNU 한국어 일상 표현 사전 (Naver 오픈사전),"dictionary-style only, no nuance/example yet; korean accuracy not yet human-verified (separate axis from content strategy fit)"
kkwakmakhida-01,,꽉 막히다,ko,idiom,꽉 막히다,P1,"MEANING (inferred from content structure, not real search data)",,,꽉 막히다,"To be stubbornly closed-minded, refusing to hear others out.",3,2,2,2,2,2,2,AUTO_CLASSIFIED,P3,KNU 한국어 일상 표현 사전 (Naver 오픈사전),"dictionary-style only, no nuance/example yet; korean accuracy not yet human-verified (separate axis from content strategy fit)"
nalgeot-01,,날것,ko,idiom,날것,P1,"MEANING (inferred from content structure, not real search data)",,,날것,"Something raw/unprocessed, in its natural state.",3,2,2,2,2,2,2,AUTO_CLASSIFIED,P3,KNU 한국어 일상 표현 사전 (Naver 오픈사전),"dictionary-style only, no nuance/example yet; korean accuracy not yet human-verified (separate axis from content strategy fit)"
ibeurorihada-01,,입으로 일하다,ko,idiom,입으로 일하다,P1,"MEANING (inferred from content structure, not real search data)",,,입으로 일하다,To only talk about work rather than actually doing it.,3,2,2,2,2,2,2,AUTO_CLASSIFIED,P3,KNU 한국어 일상 표현 사전 (Naver 오픈사전),"dictionary-style only, no nuance/example yet; korean accuracy not yet human-verified (separate axis from content strategy fit)"
dacharinbapsangesutgarakmaneonda-01,,다 차린 밥상에 숟가락만 얹다,ko,idiom,다 차린 밥상에 숟가락만 얹다,P1,"MEANING (inferred from content structure, not real search data)",,,다 차린 밥상에 숟가락만 얹다,To swoop in and take credit for something others already finished preparing.,3,2,2,2,2,2,2,AUTO_CLASSIFIED,P3,KNU 한국어 일상 표현 사전 (Naver 오픈사전),"dictionary-style only, no nuance/example yet; korean accuracy not yet human-verified (separate axis from content strategy fit)"
nunedamda-01,,눈에 담다,ko,idiom,눈에 담다,P1,"MEANING (inferred from content structure, not real search data)",,,눈에 담다,To take in and remember a beautiful or impressive sight directly.,3,2,2,2,2,2,2,AUTO_CLASSIFIED,P3,KNU 한국어 일상 표현 사전 (Naver 오픈사전),"dictionary-style only, no nuance/example yet; korean accuracy not yet human-verified (separate axis from content strategy fit)"
neuleultoehaenaeda-01,,N을 토해 내다,ko,idiom,N을 토해 내다,P1,"MEANING (inferred from content structure, not real search data)",,,N을 토해 내다,"Informally, to disgorge/give up money or belongings.",3,2,2,2,2,2,2,AUTO_CLASSIFIED,P3,KNU 한국어 일상 표현 사전 (Naver 오픈사전),"dictionary-style only, no nuance/example yet; korean accuracy not yet human-verified (separate axis from content strategy fit)"
ibedaeda-01,,입(을) 대다,ko,idiom,입(을) 대다,P1,"MEANING (inferred from content structure, not real search data)",,,입(을) 대다,To voice unsolicited criticism or comment about something.,3,2,2,2,2,2,2,AUTO_CLASSIFIED,P3,KNU 한국어 일상 표현 사전 (Naver 오픈사전),"dictionary-style only, no nuance/example yet; korean accuracy not yet human-verified (separate axis from content strategy fit)"
sujageulburida-01,,수작(을) 부리다,ko,idiom,수작(을) 부리다,P1,"MEANING (inferred from content structure, not real search data)",,,수작(을) 부리다,"To scheme in a shady, dishonest way.",3,2,2,2,2,2,2,AUTO_CLASSIFIED,P3,KNU 한국어 일상 표현 사전 (Naver 오픈사전),"dictionary-style only, no nuance/example yet; korean accuracy not yet human-verified (separate axis from content strategy fit)"
jokbogakkoida-01,,족보(가) 꼬이다,ko,idiom,족보(가) 꼬이다,P1,"MEANING (inferred from content structure, not real search data)",,,족보(가) 꼬이다,For a lineage or hierarchical order to become confusingly tangled.,3,2,2,2,2,2,2,AUTO_CLASSIFIED,P3,KNU 한국어 일상 표현 사전 (Naver 오픈사전),"dictionary-style only, no nuance/example yet; korean accuracy not yet human-verified (separate axis from content strategy fit)"
dongjeongeulsalpida-01,,동정(을) 살피다,ko,idiom,동정(을) 살피다,P1,"MEANING (inferred from content structure, not real search data)",,,동정(을) 살피다,To watch and gauge the mood/situation as it unfolds.,3,2,2,2,2,2,2,AUTO_CLASSIFIED,P3,KNU 한국어 일상 표현 사전 (Naver 오픈사전),"dictionary-style only, no nuance/example yet; korean accuracy not yet human-verified (separate axis from content strategy fit)"
deopeonoko-01,,덮어놓고,ko,idiom,덮어놓고,P1,"MEANING (inferred from content structure, not real search data)",,,덮어놓고,"""Blindly, without question"" — without weighing good and bad.",3,2,2,2,2,2,2,AUTO_CLASSIFIED,P3,KNU 한국어 일상 표현 사전 (Naver 오픈사전),"dictionary-style only, no nuance/example yet; korean accuracy not yet human-verified (separate axis from content strategy fit)"
pumhaengibangjeonghada-01,,품행(이) 방정하다,ko,idiom,품행(이) 방정하다,P1,"MEANING (inferred from content structure, not real search data)",,,품행(이) 방정하다,"To have upright, proper conduct.",3,2,2,2,2,2,2,AUTO_CLASSIFIED,P3,KNU 한국어 일상 표현 사전 (Naver 오픈사전),"dictionary-style only, no nuance/example yet; korean accuracy not yet human-verified (separate axis from content strategy fit)"
hwaginsasal-01,,확인 사살,ko,idiom,확인 사살,P1,"MEANING (inferred from content structure, not real search data)",,,확인 사살,"Doubling down to make absolutely certain, even after something's already been confirmed.",3,2,2,2,2,2,2,AUTO_CLASSIFIED,P3,KNU 한국어 일상 표현 사전 (Naver 오픈사전),"dictionary-style only, no nuance/example yet; korean accuracy not yet human-verified (separate axis from content strategy fit)"
guwondeungpaneulhada-01,,구원 등판(을) 하다,ko,idiom,구원 등판(을) 하다,P1,"MEANING (inferred from content structure, not real search data)",,,구원 등판(을) 하다,"Figuratively, to step in and rescue a difficult situation.",3,2,2,2,2,2,2,AUTO_CLASSIFIED,P3,KNU 한국어 일상 표현 사전 (Naver 오픈사전),"dictionary-style only, no nuance/example yet; korean accuracy not yet human-verified (separate axis from content strategy fit)"
kkudeokhada-01,,꾸덕하다,ko,idiom,꾸덕하다,P1,"MEANING (inferred from content structure, not real search data)",,,꾸덕하다,For something slightly wet to have dried and firmed up a bit.,3,2,2,2,2,2,2,AUTO_CLASSIFIED,P3,KNU 한국어 일상 표현 사전 (Naver 오픈사전),"dictionary-style only, no nuance/example yet; korean accuracy not yet human-verified (separate axis from content strategy fit)"
byeogeulneukkida-01,,벽(을) 느끼다,ko,idiom,벽(을) 느끼다,P1,"MEANING (inferred from content structure, not real search data)",,,벽(을) 느끼다,To feel a hard-to-overcome barrier/limit.,3,2,2,2,2,2,2,AUTO_CLASSIFIED,P3,KNU 한국어 일상 표현 사전 (Naver 오픈사전),"dictionary-style only, no nuance/example yet; korean accuracy not yet human-verified (separate axis from content strategy fit)"
tteuteulgupida-01,,뜻을 굽히다,ko,idiom,뜻을 굽히다,P1,"MEANING (inferred from content structure, not real search data)",,,뜻을 굽히다,To bend one's opinion/principle to follow someone else's.,3,2,2,2,2,2,2,AUTO_CLASSIFIED,P3,KNU 한국어 일상 표현 사전 (Naver 오픈사전),"dictionary-style only, no nuance/example yet; korean accuracy not yet human-verified (separate axis from content strategy fit)"
chalddeokkongtteok-01,,찰떡 콩떡,ko,idiom,찰떡 콩떡,P1,"MEANING (inferred from content structure, not real search data)",,,찰떡 콩떡,Describes an extremely good match/fit.,3,2,2,2,2,2,2,AUTO_CLASSIFIED,P3,KNU 한국어 일상 표현 사전 (Naver 오픈사전),"dictionary-style only, no nuance/example yet; korean accuracy not yet human-verified (separate axis from content strategy fit)"
eongeogajjjalpda-01,,영어가 짧다,ko,idiom,영어가 짧다,P1,"MEANING (inferred from content structure, not real search data)",,,영어가 짧다,To not be skilled at English.,3,2,2,2,2,2,2,AUTO_CLASSIFIED,P3,KNU 한국어 일상 표현 사전 (Naver 오픈사전),"dictionary-style only, no nuance/example yet; korean accuracy not yet human-verified (separate axis from content strategy fit)"
nibapmeogyeojuna-01,,N이 밥 먹여 주냐,ko,idiom,N이 밥 먹여 주냐,P1,"MEANING (inferred from content structure, not real search data)",,,N이 밥 먹여 주냐,"""Does N put food on the table?"" — questioning whether something so heavily prioritized is actually essential.",3,2,2,2,2,2,2,AUTO_CLASSIFIED,P3,KNU 한국어 일상 표현 사전 (Naver 오픈사전),"dictionary-style only, no nuance/example yet; korean accuracy not yet human-verified (separate axis from content strategy fit)"
minnachidreuranada-01,,민낯이 드러나다,ko,idiom,민낯이 드러나다,P1,"MEANING (inferred from content structure, not real search data)",,,민낯이 드러나다,For a hidden true nature/flaw to be revealed.,3,2,2,2,2,2,2,AUTO_CLASSIFIED,P3,KNU 한국어 일상 표현 사전 (Naver 오픈사전),"dictionary-style only, no nuance/example yet; korean accuracy not yet human-verified (separate axis from content strategy fit)"
gyeoljeonuinal-01,,결전의 날,ko,idiom,결전의 날,P1,"MEANING (inferred from content structure, not real search data)",,,결전의 날,"""The day of the decisive battle"" — the crucial day when something important will be decided.",3,2,2,2,2,2,2,AUTO_CLASSIFIED,P3,KNU 한국어 일상 표현 사전 (Naver 오픈사전),"dictionary-style only, no nuance/example yet; korean accuracy not yet human-verified (separate axis from content strategy fit)"
musimkodeonjindolegaeguriineunmajajuk-01,,무심코 던진 돌에 개구리는 맞아 죽는다,ko,idiom,무심코 던진 돌에 개구리는 맞아 죽는다,P1,"MEANING (inferred from content structure, not real search data)",,,무심코 던진 돌에 개구리는 맞아 죽는다,"A careless remark/action can seriously hurt someone else, even unintentionally.",3,2,2,2,2,2,2,AUTO_CLASSIFIED,P3,KNU 한국어 일상 표현 사전 (Naver 오픈사전),"dictionary-style only, no nuance/example yet; korean accuracy not yet human-verified (separate axis from content strategy fit)"
jujepaak-01,,주제 파악,ko,idiom,주제 파악,P1,"MEANING (inferred from content structure, not real search data)",,,주제 파악,Recognizing one's own actual standing/limitations realistically.,3,2,2,2,2,2,2,AUTO_CLASSIFIED,P3,KNU 한국어 일상 표현 사전 (Naver 오픈사전),"dictionary-style only, no nuance/example yet; korean accuracy not yet human-verified (separate axis from content strategy fit)"
deungebisureulkkotda-01,,등에 비수(를) 꽂다,ko,idiom,등에 비수(를) 꽂다,P1,"MEANING (inferred from content structure, not real search data)",,,등에 비수(를) 꽂다,To betray someone who trusted you.,3,2,2,2,2,2,2,AUTO_CLASSIFIED,P3,KNU 한국어 일상 표현 사전 (Naver 오픈사전),"dictionary-style only, no nuance/example yet; korean accuracy not yet human-verified (separate axis from content strategy fit)"
jeongsineulpalda-01,,정신(을) 팔다,ko,idiom,정신(을) 팔다,P1,"MEANING (inferred from content structure, not real search data)",,,정신(을) 팔다,"To lose focus on a needed task, distracted by something else.",3,2,2,2,2,2,2,AUTO_CLASSIFIED,P3,KNU 한국어 일상 표현 사전 (Naver 오픈사전),"dictionary-style only, no nuance/example yet; korean accuracy not yet human-verified (separate axis from content strategy fit)"
heurinnun-01,,흐린 눈,ko,idiom,흐린 눈,P1,"MEANING (inferred from content structure, not real search data)",,,흐린 눈,Deliberately turning a blind eye to something unpleasant.,3,2,2,2,2,2,2,AUTO_CLASSIFIED,P3,KNU 한국어 일상 표현 사전 (Naver 오픈사전),"dictionary-style only, no nuance/example yet; korean accuracy not yet human-verified (separate axis from content strategy fit)"
maregoppyeogaitda-01,,말에 뼈(가) 있다,ko,idiom,말에 뼈(가) 있다,P1,"MEANING (inferred from content structure, not real search data)",,,말에 뼈(가) 있다,For a seemingly ordinary remark to carry hidden criticism.,3,2,2,2,2,2,2,AUTO_CLASSIFIED,P3,KNU 한국어 일상 표현 사전 (Naver 오픈사전),"dictionary-style only, no nuance/example yet; korean accuracy not yet human-verified (separate axis from content strategy fit)"
chigoppajida-01,,치고 빠지다,ko,idiom,치고 빠지다,P1,"MEANING (inferred from content structure, not real search data)",,,치고 빠지다,To act quickly for a purpose and then retreat right away.,3,2,2,2,2,2,2,AUTO_CLASSIFIED,P3,KNU 한국어 일상 표현 사전 (Naver 오픈사전),"dictionary-style only, no nuance/example yet; korean accuracy not yet human-verified (separate axis from content strategy fit)"
cheotnune-banhada-01,,첫눈에 반하다,ko,idiom,첫눈에 반하다,P1,"MEANING (inferred from content structure, not real search data)",,,첫눈에 반하다,To fall in love at first sight.,3,2,2,2,2,2,2,AUTO_CLASSIFIED,P3,KNU 한국어 일상 표현 사전 (Naver 오픈사전),"dictionary-style only, no nuance/example yet; korean accuracy not yet human-verified (separate axis from content strategy fit)"
eojang-01,,어장,ko,idiom,어장,P1,"MEANING (inferred from content structure, not real search data)",,,어장,"Figuratively, a group of people someone strings along romantically without real commitment.",3,2,2,2,2,2,2,AUTO_CLASSIFIED,P3,KNU 한국어 일상 표현 사전 (Naver 오픈사전),"dictionary-style only, no nuance/example yet; korean accuracy not yet human-verified (separate axis from content strategy fit)"
nbuneungsoneulnomda-01,,N 부 능선(을) 넘다,ko,idiom,N 부 능선(을) 넘다,P1,"MEANING (inferred from content structure, not real search data)",,,N 부 능선(을) 넘다,Describes how far along (N%) a process has progressed.,3,2,2,2,2,2,2,AUTO_CLASSIFIED,P3,KNU 한국어 일상 표현 사전 (Naver 오픈사전),"dictionary-style only, no nuance/example yet; korean accuracy not yet human-verified (separate axis from content strategy fit)"
gaseumigodongchida-01,,가슴이 고동치다,ko,idiom,가슴이 고동치다,P1,"MEANING (inferred from content structure, not real search data)",,,가슴이 고동치다,For one's heart to pound with excitement or hope.,3,2,2,2,2,2,2,AUTO_CLASSIFIED,P3,KNU 한국어 일상 표현 사전 (Naver 오픈사전),"dictionary-style only, no nuance/example yet; korean accuracy not yet human-verified (separate axis from content strategy fit)"
domawiuisaengseon-01,,도마 위의 생선,ko,idiom,도마 위의 생선,P1,"MEANING (inferred from content structure, not real search data)",,,도마 위의 생선,"Figuratively, someone/something under harsh public scrutiny/criticism.",3,2,2,2,2,2,2,AUTO_CLASSIFIED,P3,KNU 한국어 일상 표현 사전 (Naver 오픈사전),"dictionary-style only, no nuance/example yet; korean accuracy not yet human-verified (separate axis from content strategy fit)"
geondeokjigaeopda-01,,건덕지(가) 없다,ko,idiom,건덕지(가) 없다,P1,"MEANING (inferred from content structure, not real search data)",,,건덕지(가) 없다,To have no means/opportunity to do something.,3,2,2,2,2,2,2,AUTO_CLASSIFIED,P3,KNU 한국어 일상 표현 사전 (Naver 오픈사전),"dictionary-style only, no nuance/example yet; korean accuracy not yet human-verified (separate axis from content strategy fit)"
gwedoeoreuda-01,,궤도에 오르다,ko,idiom,궤도에 오르다,P1,"MEANING (inferred from content structure, not real search data)",,,궤도에 오르다,"For something to get on track, progressing normally.",3,2,2,2,2,2,2,AUTO_CLASSIFIED,P3,KNU 한국어 일상 표현 사전 (Naver 오픈사전),"dictionary-style only, no nuance/example yet; korean accuracy not yet human-verified (separate axis from content strategy fit)"
ipgaemaemdolda-01,,입가에 맴돌다,ko,idiom,입가에 맴돌다,P1,"MEANING (inferred from content structure, not real search data)",,,입가에 맴돌다,To keep wanting to say something but hesitating to actually voice it.,3,2,2,2,2,2,2,AUTO_CLASSIFIED,P3,KNU 한국어 일상 표현 사전 (Naver 오픈사전),"dictionary-style only, no nuance/example yet; korean accuracy not yet human-verified (separate axis from content strategy fit)"
baltteutedomotmichida-01,,발끝에도 못 미치다,ko,idiom,발끝에도 못 미치다,P1,"MEANING (inferred from content structure, not real search data)",,,발끝에도 못 미치다,To fall far short of matching someone's level of skill.,3,2,2,2,2,2,2,AUTO_CLASSIFIED,P3,KNU 한국어 일상 표현 사전 (Naver 오픈사전),"dictionary-style only, no nuance/example yet; korean accuracy not yet human-verified (separate axis from content strategy fit)"
jabeumisaenggida-01,,잡음(이) 생기다,ko,idiom,잡음(이) 생기다,P1,"MEANING (inferred from content structure, not real search data)",,,잡음(이) 생기다,For unwanted rumors/negative opinions to arise.,3,2,2,2,2,2,2,AUTO_CLASSIFIED,P3,KNU 한국어 일상 표현 사전 (Naver 오픈사전),"dictionary-style only, no nuance/example yet; korean accuracy not yet human-verified (separate axis from content strategy fit)"
geumtereuldureuda-01,,금테(를) 두르다,ko,idiom,금테(를) 두르다,P1,"MEANING (inferred from content structure, not real search data)",,,금테(를) 두르다,"Figuratively, for a food's price to be very expensive.",3,2,2,2,2,2,2,AUTO_CLASSIFIED,P3,KNU 한국어 일상 표현 사전 (Naver 오픈사전),"dictionary-style only, no nuance/example yet; korean accuracy not yet human-verified (separate axis from content strategy fit)"
kkokjigadolda-01,,꼭지(가) 돌다,ko,idiom,꼭지(가) 돌다,P1,"MEANING (inferred from content structure, not real search data)",,,꼭지(가) 돌다,To become extremely angry.,3,2,2,2,2,2,2,AUTO_CLASSIFIED,P3,KNU 한국어 일상 표현 사전 (Naver 오픈사전),"dictionary-style only, no nuance/example yet; korean accuracy not yet human-verified (separate axis from content strategy fit)"
teurebakhida-01,,틀에 박히다,ko,idiom,틀에 박히다,P1,"MEANING (inferred from content structure, not real search data)",,,틀에 박히다,"For words/behavior to be repeated the same rigid way, without adapting.",3,2,2,2,2,2,2,AUTO_CLASSIFIED,P3,KNU 한국어 일상 표현 사전 (Naver 오픈사전),"dictionary-style only, no nuance/example yet; korean accuracy not yet human-verified (separate axis from content strategy fit)"
yangbaneunmotdoenda-01,,양반은 못 된다,ko,idiom,양반은 못 된다,P1,"MEANING (inferred from content structure, not real search data)",,,양반은 못 된다,Said jokingly when the person just mentioned suddenly shows up.,3,2,2,2,2,2,2,AUTO_CLASSIFIED,P3,KNU 한국어 일상 표현 사전 (Naver 오픈사전),"dictionary-style only, no nuance/example yet; korean accuracy not yet human-verified (separate axis from content strategy fit)"
paleopneunjjinppang-01,,팔 없는 찐빵,ko,idiom,팔 없는 찐빵,P1,"MEANING (inferred from content structure, not real search data)",,,팔 없는 찐빵,"Figuratively, describing something lacking its most essential core element.",3,2,2,2,2,2,2,AUTO_CLASSIFIED,P3,KNU 한국어 일상 표현 사전 (Naver 오픈사전),"dictionary-style only, no nuance/example yet; korean accuracy not yet human-verified (separate axis from content strategy fit)"
gonggimugeopda-01,,공기(가) 무겁다,ko,idiom,공기(가) 무겁다,P1,"MEANING (inferred from content structure, not real search data)",,,공기(가) 무겁다,For the mood/atmosphere in a place to feel tense.,3,2,2,2,2,2,2,AUTO_CLASSIFIED,P3,KNU 한국어 일상 표현 사전 (Naver 오픈사전),"dictionary-style only, no nuance/example yet; korean accuracy not yet human-verified (separate axis from content strategy fit)"
namnyeobulmun-01,,남녀 불문,ko,idiom,남녀 불문,P1,"MEANING (inferred from content structure, not real search data)",,,남녀 불문,"""Regardless of gender"" — applying equally to men and women.",3,2,2,2,2,2,2,AUTO_CLASSIFIED,P3,KNU 한국어 일상 표현 사전 (Naver 오픈사전),"dictionary-style only, no nuance/example yet; korean accuracy not yet human-verified (separate axis from content strategy fit)"
sagyeongeulhemaeda-01,,사경(을) 헤매다,ko,idiom,사경(을) 헤매다,P1,"MEANING (inferred from content structure, not real search data)",,,사경(을) 헤매다,To be on the brink of death.,3,2,2,2,2,2,2,AUTO_CLASSIFIED,P3,KNU 한국어 일상 표현 사전 (Naver 오픈사전),"dictionary-style only, no nuance/example yet; korean accuracy not yet human-verified (separate axis from content strategy fit)"
meorigeomeunjimseung-01,,머리 검은 짐승,ko,idiom,머리 검은 짐승,P1,"MEANING (inferred from content structure, not real search data)",,,머리 검은 짐승,"A person, said dismissively about ungratefulness — ""a black-headed beast.""",3,2,2,2,2,2,2,AUTO_CLASSIFIED,P3,KNU 한국어 일상 표현 사전 (Naver 오픈사전),"dictionary-style only, no nuance/example yet; korean accuracy not yet human-verified (separate axis from content strategy fit)"
horangisaekkireulkiuda-01,,호랑이 새끼를 키우다,ko,idiom,호랑이 새끼를 키우다,P1,"MEANING (inferred from content structure, not real search data)",,,호랑이 새끼를 키우다,To have helped someone who later betrays that kindness.,3,2,2,2,2,2,2,AUTO_CLASSIFIED,P3,KNU 한국어 일상 표현 사전 (Naver 오픈사전),"dictionary-style only, no nuance/example yet; korean accuracy not yet human-verified (separate axis from content strategy fit)"
gamume-danbi-01,,가뭄에 단비,ko,idiom,가뭄에 단비,P1,"MEANING (inferred from content structure, not real search data)",,,가뭄에 단비,"""Sweet rain in a drought"" — something greatly needed arriving right when it's most needed.",3,2,2,2,2,2,2,AUTO_CLASSIFIED,P3,KNU 한국어 일상 표현 사전 (Naver 오픈사전),"dictionary-style only, no nuance/example yet; korean accuracy not yet human-verified (separate axis from content strategy fit)"
jageobeulgeolda-01,,작업(을) 걸다,ko,idiom,작업(을) 걸다,P1,"MEANING (inferred from content structure, not real search data)",,,작업(을) 걸다,To try to romantically win someone over.,3,2,2,2,2,2,2,AUTO_CLASSIFIED,P3,KNU 한국어 일상 표현 사전 (Naver 오픈사전),"dictionary-style only, no nuance/example yet; korean accuracy not yet human-verified (separate axis from content strategy fit)"
gyeongageulgeumchimotada-01,,경악을 금치 못하다,ko,idiom,경악을 금치 못하다,P1,"MEANING (inferred from content structure, not real search data)",,,경악을 금치 못하다,"To be utterly shocked, unable to contain one's astonishment.",3,2,2,2,2,2,2,AUTO_CLASSIFIED,P3,KNU 한국어 일상 표현 사전 (Naver 오픈사전),"dictionary-style only, no nuance/example yet; korean accuracy not yet human-verified (separate axis from content strategy fit)"
dojangeulkkaeda-01,,도장(을) 깨다,ko,idiom,도장(을) 깨다,P1,"MEANING (inferred from content structure, not real search data)",,,도장(을) 깨다,To successively defeat/conquer challengers/opponents one by one.,3,2,2,2,2,2,2,AUTO_CLASSIFIED,P3,KNU 한국어 일상 표현 사전 (Naver 오픈사전),"dictionary-style only, no nuance/example yet; korean accuracy not yet human-verified (separate axis from content strategy fit)"
gyeoguigaeopda-01,,격의(가) 없다,ko,idiom,격의(가) 없다,P1,"MEANING (inferred from content structure, not real search data)",,,격의(가) 없다,"To be completely open and free with each other, without reserve.",3,2,2,2,2,2,2,AUTO_CLASSIFIED,P3,KNU 한국어 일상 표현 사전 (Naver 오픈사전),"dictionary-style only, no nuance/example yet; korean accuracy not yet human-verified (separate axis from content strategy fit)"
mutmaereulmatda-01,,뭇매(를) 맞다,ko,idiom,뭇매(를) 맞다,P1,"MEANING (inferred from content structure, not real search data)",,,뭇매(를) 맞다,To be harshly criticized all at once by many people.,3,2,2,2,2,2,2,AUTO_CLASSIFIED,P3,KNU 한국어 일상 표현 사전 (Naver 오픈사전),"dictionary-style only, no nuance/example yet; korean accuracy not yet human-verified (separate axis from content strategy fit)"
beopeureulbatda-01,,버프(를) 받다,ko,idiom,버프(를) 받다,P1,"MEANING (inferred from content structure, not real search data)",,,버프(를) 받다,To receive a beneficial boost/advantage from someone or something.,3,2,2,2,2,2,2,AUTO_CLASSIFIED,P3,KNU 한국어 일상 표현 사전 (Naver 오픈사전),"dictionary-style only, no nuance/example yet; korean accuracy not yet human-verified (separate axis from content strategy fit)"
beorineunkadeu-01,,버리는 카드,ko,idiom,버리는 카드,P1,"MEANING (inferred from content structure, not real search data)",,,버리는 카드,"Something/someone deemed disposable, given up on.",3,2,2,2,2,2,2,AUTO_CLASSIFIED,P3,KNU 한국어 일상 표현 사전 (Naver 오픈사전),"dictionary-style only, no nuance/example yet; korean accuracy not yet human-verified (separate axis from content strategy fit)"
gaeuleultada-01,,가을(을) 타다,ko,idiom,가을(을) 타다,P1,"MEANING (inferred from content structure, not real search data)",,,가을(을) 타다,To be emotionally affected easily during autumn.,3,2,2,2,2,2,2,AUTO_CLASSIFIED,P3,KNU 한국어 일상 표현 사전 (Naver 오픈사전),"dictionary-style only, no nuance/example yet; korean accuracy not yet human-verified (separate axis from content strategy fit)"
gamioda-01,,감(이) 오다,ko,idiom,감(이) 오다,P1,"MEANING (inferred from content structure, not real search data)",,,감(이) 오다,To get an intuitive sense of how something will turn out.,3,2,2,2,2,2,2,AUTO_CLASSIFIED,P3,KNU 한국어 일상 표현 사전 (Naver 오픈사전),"dictionary-style only, no nuance/example yet; korean accuracy not yet human-verified (separate axis from content strategy fit)"
ulbuneultohada-01,,울분(을) 토하다,ko,idiom,울분(을) 토하다,P1,"MEANING (inferred from content structure, not real search data)",,,울분(을) 토하다,To vent pent-up frustration and indignation outwardly.,3,2,2,2,2,2,2,AUTO_CLASSIFIED,P3,KNU 한국어 일상 표현 사전 (Naver 오픈사전),"dictionary-style only, no nuance/example yet; korean accuracy not yet human-verified (separate axis from content strategy fit)"
kogakkida-01,,코(가) 끼다,ko,idiom,코(가) 끼다,P1,"MEANING (inferred from content structure, not real search data)",,,코(가) 끼다,To harp on and criticize someone's flaws or appearance.,3,2,2,2,2,2,2,AUTO_CLASSIFIED,P3,KNU 한국어 일상 표현 사전 (Naver 오픈사전),"dictionary-style only, no nuance/example yet; korean accuracy not yet human-verified (separate axis from content strategy fit)"
jeongbyeon-01,,정변,ko,idiom,정변,P1,"MEANING (inferred from content structure, not real search data)",,,정변,"A sudden, dramatic change in someone's appearance or a person's/group's fortunes.",3,2,2,2,2,2,2,AUTO_CLASSIFIED,P3,KNU 한국어 일상 표현 사전 (Naver 오픈사전),"dictionary-style only, no nuance/example yet; korean accuracy not yet human-verified (separate axis from content strategy fit)"
donapejangsaeopda-01,,돈 앞에 장사 없다,ko,idiom,돈 앞에 장사 없다,P1,"MEANING (inferred from content structure, not real search data)",,,돈 앞에 장사 없다,Money-related problems override every other priority in the end.,3,2,2,2,2,2,2,AUTO_CLASSIFIED,P3,KNU 한국어 일상 표현 사전 (Naver 오픈사전),"dictionary-style only, no nuance/example yet; korean accuracy not yet human-verified (separate axis from content strategy fit)"
kkoreulbogisilda-01,,꼴(을) 보기 싫다,ko,idiom,꼴(을) 보기 싫다,P1,"MEANING (inferred from content structure, not real search data)",,,꼴(을) 보기 싫다,To find someone's behavior/attitude so unpleasant it's unbearable to watch.,3,2,2,2,2,2,2,AUTO_CLASSIFIED,P3,KNU 한국어 일상 표현 사전 (Naver 오픈사전),"dictionary-style only, no nuance/example yet; korean accuracy not yet human-verified (separate axis from content strategy fit)"
ballangkkajida-01,,발랑 까지다,ko,idiom,발랑 까지다,P1,"MEANING (inferred from content structure, not real search data)",,,발랑 까지다,To act excessively bold/precocious beyond one's age or place.,3,2,2,2,2,2,2,AUTO_CLASSIFIED,P3,KNU 한국어 일상 표현 사전 (Naver 오픈사전),"dictionary-style only, no nuance/example yet; korean accuracy not yet human-verified (separate axis from content strategy fit)"
tteueomtteueombobo-01,,뜨엄뜨엄 보다,ko,idiom,뜨엄뜨엄 보다,P1,"MEANING (inferred from content structure, not real search data)",,,뜨엄뜨엄 보다,To underestimate/look down on someone or something carelessly.,3,2,2,2,2,2,2,AUTO_CLASSIFIED,P3,KNU 한국어 일상 표현 사전 (Naver 오픈사전),"dictionary-style only, no nuance/example yet; korean accuracy not yet human-verified (separate axis from content strategy fit)"
anmyeoneulteuda-01,,안면(을) 트다,ko,idiom,안면(을) 트다,P1,"MEANING (inferred from content structure, not real search data)",,,안면(을) 트다,To become acquainted with someone previously unknown.,3,2,2,2,2,2,2,AUTO_CLASSIFIED,P3,KNU 한국어 일상 표현 사전 (Naver 오픈사전),"dictionary-style only, no nuance/example yet; korean accuracy not yet human-verified (separate axis from content strategy fit)"
paengsikida-01,,팽시키다,ko,idiom,팽시키다,P1,"MEANING (inferred from content structure, not real search data)",,,팽시키다,To abandon something once it's no longer needed.,3,2,2,2,2,2,2,AUTO_CLASSIFIED,P3,KNU 한국어 일상 표현 사전 (Naver 오픈사전),"dictionary-style only, no nuance/example yet; korean accuracy not yet human-verified (separate axis from content strategy fit)"
doraolsueopneungangeulgeonneoda-01,,돌아올 수 없는 강을 건너다,ko,idiom,돌아올 수 없는 강을 건너다,P1,"MEANING (inferred from content structure, not real search data)",,,돌아올 수 없는 강을 건너다,To reach a point of no return.,3,2,2,2,2,2,2,AUTO_CLASSIFIED,P3,KNU 한국어 일상 표현 사전 (Naver 오픈사전),"dictionary-style only, no nuance/example yet; korean accuracy not yet human-verified (separate axis from content strategy fit)"
beoseutteonanwuisonheunduda-01,,버스 떠난 뒤에 손 흔들다,ko,idiom,버스 떠난 뒤에 손 흔들다,P1,"MEANING (inferred from content structure, not real search data)",,,버스 떠난 뒤에 손 흔들다,"To take action only after the opportune moment has already passed, uselessly.",3,2,2,2,2,2,2,AUTO_CLASSIFIED,P3,KNU 한국어 일상 표현 사전 (Naver 오픈사전),"dictionary-style only, no nuance/example yet; korean accuracy not yet human-verified (separate axis from content strategy fit)"
siltteumIeopda-01,,실 틈(이) 없다,ko,idiom,실 틈(이) 없다,P1,"MEANING (inferred from content structure, not real search data)",,,실 틈(이) 없다,To be so busy there's not even a moment's free time.,3,2,2,2,2,2,2,AUTO_CLASSIFIED,P3,KNU 한국어 일상 표현 사전 (Naver 오픈사전),"dictionary-style only, no nuance/example yet; korean accuracy not yet human-verified (separate axis from content strategy fit)"
jagagyeokri-01,,자가 격리,ko,idiom,자가 격리,P1,"MEANING (inferred from content structure, not real search data)",,,자가 격리,Self-quarantine — voluntarily isolating to prevent spreading illness.,3,2,2,2,2,2,2,AUTO_CLASSIFIED,P3,KNU 한국어 일상 표현 사전 (Naver 오픈사전),"dictionary-style only, no nuance/example yet; korean accuracy not yet human-verified (separate axis from content strategy fit)"
beoseugattananda-01,,버스(가) 떠나다,ko,idiom,버스(가) 떠나다,P1,"MEANING (inferred from content structure, not real search data)",,,버스(가) 떠나다,"Figuratively, for an opportunity to be missed/gone.",3,2,2,2,2,2,2,AUTO_CLASSIFIED,P3,KNU 한국어 일상 표현 사전 (Naver 오픈사전),"dictionary-style only, no nuance/example yet; korean accuracy not yet human-verified (separate axis from content strategy fit)"
jeonmangieodupda-01,,전망(이) 어둡다,ko,idiom,전망(이) 어둡다,P1,"MEANING (inferred from content structure, not real search data)",,,전망(이) 어둡다,"To have a bleak, unpromising outlook for the future.",3,2,2,2,2,2,2,AUTO_CLASSIFIED,P3,KNU 한국어 일상 표현 사전 (Naver 오픈사전),"dictionary-style only, no nuance/example yet; korean accuracy not yet human-verified (separate axis from content strategy fit)"
nugamworaedo-01,,누가 뭐래도,ko,idiom,누가 뭐래도,P1,"MEANING (inferred from content structure, not real search data)",,,누가 뭐래도,"""No matter what anyone says"" — regardless of others' opinions.",3,2,2,2,2,2,2,AUTO_CLASSIFIED,P3,KNU 한국어 일상 표현 사전 (Naver 오픈사전),"dictionary-style only, no nuance/example yet; korean accuracy not yet human-verified (separate axis from content strategy fit)"
meoriroalda-01,,머리로 알다,ko,idiom,머리로 알다,P1,"MEANING (inferred from content structure, not real search data)",,,머리로 알다,"To understand something intellectually/logically, rather than emotionally.",3,2,2,2,2,2,2,AUTO_CLASSIFIED,P3,KNU 한국어 일상 표현 사전 (Naver 오픈사전),"dictionary-style only, no nuance/example yet; korean accuracy not yet human-verified (separate axis from content strategy fit)"
tasongejeotda-01,,타성(에) 젖다,ko,idiom,타성(에) 젖다,P1,"MEANING (inferred from content structure, not real search data)",,,타성(에) 젖다,To become so habituated to something that one no longer questions it or tries anything new.,3,2,2,2,2,2,2,AUTO_CLASSIFIED,P3,KNU 한국어 일상 표현 사전 (Naver 오픈사전),"dictionary-style only, no nuance/example yet; korean accuracy not yet human-verified (separate axis from content strategy fit)"
gaewaneukdaeuisigan-01,,개와 늑대의 시간,ko,idiom,개와 늑대의 시간,P1,"MEANING (inferred from content structure, not real search data)",,,개와 늑대의 시간,"""The hour between dog and wolf"" — the ambiguous twilight period where friend and foe are hard to distinguish.",3,2,2,2,2,2,2,AUTO_CLASSIFIED,P3,KNU 한국어 일상 표현 사전 (Naver 오픈사전),"dictionary-style only, no nuance/example yet; korean accuracy not yet human-verified (separate axis from content strategy fit)"
majungmulidoeda-01,,마중물이 되다,ko,idiom,마중물이 되다,P1,"MEANING (inferred from content structure, not real search data)",,,마중물이 되다,To serve as the initial trigger that gets a larger effort started.,3,2,2,2,2,2,2,AUTO_CLASSIFIED,P3,KNU 한국어 일상 표현 사전 (Naver 오픈사전),"dictionary-style only, no nuance/example yet; korean accuracy not yet human-verified (separate axis from content strategy fit)"
binchugeulsada-01,,빈축(을) 사다,ko,idiom,빈축(을) 사다,P1,"MEANING (inferred from content structure, not real search data)",,,빈축(을) 사다,To draw criticism/disapproval from others.,3,2,2,2,2,2,2,AUTO_CLASSIFIED,P3,KNU 한국어 일상 표현 사전 (Naver 오픈사전),"dictionary-style only, no nuance/example yet; korean accuracy not yet human-verified (separate axis from content strategy fit)"
seogyeonchianta-01,,석연치 않다,ko,idiom,석연치 않다,P1,"MEANING (inferred from content structure, not real search data)",,,석연치 않다,"To feel a lingering doubt about a matter, not fully convinced.",3,2,2,2,2,2,2,AUTO_CLASSIFIED,P3,KNU 한국어 일상 표현 사전 (Naver 오픈사전),"dictionary-style only, no nuance/example yet; korean accuracy not yet human-verified (separate axis from content strategy fit)"
chatjansogui-taepung-01,,찻잔 속(의) 태풍,ko,idiom,찻잔 속(의) 태풍,P1,"MEANING (inferred from content structure, not real search data)",,,찻잔 속(의) 태풍,"""A storm in a teacup"" — something that seemed significant but had little real impact.",3,2,2,2,2,2,2,AUTO_CLASSIFIED,P3,KNU 한국어 일상 표현 사전 (Naver 오픈사전),"dictionary-style only, no nuance/example yet; korean accuracy not yet human-verified (separate axis from content strategy fit)"
haenggangeulikda-01,,행간(을) 읽다,ko,idiom,행간(을) 읽다,P1,"MEANING (inferred from content structure, not real search data)",,,행간(을) 읽다,"To read between the lines, grasping unstated meaning.",3,2,2,2,2,2,2,AUTO_CLASSIFIED,P3,KNU 한국어 일상 표현 사전 (Naver 오픈사전),"dictionary-style only, no nuance/example yet; korean accuracy not yet human-verified (separate axis from content strategy fit)"
heotbadagibantomagida-01,,헛바닥이 반토막이다,ko,idiom,헛바닥이 반토막이다,P1,"MEANING (inferred from content structure, not real search data)",,,헛바닥이 반토막이다,"Criticizing someone for saying different things depending on the audience — insincere, split loyalties.",3,2,2,2,2,2,2,AUTO_CLASSIFIED,P3,KNU 한국어 일상 표현 사전 (Naver 오픈사전),"dictionary-style only, no nuance/example yet; korean accuracy not yet human-verified (separate axis from content strategy fit)"
gaeuichianta-01,,개의치 않다,ko,idiom,개의치 않다,P1,"MEANING (inferred from content structure, not real search data)",,,개의치 않다,To not let something bother or concern oneself.,3,2,2,2,2,2,2,AUTO_CLASSIFIED,P3,KNU 한국어 일상 표현 사전 (Naver 오픈사전),"dictionary-style only, no nuance/example yet; korean accuracy not yet human-verified (separate axis from content strategy fit)"
cheonchuuihan-01,,천추의 한,ko,idiom,천추의 한,P1,"MEANING (inferred from content structure, not real search data)",,,천추의 한,A regret so deep it lingers for a very long time.,3,2,2,2,2,2,2,AUTO_CLASSIFIED,P3,KNU 한국어 일상 표현 사전 (Naver 오픈사전),"dictionary-style only, no nuance/example yet; korean accuracy not yet human-verified (separate axis from content strategy fit)"
chogageuldatuda-01,,촌각(을) 다투다,ko,idiom,촌각(을) 다투다,P1,"MEANING (inferred from content structure, not real search data)",,,촌각(을) 다투다,For a situation to be extremely time-critical.,3,2,2,2,2,2,2,AUTO_CLASSIFIED,P3,KNU 한국어 일상 표현 사전 (Naver 오픈사전),"dictionary-style only, no nuance/example yet; korean accuracy not yet human-verified (separate axis from content strategy fit)"
cheonjibungan-eulmoshada-01,,천지 분간(을) 못 하다,ko,idiom,천지 분간(을) 못 하다,P1,"MEANING (inferred from content structure, not real search data)",,,천지 분간(을) 못 하다,"To lack the judgment to tell right from wrong, or to fail to grasp reality.",3,2,2,2,2,2,2,AUTO_CLASSIFIED,P3,KNU 한국어 일상 표현 사전 (Naver 오픈사전),"dictionary-style only, no nuance/example yet; korean accuracy not yet human-verified (separate axis from content strategy fit)"
ibiboasarida-01,,입이 보살이다,ko,idiom,입이 보살이다,P1,"MEANING (inferred from content structure, not real search data)",,,입이 보살이다,"Describes when what one casually said turns out to come true, as if blessed.",3,2,2,2,2,2,2,AUTO_CLASSIFIED,P3,KNU 한국어 일상 표현 사전 (Naver 오픈사전),"dictionary-style only, no nuance/example yet; korean accuracy not yet human-verified (separate axis from content strategy fit)"
bulmune-buchida-01,,불문에 부치다,ko,idiom,불문에 부치다,P1,"MEANING (inferred from content structure, not real search data)",,,불문에 부치다,To not question or pursue an issue further.,3,2,2,2,2,2,2,AUTO_CLASSIFIED,P3,KNU 한국어 일상 표현 사전 (Naver 오픈사전),"dictionary-style only, no nuance/example yet; korean accuracy not yet human-verified (separate axis from content strategy fit)"
yeomchibulgohada-01,,염치 불고하다,ko,idiom,염치 불고하다,P1,"MEANING (inferred from content structure, not real search data)",,,염치 불고하다,"To act without regard for shame, disregarding social propriety.",3,2,2,2,2,2,2,AUTO_CLASSIFIED,P3,KNU 한국어 일상 표현 사전 (Naver 오픈사전),"dictionary-style only, no nuance/example yet; korean accuracy not yet human-verified (separate axis from content strategy fit)"
yujonguimireulgeoduda-01,,유종의 미(를) 거두다,ko,idiom,유종의 미(를) 거두다,P1,"MEANING (inferred from content structure, not real search data)",,,유종의 미(를) 거두다,"To bring something to a successful, satisfying conclusion.",3,2,2,2,2,2,2,AUTO_CLASSIFIED,P3,KNU 한국어 일상 표현 사전 (Naver 오픈사전),"dictionary-style only, no nuance/example yet; korean accuracy not yet human-verified (separate axis from content strategy fit)"
jjogaitda-01,,쪼가 있다,ko,idiom,쪼가 있다,P1,"MEANING (inferred from content structure, not real search data)",,,쪼가 있다,To have a distinctive habit or quirk.,3,2,2,2,2,2,2,AUTO_CLASSIFIED,P3,KNU 한국어 일상 표현 사전 (Naver 오픈사전),"dictionary-style only, no nuance/example yet; korean accuracy not yet human-verified (separate axis from content strategy fit)"
gorijjagiyagi-01,,고리짝 이야기,ko,idiom,고리짝 이야기,P1,"MEANING (inferred from content structure, not real search data)",,,고리짝 이야기,"An extremely old, outdated story.",3,2,2,2,2,2,2,AUTO_CLASSIFIED,P3,KNU 한국어 일상 표현 사전 (Naver 오픈사전),"dictionary-style only, no nuance/example yet; korean accuracy not yet human-verified (separate axis from content strategy fit)"
taui-chujongeulbulheohada-01,,타의 추종을 불허하다,ko,idiom,타의 추종을 불허하다,P1,"MEANING (inferred from content structure, not real search data)",,,타의 추종을 불허하다,To be so exceptional that no one else can compare.,3,2,2,2,2,2,2,AUTO_CLASSIFIED,P3,KNU 한국어 일상 표현 사전 (Naver 오픈사전),"dictionary-style only, no nuance/example yet; korean accuracy not yet human-verified (separate axis from content strategy fit)"
simsimhansagwa-01,,심심한 사과,ko,idiom,심심한 사과,P1,"MEANING (inferred from content structure, not real search data)",,,심심한 사과,"A deep, sincere apology.",3,2,2,2,2,2,2,AUTO_CLASSIFIED,P3,KNU 한국어 일상 표현 사전 (Naver 오픈사전),"dictionary-style only, no nuance/example yet; korean accuracy not yet human-verified (separate axis from content strategy fit)"
rubikongangeulgeonneoda-01,,루비콘강을 건너다,ko,idiom,루비콘강을 건너다,P1,"MEANING (inferred from content structure, not real search data)",,,루비콘강을 건너다,"""To cross the Rubicon"" — to reach a point of committed action with no turning back.",3,2,2,2,2,2,2,AUTO_CLASSIFIED,P3,KNU 한국어 일상 표현 사전 (Naver 오픈사전),"dictionary-style only, no nuance/example yet; korean accuracy not yet human-verified (separate axis from content strategy fit)"
hwaduedoreuda-01,,화두에 오르다,ko,idiom,화두에 오르다,P1,"MEANING (inferred from content structure, not real search data)",,,화두에 오르다,For something to become the topic of important discussion.,3,2,2,2,2,2,2,AUTO_CLASSIFIED,P3,KNU 한국어 일상 표현 사전 (Naver 오픈사전),"dictionary-style only, no nuance/example yet; korean accuracy not yet human-verified (separate axis from content strategy fit)"
gaekgireulburida-01,,객기(를) 부리다,ko,idiom,객기(를) 부리다,P1,"MEANING (inferred from content structure, not real search data)",,,객기(를) 부리다,To recklessly act tough without real substance behind it.,3,2,2,2,2,2,2,AUTO_CLASSIFIED,P3,KNU 한국어 일상 표현 사전 (Naver 오픈사전),"dictionary-style only, no nuance/example yet; korean accuracy not yet human-verified (separate axis from content strategy fit)"
cheotkkeutbaligaekkkeutbal-01,,첫 끗발이 개끗발,ko,idiom,첫 끗발이 개끗발,P1,"MEANING (inferred from content structure, not real search data)",,,첫 끗발이 개끗발,A good start that ends badly — early success that fizzles out.,3,2,2,2,2,2,2,AUTO_CLASSIFIED,P3,KNU 한국어 일상 표현 사전 (Naver 오픈사전),"dictionary-style only, no nuance/example yet; korean accuracy not yet human-verified (separate axis from content strategy fit)"
mangoui-jinri-01,,만고의 진리,ko,idiom,만고의 진리,P1,"MEANING (inferred from content structure, not real search data)",,,만고의 진리,"An eternal, unchanging truth.",3,2,2,2,2,2,2,AUTO_CLASSIFIED,P3,KNU 한국어 일상 표현 사전 (Naver 오픈사전),"dictionary-style only, no nuance/example yet; korean accuracy not yet human-verified (separate axis from content strategy fit)"
dotane-ppajida-01,,도탄에 빠지다,ko,idiom,도탄에 빠지다,P1,"MEANING (inferred from content structure, not real search data)",,,도탄에 빠지다,For a country/people to fall into severe hardship/suffering.,3,2,2,2,2,2,2,AUTO_CLASSIFIED,P3,KNU 한국어 일상 표현 사전 (Naver 오픈사전),"dictionary-style only, no nuance/example yet; korean accuracy not yet human-verified (separate axis from content strategy fit)"
kwaejaereulbureuda-01,,쾌재(를) 부르다,ko,idiom,쾌재(를) 부르다,P1,"MEANING (inferred from content structure, not real search data)",,,쾌재(를) 부르다,To cheer with delight when something goes as one wished.,3,2,2,2,2,2,2,AUTO_CLASSIFIED,P3,KNU 한국어 일상 표현 사전 (Naver 오픈사전),"dictionary-style only, no nuance/example yet; korean accuracy not yet human-verified (separate axis from content strategy fit)"
georeutaseonIeopda-01,,거를 타선(이) 없다,ko,idiom,거를 타선(이) 없다,P1,"MEANING (inferred from content structure, not real search data)",,,거를 타선(이) 없다,"Every item/candidate in a set is uniformly excellent, none worth skipping.",3,2,2,2,2,2,2,AUTO_CLASSIFIED,P3,KNU 한국어 일상 표현 사전 (Naver 오픈사전),"dictionary-style only, no nuance/example yet; korean accuracy not yet human-verified (separate axis from content strategy fit)"
mireoboda-01,,미루어 보다,ko,idiom,미루어 보다,P1,"MEANING (inferred from content structure, not real search data)",,,미루어 보다,To infer/guess based on existing information.,3,2,2,2,2,2,2,AUTO_CLASSIFIED,P3,KNU 한국어 일상 표현 사전 (Naver 오픈사전),"dictionary-style only, no nuance/example yet; korean accuracy not yet human-verified (separate axis from content strategy fit)"
manjeoneulgihada-01,,만전(을) 기하다,ko,idiom,만전(을) 기하다,P1,"MEANING (inferred from content structure, not real search data)",,,만전(을) 기하다,"To make every effort to ensure perfection, leaving no gaps.",3,2,2,2,2,2,2,AUTO_CLASSIFIED,P3,KNU 한국어 일상 표현 사전 (Naver 오픈사전),"dictionary-style only, no nuance/example yet; korean accuracy not yet human-verified (separate axis from content strategy fit)"
okseogeulgarida-01,,옥석(을) 가리다,ko,idiom,옥석(을) 가리다,P1,"MEANING (inferred from content structure, not real search data)",,,옥석(을) 가리다,To distinguish the good from the bad.,3,2,2,2,2,2,2,AUTO_CLASSIFIED,P3,KNU 한국어 일상 표현 사전 (Naver 오픈사전),"dictionary-style only, no nuance/example yet; korean accuracy not yet human-verified (separate axis from content strategy fit)"
ipansipangongsapan-01,,이판사판 공사판,ko,idiom,이판사판 공사판,P1,"MEANING (inferred from content structure, not real search data)",,,이판사판 공사판,"A desperate, all-or-nothing situation with nothing left to lose.",3,2,2,2,2,2,2,AUTO_CLASSIFIED,P3,KNU 한국어 일상 표현 사전 (Naver 오픈사전),"dictionary-style only, no nuance/example yet; korean accuracy not yet human-verified (separate axis from content strategy fit)"
usuejeotda-01,,우수에 젖다,ko,idiom,우수에 젖다,P1,"MEANING (inferred from content structure, not real search data)",,,우수에 젖다,To be steeped in melancholy and worry.,3,2,2,2,2,2,2,AUTO_CLASSIFIED,P3,KNU 한국어 일상 표현 사전 (Naver 오픈사전),"dictionary-style only, no nuance/example yet; korean accuracy not yet human-verified (separate axis from content strategy fit)"
nuneunmaeumuichang-01,,눈은 마음의 창,ko,idiom,눈은 마음의 창,P1,"MEANING (inferred from content structure, not real search data)",,,눈은 마음의 창,"""The eyes are windows to the soul"" — one can read a person's thoughts through their eyes.",3,2,2,2,2,2,2,AUTO_CLASSIFIED,P3,KNU 한국어 일상 표현 사전 (Naver 오픈사전),"dictionary-style only, no nuance/example yet; korean accuracy not yet human-verified (separate axis from content strategy fit)"
gakgouinoreok-01,,각고의 노력,ko,idiom,각고의 노력,P1,"MEANING (inferred from content structure, not real search data)",,,각고의 노력,"Intense, painstaking effort exerted to achieve a difficult goal.",3,2,2,2,2,2,2,AUTO_CLASSIFIED,P3,KNU 한국어 일상 표현 사전 (Naver 오픈사전),"dictionary-style only, no nuance/example yet; korean accuracy not yet human-verified (separate axis from content strategy fit)"
hyeja-01,,혜자,ko,idiom,혜자,P1,"MEANING (inferred from content structure, not real search data)",,,혜자,Describes something as great value relative to its price.,3,2,2,2,2,2,2,AUTO_CLASSIFIED,P3,KNU 한국어 일상 표현 사전 (Naver 오픈사전),"dictionary-style only, no nuance/example yet; korean accuracy not yet human-verified (separate axis from content strategy fit)"
yeomdueduda-01,,염두에 두다,ko,idiom,염두에 두다,P1,"MEANING (inferred from content structure, not real search data)",,,염두에 두다,To keep something in mind carefully as a consideration.,3,2,2,2,2,2,2,AUTO_CLASSIFIED,P3,KNU 한국어 일상 표현 사전 (Naver 오픈사전),"dictionary-style only, no nuance/example yet; korean accuracy not yet human-verified (separate axis from content strategy fit)"
abanghada-01,,아방하다,ko,idiom,아방하다,P1,"MEANING (inferred from content structure, not real search data)",,,아방하다,For clothing to be roomy and comfortably loose-fitting.,3,2,2,2,2,2,2,AUTO_CLASSIFIED,P3,KNU 한국어 일상 표현 사전 (Naver 오픈사전),"dictionary-style only, no nuance/example yet; korean accuracy not yet human-verified (separate axis from content strategy fit)"
seonjeukpilseung-01,,선즉필승,ko,idiom,선즉필승,P1,"MEANING (inferred from content structure, not real search data)",,,선즉필승,"""Striking first ensures victory"" — acting early secures an advantageous edge.",3,2,2,2,2,2,2,AUTO_CLASSIFIED,P3,KNU 한국어 일상 표현 사전 (Naver 오픈사전),"dictionary-style only, no nuance/example yet; korean accuracy not yet human-verified (separate axis from content strategy fit)"
bakcharreulgahada-01,,박차를 가하다,ko,idiom,박차를 가하다,P1,"MEANING (inferred from content structure, not real search data)",,,박차를 가하다,To pick up the pace and push harder to finish something faster.,3,2,2,2,2,2,2,AUTO_CLASSIFIED,P3,KNU 한국어 일상 표현 사전 (Naver 오픈사전),"dictionary-style only, no nuance/example yet; korean accuracy not yet human-verified (separate axis from content strategy fit)"
ttanggeomigaeneurida-01,,땅거미(가) 내리다,ko,idiom,땅거미(가) 내리다,P1,"MEANING (inferred from content structure, not real search data)",,,땅거미(가) 내리다,For dusk to fall as the sun sets.,3,2,2,2,2,2,2,AUTO_CLASSIFIED,P3,KNU 한국어 일상 표현 사전 (Naver 오픈사전),"dictionary-style only, no nuance/example yet; korean accuracy not yet human-verified (separate axis from content strategy fit)"
pamunilirida-01,,파문이 일다,ko,idiom,파문이 일다,P1,"MEANING (inferred from content structure, not real search data)",,,파문이 일다,For a matter to have ripple effects on other things.,3,2,2,2,2,2,2,AUTO_CLASSIFIED,P3,KNU 한국어 일상 표현 사전 (Naver 오픈사전),"dictionary-style only, no nuance/example yet; korean accuracy not yet human-verified (separate axis from content strategy fit)"
miyeone-bangjihada-01,,미연에 방지하다,ko,idiom,미연에 방지하다,P1,"MEANING (inferred from content structure, not real search data)",,,미연에 방지하다,To prevent a problem before it can happen.,3,2,2,2,2,2,2,AUTO_CLASSIFIED,P3,KNU 한국어 일상 표현 사전 (Naver 오픈사전),"dictionary-style only, no nuance/example yet; korean accuracy not yet human-verified (separate axis from content strategy fit)"
milbabeulkkalda-01,,밑밥(을) 깔다,ko,idiom,밑밥(을) 깔다,P1,"MEANING (inferred from content structure, not real search data)",,,밑밥(을) 깔다,"Figuratively, to lay groundwork in advance to make it easier to deceive/persuade someone later.",3,2,2,2,2,2,2,AUTO_CLASSIFIED,P3,KNU 한국어 일상 표현 사전 (Naver 오픈사전),"dictionary-style only, no nuance/example yet; korean accuracy not yet human-verified (separate axis from content strategy fit)"
saesureulsaebudae-01,,새 술은 새 부대에,ko,idiom,새 술은 새 부대에,P1,"MEANING (inferred from content structure, not real search data)",,,새 술은 새 부대에,"New efforts should be approached with fresh methods, not old habits.",3,2,2,2,2,2,2,AUTO_CLASSIFIED,P3,KNU 한국어 일상 표현 사전 (Naver 오픈사전),"dictionary-style only, no nuance/example yet; korean accuracy not yet human-verified (separate axis from content strategy fit)"
sechihyeo-01,,세 치 혀,ko,idiom,세 치 혀,P1,"MEANING (inferred from content structure, not real search data)",,,세 치 혀,"Figuratively, the human tongue as a tool of speech that can cause great harm if used carelessly.",3,2,2,2,2,2,2,AUTO_CLASSIFIED,P3,KNU 한국어 일상 표현 사전 (Naver 오픈사전),"dictionary-style only, no nuance/example yet; korean accuracy not yet human-verified (separate axis from content strategy fit)"
hanyeoreumbamuikkum-01,,한여름 밤의 꿈,ko,idiom,한여름 밤의 꿈,P1,"MEANING (inferred from content structure, not real search data)",,,한여름 밤의 꿈,"""A midsummer night's dream"" — something so fleeting it feels like it never really happened.",3,2,2,2,2,2,2,AUTO_CLASSIFIED,P3,KNU 한국어 일상 표현 사전 (Naver 오픈사전),"dictionary-style only, no nuance/example yet; korean accuracy not yet human-verified (separate axis from content strategy fit)"
nuntaengireulmatda-01,,눈탱이(를) 맞다,ko,idiom,눈탱이(를) 맞다,P1,"MEANING (inferred from content structure, not real search data)",,,눈탱이(를) 맞다,"To be ripped off, paying an unfairly high price.",3,2,2,2,2,2,2,AUTO_CLASSIFIED,P3,KNU 한국어 일상 표현 사전 (Naver 오픈사전),"dictionary-style only, no nuance/example yet; korean accuracy not yet human-verified (separate axis from content strategy fit)"
gyeongugaeopda-01,,경우(가) 없다,ko,idiom,경우(가) 없다,P1,"MEANING (inferred from content structure, not real search data)",,,경우(가) 없다,To lack basic manners or a sense of propriety.,3,2,2,2,2,2,2,AUTO_CLASSIFIED,P3,KNU 한국어 일상 표현 사전 (Naver 오픈사전),"dictionary-style only, no nuance/example yet; korean accuracy not yet human-verified (separate axis from content strategy fit)"
jabakhada-01,,자박하다,ko,idiom,자박하다,P1,"MEANING (inferred from content structure, not real search data)",,,자박하다,For a broth to have only a shallow amount of liquid left.,3,2,2,2,2,2,2,AUTO_CLASSIFIED,P3,KNU 한국어 일상 표현 사전 (Naver 오픈사전),"dictionary-style only, no nuance/example yet; korean accuracy not yet human-verified (separate axis from content strategy fit)"
simhyeoreulgiurida-01,,심혈(을) 기울이다,ko,idiom,심혈(을) 기울이다,P1,"MEANING (inferred from content structure, not real search data)",,,심혈(을) 기울이다,To pour everything one has into something.,3,2,2,2,2,2,2,AUTO_CLASSIFIED,P3,KNU 한국어 일상 표현 사전 (Naver 오픈사전),"dictionary-style only, no nuance/example yet; korean accuracy not yet human-verified (separate axis from content strategy fit)"
nugadoeda-01,,누가 되다,ko,idiom,누가 되다,P1,"MEANING (inferred from content structure, not real search data)",,,누가 되다,To cause harm/burden to someone else through one's actions.,3,2,2,2,2,2,2,AUTO_CLASSIFIED,P3,KNU 한국어 일상 표현 사전 (Naver 오픈사전),"dictionary-style only, no nuance/example yet; korean accuracy not yet human-verified (separate axis from content strategy fit)"
chupareuldeonjida-01,,추파(를) 던지다,ko,idiom,추파(를) 던지다,P1,"MEANING (inferred from content structure, not real search data)",,,추파(를) 던지다,"To flirt suggestively, trying to attract romantic interest.",3,2,2,2,2,2,2,AUTO_CLASSIFIED,P3,KNU 한국어 일상 표현 사전 (Naver 오픈사전),"dictionary-style only, no nuance/example yet; korean accuracy not yet human-verified (separate axis from content strategy fit)"
geukdaneurochidatda-01,,극단으로 치닫다,ko,idiom,극단으로 치닫다,P1,"MEANING (inferred from content structure, not real search data)",,,극단으로 치닫다,For a matter to progress toward an extreme.,3,2,2,2,2,2,2,AUTO_CLASSIFIED,P3,KNU 한국어 일상 표현 사전 (Naver 오픈사전),"dictionary-style only, no nuance/example yet; korean accuracy not yet human-verified (separate axis from content strategy fit)"
jajaknamutaeneunnaemsaeganada-01,,자작나무 타는 냄새(가) 나다,ko,idiom,자작나무 타는 냄새(가) 나다,P1,"MEANING (inferred from content structure, not real search data)",,,자작나무 타는 냄새(가) 나다,Describes fabricating a story or lie about something that doesn't exist.,3,2,2,2,2,2,2,AUTO_CLASSIFIED,P3,KNU 한국어 일상 표현 사전 (Naver 오픈사전),"dictionary-style only, no nuance/example yet; korean accuracy not yet human-verified (separate axis from content strategy fit)"
pinteugaeongeutnada-01,,핀트가 어긋나다,ko,idiom,핀트가 어긋나다,P1,"MEANING (inferred from content structure, not real search data)",,,핀트가 어긋나다,For words/behavior to be out of sync with the actual situation.,3,2,2,2,2,2,2,AUTO_CLASSIFIED,P3,KNU 한국어 일상 표현 사전 (Naver 오픈사전),"dictionary-style only, no nuance/example yet; korean accuracy not yet human-verified (separate axis from content strategy fit)"
beomsangchianta-01,,범상치 않다,ko,idiom,범상치 않다,P1,"MEANING (inferred from content structure, not real search data)",,,범상치 않다,"To be extraordinary, out of the ordinary.",3,2,2,2,2,2,2,AUTO_CLASSIFIED,P3,KNU 한국어 일상 표현 사전 (Naver 오픈사전),"dictionary-style only, no nuance/example yet; korean accuracy not yet human-verified (separate axis from content strategy fit)"
yeonghoneulgaraneota-01,,영혼을 갈아 넣다,ko,idiom,영혼을 갈아 넣다,P1,"MEANING (inferred from content structure, not real search data)",,,영혼을 갈아 넣다,To pour every ounce of one's being into an effort.,3,2,2,2,2,2,2,AUTO_CLASSIFIED,P3,KNU 한국어 일상 표현 사전 (Naver 오픈사전),"dictionary-style only, no nuance/example yet; korean accuracy not yet human-verified (separate axis from content strategy fit)"
tasongeppajida-01,,타성에 빠지다,ko,idiom,타성에 빠지다,P1,"MEANING (inferred from content structure, not real search data)",,,타성에 빠지다,To fall into a habituated routine and become resistant to change.,3,2,2,2,2,2,2,AUTO_CLASSIFIED,P3,KNU 한국어 일상 표현 사전 (Naver 오픈사전),"dictionary-style only, no nuance/example yet; korean accuracy not yet human-verified (separate axis from content strategy fit)"
gongsareulchida-01,,공사(를) 치다,ko,idiom,공사(를) 치다,P1,"MEANING (inferred from content structure, not real search data)",,,공사(를) 치다,"To plan and carry out a scheme thoroughly, in advance.",3,2,2,2,2,2,2,AUTO_CLASSIFIED,P3,KNU 한국어 일상 표현 사전 (Naver 오픈사전),"dictionary-style only, no nuance/example yet; korean accuracy not yet human-verified (separate axis from content strategy fit)"
bangbulkehada-01,,방불케 하다,ko,idiom,방불케 하다,P1,"MEANING (inferred from content structure, not real search data)",,,방불케 하다,To make something feel almost identical to another thing.,3,2,2,2,2,2,2,AUTO_CLASSIFIED,P3,KNU 한국어 일상 표현 사전 (Naver 오픈사전),"dictionary-style only, no nuance/example yet; korean accuracy not yet human-verified (separate axis from content strategy fit)"
dalguimogeulbiteureodosaebyeogeundola-01,,닭의 목을 비틀어도 새벽은 온다,ko,idiom,닭의 목을 비틀어도 새벽은 온다,P1,"MEANING (inferred from content structure, not real search data)",,,닭의 목을 비틀어도 새벽은 온다,"""Even if you wring a rooster's neck, dawn still comes"" — the inevitable truth will surface no matter how much it's suppressed.",3,2,2,2,2,2,2,AUTO_CLASSIFIED,P3,KNU 한국어 일상 표현 사전 (Naver 오픈사전),"dictionary-style only, no nuance/example yet; korean accuracy not yet human-verified (separate axis from content strategy fit)"
yujeonmujoemujeonyujoe-01,,유전무죄 무전유죄,ko,idiom,유전무죄 무전유죄,P1,"MEANING (inferred from content structure, not real search data)",,,유전무죄 무전유죄,"""Guilty if poor, innocent if rich"" — a critique of how wealth influences legal outcomes.",3,2,2,2,2,2,2,AUTO_CLASSIFIED,P3,KNU 한국어 일상 표현 사전 (Naver 오픈사전),"dictionary-style only, no nuance/example yet; korean accuracy not yet human-verified (separate axis from content strategy fit)"
gwiyeomppojjak-01,,귀염뽀짝,ko,idiom,귀염뽀짝,P1,"MEANING (inferred from content structure, not real search data)",,,귀염뽀짝,Small and utterly adorable.,3,2,2,2,2,2,2,AUTO_CLASSIFIED,P3,KNU 한국어 일상 표현 사전 (Naver 오픈사전),"dictionary-style only, no nuance/example yet; korean accuracy not yet human-verified (separate axis from content strategy fit)"
buagachimilda-01,,부아(가) 치밀다,ko,idiom,부아(가) 치밀다,P1,"MEANING (inferred from content structure, not real search data)",,,부아(가) 치밀다,For strong anger/resentment to well up.,3,2,2,2,2,2,2,AUTO_CLASSIFIED,P3,KNU 한국어 일상 표현 사전 (Naver 오픈사전),"dictionary-style only, no nuance/example yet; korean accuracy not yet human-verified (separate axis from content strategy fit)"
noeejureumIeopda-01,,뇌에 주름(이) 없다,ko,idiom,뇌에 주름(이) 없다,P1,"MEANING (inferred from content structure, not real search data)",,,뇌에 주름(이) 없다,"Informally, describes someone who thinks carelessly or acts without foresight.",3,2,2,2,2,2,2,AUTO_CLASSIFIED,P3,KNU 한국어 일상 표현 사전 (Naver 오픈사전),"dictionary-style only, no nuance/example yet; korean accuracy not yet human-verified (separate axis from content strategy fit)"
maregasigaitda-01,,말에 가시(가) 있다,ko,idiom,말에 가시(가) 있다,P1,"MEANING (inferred from content structure, not real search data)",,,말에 가시(가) 있다,For a remark to carry a hidden sting/criticism.,3,2,2,2,2,2,2,AUTO_CLASSIFIED,P3,KNU 한국어 일상 표현 사전 (Naver 오픈사전),"dictionary-style only, no nuance/example yet; korean accuracy not yet human-verified (separate axis from content strategy fit)"
daemireuljangsikhada-01,,대미(를) 장식하다,ko,idiom,대미(를) 장식하다,P1,"MEANING (inferred from content structure, not real search data)",,,대미(를) 장식하다,"To bring a matter/event to a fitting, meaningful close.",3,2,2,2,2,2,2,AUTO_CLASSIFIED,P3,KNU 한국어 일상 표현 사전 (Naver 오픈사전),"dictionary-style only, no nuance/example yet; korean accuracy not yet human-verified (separate axis from content strategy fit)"
heogagilda-01,,허(가) 길다,ko,idiom,허(가) 길다,P1,"MEANING (inferred from content structure, not real search data)",,,허(가) 길다,"Informally, to talk excessively or make excessive excuses.",3,2,2,2,2,2,2,AUTO_CLASSIFIED,P3,KNU 한국어 일상 표현 사전 (Naver 오픈사전),"dictionary-style only, no nuance/example yet; korean accuracy not yet human-verified (separate axis from content strategy fit)"
bobokgSobi-01,,보복 소비,ko,idiom,보복 소비,P1,"MEANING (inferred from content structure, not real search data)",,,보복 소비,"""Revenge spending"" — a surge in consumption after a period of suppressed spending.",3,2,2,2,2,2,2,AUTO_CLASSIFIED,P3,KNU 한국어 일상 표현 사전 (Naver 오픈사전),"dictionary-style only, no nuance/example yet; korean accuracy not yet human-verified (separate axis from content strategy fit)"
heoguhannal-01,,허구한 날,ko,idiom,허구한 날,P1,"MEANING (inferred from content structure, not real search data)",,,허구한 날,"""Day after day"" — an extended, seemingly endless period.",3,2,2,2,2,2,2,AUTO_CLASSIFIED,P3,KNU 한국어 일상 표현 사전 (Naver 오픈사전),"dictionary-style only, no nuance/example yet; korean accuracy not yet human-verified (separate axis from content strategy fit)"
baekjudaenat-01,,백주 대낮,ko,idiom,백주 대낮,P1,"MEANING (inferred from content structure, not real search data)",,,백주 대낮,Broad daylight.,3,2,2,2,2,2,2,AUTO_CLASSIFIED,P3,KNU 한국어 일상 표현 사전 (Naver 오픈사전),"dictionary-style only, no nuance/example yet; korean accuracy not yet human-verified (separate axis from content strategy fit)"
gagyonoseuleulhada-01,,가교 노릇(을) 하다,ko,idiom,가교 노릇(을) 하다,P1,"MEANING (inferred from content structure, not real search data)",,,가교 노릇(을) 하다,To serve as a bridge/mediator connecting two parties.,3,2,2,2,2,2,2,AUTO_CLASSIFIED,P3,KNU 한국어 일상 표현 사전 (Naver 오픈사전),"dictionary-style only, no nuance/example yet; korean accuracy not yet human-verified (separate axis from content strategy fit)"
galgirigumanri-01,,갈 길이 구만리,ko,idiom,갈 길이 구만리,P1,"MEANING (inferred from content structure, not real search data)",,,갈 길이 구만리,There's still an enormous amount of work/distance left before completion.,3,2,2,2,2,2,2,AUTO_CLASSIFIED,P3,KNU 한국어 일상 표현 사전 (Naver 오픈사전),"dictionary-style only, no nuance/example yet; korean accuracy not yet human-verified (separate axis from content strategy fit)"
dokbageulsseuda-01,,독박(을) 쓰다,ko,idiom,독박(을) 쓰다,P1,"MEANING (inferred from content structure, not real search data)",,,독박(을) 쓰다,To alone bear the blame/burden that should be shared among many.,3,2,2,2,2,2,2,AUTO_CLASSIFIED,P3,KNU 한국어 일상 표현 사전 (Naver 오픈사전),"dictionary-style only, no nuance/example yet; korean accuracy not yet human-verified (separate axis from content strategy fit)"
ppalda-01,,빨다,ko,idiom,빨다,P1,"MEANING (inferred from content structure, not real search data)",,,빨다,"Informally, to praise someone excessively/insincerely.",3,2,2,2,2,2,2,AUTO_CLASSIFIED,P3,KNU 한국어 일상 표현 사전 (Naver 오픈사전),"dictionary-style only, no nuance/example yet; korean accuracy not yet human-verified (separate axis from content strategy fit)"
palsaekjo-01,,팔색조,ko,idiom,팔색조,P1,"MEANING (inferred from content structure, not real search data)",,,팔색조,Someone with many different appealing facets/charms.,3,2,2,2,2,2,2,AUTO_CLASSIFIED,P3,KNU 한국어 일상 표현 사전 (Naver 오픈사전),"dictionary-style only, no nuance/example yet; korean accuracy not yet human-verified (separate axis from content strategy fit)"
ttongInjidoenjanginji-01,,똥인지 된장인지,ko,idiom,똥인지 된장인지,P1,"MEANING (inferred from content structure, not real search data)",,,똥인지 된장인지,Not being able to easily tell good from bad at a glance.,3,2,2,2,2,2,2,AUTO_CLASSIFIED,P3,KNU 한국어 일상 표현 사전 (Naver 오픈사전),"dictionary-style only, no nuance/example yet; korean accuracy not yet human-verified (separate axis from content strategy fit)"
bakje-01,,박제,ko,idiom,박제,P1,"MEANING (inferred from content structure, not real search data)",,,박제,"Figuratively, a person or their old post/comment being permanently preserved and circulated online as a lasting record.",3,2,2,2,2,2,2,AUTO_CLASSIFIED,P3,KNU 한국어 일상 표현 사전 (Naver 오픈사전),"dictionary-style only, no nuance/example yet; korean accuracy not yet human-verified (separate axis from content strategy fit)"
rodeogeori-01,,로데오 거리,ko,idiom,로데오 거리,P1,"MEANING (inferred from content structure, not real search data)",,,로데오 거리,A shopping/entertainment street popular among young people.,3,2,2,2,2,2,2,AUTO_CLASSIFIED,P3,KNU 한국어 일상 표현 사전 (Naver 오픈사전),"dictionary-style only, no nuance/example yet; korean accuracy not yet human-verified (separate axis from content strategy fit)"
yeokjeonuimyeongsu-01,,역전의 명수,ko,idiom,역전의 명수,P1,"MEANING (inferred from content structure, not real search data)",,,역전의 명수,An expert at pulling off dramatic comebacks.,3,2,2,2,2,2,2,AUTO_CLASSIFIED,P3,KNU 한국어 일상 표현 사전 (Naver 오픈사전),"dictionary-style only, no nuance/example yet; korean accuracy not yet human-verified (separate axis from content strategy fit)"
dwaejimoge-jinjumokgeori-01,,돼지 목에 진주 목걸이,ko,idiom,돼지 목에 진주 목걸이,P1,"MEANING (inferred from content structure, not real search data)",,,돼지 목에 진주 목걸이,"""A pearl necklace on a pig"" — something valuable given to someone who can't appreciate it.",3,2,2,2,2,2,2,AUTO_CLASSIFIED,P3,KNU 한국어 일상 표현 사전 (Naver 오픈사전),"dictionary-style only, no nuance/example yet; korean accuracy not yet human-verified (separate axis from content strategy fit)"
michyeotda-01,,미쳤다,ko,idiom,미쳤다,P1,"MEANING (inferred from content structure, not real search data)",,,미쳤다,Describes something/someone that has surpassed all normal limits/expectations.,3,2,2,2,2,2,2,AUTO_CLASSIFIED,P3,KNU 한국어 일상 표현 사전 (Naver 오픈사전),"dictionary-style only, no nuance/example yet; korean accuracy not yet human-verified (separate axis from content strategy fit)"
kkobeuljuda-01,,꼽(을) 주다,ko,idiom,꼽(을) 주다,P1,"MEANING (inferred from content structure, not real search data)",,,꼽(을) 주다,To make someone feel embarrassed/belittled.,3,2,2,2,2,2,2,AUTO_CLASSIFIED,P3,KNU 한국어 일상 표현 사전 (Naver 오픈사전),"dictionary-style only, no nuance/example yet; korean accuracy not yet human-verified (separate axis from content strategy fit)"
yeogwaeopsi-01,,여과 없이,ko,idiom,여과 없이,P1,"MEANING (inferred from content structure, not real search data)",,,여과 없이,"""Unfiltered"" — presented directly without softening negative elements.",3,2,2,2,2,2,2,AUTO_CLASSIFIED,P3,KNU 한국어 일상 표현 사전 (Naver 오픈사전),"dictionary-style only, no nuance/example yet; korean accuracy not yet human-verified (separate axis from content strategy fit)"
kkolgapseulteolda-01,,꼴값(을) 떨다,ko,idiom,꼴값(을) 떨다,P1,"MEANING (inferred from content structure, not real search data)",,,꼴값(을) 떨다,To act in a way inappropriate to one's actual standing/looks.,3,2,2,2,2,2,2,AUTO_CLASSIFIED,P3,KNU 한국어 일상 표현 사전 (Naver 오픈사전),"dictionary-style only, no nuance/example yet; korean accuracy not yet human-verified (separate axis from content strategy fit)"
oreujimotalnamu-01,,오르지 못할 나무,ko,idiom,오르지 못할 나무,P1,"MEANING (inferred from content structure, not real search data)",,,오르지 못할 나무,A goal beyond one's ability to achieve.,3,2,2,2,2,2,2,AUTO_CLASSIFIED,P3,KNU 한국어 일상 표현 사전 (Naver 오픈사전),"dictionary-style only, no nuance/example yet; korean accuracy not yet human-verified (separate axis from content strategy fit)"
chutaereulburida-01,,추태를 부리다,ko,idiom,추태를 부리다,P1,"MEANING (inferred from content structure, not real search data)",,,추태를 부리다,To behave shamefully/embarrassingly in front of others.,3,2,2,2,2,2,2,AUTO_CLASSIFIED,P3,KNU 한국어 일상 표현 사전 (Naver 오픈사전),"dictionary-style only, no nuance/example yet; korean accuracy not yet human-verified (separate axis from content strategy fit)"
heouedaeneunmeoljjeonghada-01,,허우대는 멀쩡하다,ko,idiom,허우대는 멀쩡하다,P1,"MEANING (inferred from content structure, not real search data)",,,허우대는 멀쩡하다,To look fine on the outside despite having a hidden flaw.,3,2,2,2,2,2,2,AUTO_CLASSIFIED,P3,KNU 한국어 일상 표현 사전 (Naver 오픈사전),"dictionary-style only, no nuance/example yet; korean accuracy not yet human-verified (separate axis from content strategy fit)"
cheongunmanaReuleotda-01,,천군만마(를) 얻다,ko,idiom,천군만마(를) 얻다,P1,"MEANING (inferred from content structure, not real search data)",,,천군만마(를) 얻다,"To gain an extremely powerful, reliable ally/support.",3,2,2,2,2,2,2,AUTO_CLASSIFIED,P3,KNU 한국어 일상 표현 사전 (Naver 오픈사전),"dictionary-style only, no nuance/example yet; korean accuracy not yet human-verified (separate axis from content strategy fit)"
bulkwaehangolijjagi-01,,불쾌한 골짜기,ko,idiom,불쾌한 골짜기,P1,"MEANING (inferred from content structure, not real search data)",,,불쾌한 골짜기,"""The uncanny valley"" — the eerie discomfort from something almost-but-not-quite human.",3,2,2,2,2,2,2,AUTO_CLASSIFIED,P3,KNU 한국어 일상 표현 사전 (Naver 오픈사전),"dictionary-style only, no nuance/example yet; korean accuracy not yet human-verified (separate axis from content strategy fit)"
gobyeoljeon-01,,고별전,ko,idiom,고별전,P1,"MEANING (inferred from content structure, not real search data)",,,고별전,A farewell match/performance marking the end of a career.,3,2,2,2,2,2,2,AUTO_CLASSIFIED,P3,KNU 한국어 일상 표현 사전 (Naver 오픈사전),"dictionary-style only, no nuance/example yet; korean accuracy not yet human-verified (separate axis from content strategy fit)"
paereulkkada-01,,패(를) 까다,ko,idiom,패(를) 까다,P1,"MEANING (inferred from content structure, not real search data)",,,패(를) 까다,To reveal one's true resources/abilities that had been hidden.,3,2,2,2,2,2,2,AUTO_CLASSIFIED,P3,KNU 한국어 일상 표현 사전 (Naver 오픈사전),"dictionary-style only, no nuance/example yet; korean accuracy not yet human-verified (separate axis from content strategy fit)"
giseoneuljapda-01,,기선(을) 잡다,ko,idiom,기선(을) 잡다,P1,"MEANING (inferred from content structure, not real search data)",,,기선(을) 잡다,To seize the initial advantage before the opponent can act.,3,2,2,2,2,2,2,AUTO_CLASSIFIED,P3,KNU 한국어 일상 표현 사전 (Naver 오픈사전),"dictionary-style only, no nuance/example yet; korean accuracy not yet human-verified (separate axis from content strategy fit)"
gwaeonianida-01,,과언이 아니다,ko,idiom,과언이 아니다,P1,"MEANING (inferred from content structure, not real search data)",,,과언이 아니다,"""It's no exaggeration to say...""",3,2,2,2,2,2,2,AUTO_CLASSIFIED,P3,KNU 한국어 일상 표현 사전 (Naver 오픈사전),"dictionary-style only, no nuance/example yet; korean accuracy not yet human-verified (separate axis from content strategy fit)"
milkiteu-01,,밀키트,ko,idiom,밀키트,P1,"MEANING (inferred from content structure, not real search data)",,,밀키트,"A meal kit with pre-measured, pre-prepped ingredients for easy home cooking.",3,2,2,2,2,2,2,AUTO_CLASSIFIED,P3,KNU 한국어 일상 표현 사전 (Naver 오픈사전),"dictionary-style only, no nuance/example yet; korean accuracy not yet human-verified (separate axis from content strategy fit)"
jangannuihwaje-01,,장안의 화제,ko,idiom,장안의 화제,P1,"MEANING (inferred from content structure, not real search data)",,,장안의 화제,A topic everyone is talking about.,3,2,2,2,2,2,2,AUTO_CLASSIFIED,P3,KNU 한국어 일상 표현 사전 (Naver 오픈사전),"dictionary-style only, no nuance/example yet; korean accuracy not yet human-verified (separate axis from content strategy fit)"
sonmanjapgojada-01,,손만 잡고 자다,ko,idiom,손만 잡고 자다,P1,"MEANING (inferred from content structure, not real search data)",,,손만 잡고 자다,To sleep together without any physical intimacy.,3,2,2,2,2,2,2,AUTO_CLASSIFIED,P3,KNU 한국어 일상 표현 사전 (Naver 오픈사전),"dictionary-style only, no nuance/example yet; korean accuracy not yet human-verified (separate axis from content strategy fit)"
jangbue-dalda-01,,장부에 달다,ko,idiom,장부에 달다,P1,"MEANING (inferred from content structure, not real search data)",,,장부에 달다,"To buy something on credit, to be paid for later.",3,2,2,2,2,2,2,AUTO_CLASSIFIED,P3,KNU 한국어 일상 표현 사전 (Naver 오픈사전),"dictionary-style only, no nuance/example yet; korean accuracy not yet human-verified (separate axis from content strategy fit)"
saramengocheosseuneungeotianida-01,,사람은 고쳐 쓰는 것이 아니다,ko,idiom,사람은 고쳐 쓰는 것이 아니다,P1,"MEANING (inferred from content structure, not real search data)",,,사람은 고쳐 쓰는 것이 아니다,A person's fundamental character rarely truly changes.,3,2,2,2,2,2,2,AUTO_CLASSIFIED,P3,KNU 한국어 일상 표현 사전 (Naver 오픈사전),"dictionary-style only, no nuance/example yet; korean accuracy not yet human-verified (separate axis from content strategy fit)"
gigamakhida-01,,기가 막히다,ko,idiom,기가 막히다,P1,"MEANING (inferred from content structure, not real search data)",,,기가 막히다,To be so astonished by something that one is at a loss for words.,3,2,2,2,2,2,2,AUTO_CLASSIFIED,P3,KNU 한국어 일상 표현 사전 (Naver 오픈사전),"dictionary-style only, no nuance/example yet; korean accuracy not yet human-verified (separate axis from content strategy fit)"
iboJeonjineulwihanIlbohutoe-01,,이 보 전진을 위한 일 보 후퇴,ko,idiom,이 보 전진을 위한 일 보 후퇴,P1,"MEANING (inferred from content structure, not real search data)",,,이 보 전진을 위한 일 보 후퇴,"""One step back for two steps forward"" — a temporary retreat to secure a bigger future gain.",3,2,2,2,2,2,2,AUTO_CLASSIFIED,P3,KNU 한국어 일상 표현 사전 (Naver 오픈사전),"dictionary-style only, no nuance/example yet; korean accuracy not yet human-verified (separate axis from content strategy fit)"
jeongbyeonhada-01,,정변하다,ko,idiom,정변하다,P1,"MEANING (inferred from content structure, not real search data)",,,정변하다,For someone's appearance/circumstance to change dramatically for the better.,3,2,2,2,2,2,2,AUTO_CLASSIFIED,P3,KNU 한국어 일상 표현 사전 (Naver 오픈사전),"dictionary-style only, no nuance/example yet; korean accuracy not yet human-verified (separate axis from content strategy fit)"
gigappallida-01,,기(가) 빨리다,ko,idiom,기(가) 빨리다,P1,"MEANING (inferred from content structure, not real search data)",,,기(가) 빨리다,To feel drained of energy from another person or a difficult situation.,3,2,2,2,2,2,2,AUTO_CLASSIFIED,P3,KNU 한국어 일상 표현 사전 (Naver 오픈사전),"dictionary-style only, no nuance/example yet; korean accuracy not yet human-verified (separate axis from content strategy fit)"
naitgapseulmoshada-01,,나잇값(을) 못 하다,ko,idiom,나잇값(을) 못 하다,P1,"MEANING (inferred from content structure, not real search data)",,,나잇값(을) 못 하다,To act in a manner unbefitting one's age.,3,2,2,2,2,2,2,AUTO_CLASSIFIED,P3,KNU 한국어 일상 표현 사전 (Naver 오픈사전),"dictionary-style only, no nuance/example yet; korean accuracy not yet human-verified (separate axis from content strategy fit)"
ibigeolda-01,,입이 걸다,ko,idiom,입이 걸다,P1,"MEANING (inferred from content structure, not real search data)",,,입이 걸다,"To speak crudely, without restraint.",3,2,2,2,2,2,2,AUTO_CLASSIFIED,P3,KNU 한국어 일상 표현 사전 (Naver 오픈사전),"dictionary-style only, no nuance/example yet; korean accuracy not yet human-verified (separate axis from content strategy fit)"
meorigaggotbatida-01,,머리가 꽃밭이다,ko,idiom,머리가 꽃밭이다,P1,"MEANING (inferred from content structure, not real search data)",,,머리가 꽃밭이다,"Describes someone overly romantic/naive, detached from reality.",3,2,2,2,2,2,2,AUTO_CLASSIFIED,P3,KNU 한국어 일상 표현 사전 (Naver 오픈사전),"dictionary-style only, no nuance/example yet; korean accuracy not yet human-verified (separate axis from content strategy fit)"
mutmaereulmatda2-01,,뭇매(를) 맞다,ko,idiom,뭇매(를) 맞다,P1,"MEANING (inferred from content structure, not real search data)",,,뭇매(를) 맞다,To be criticized harshly and all at once by many people.,3,2,2,2,2,2,2,AUTO_CLASSIFIED,P3,KNU 한국어 일상 표현 사전 (Naver 오픈사전),"dictionary-style only, no nuance/example yet; korean accuracy not yet human-verified (separate axis from content strategy fit)"
daenamusup-01,,대나무 숲,ko,idiom,대나무 숲,P1,"MEANING (inferred from content structure, not real search data)",,,대나무 숲,An online community/forum where people with shared concerns anonymously vent to each other.,3,2,2,2,2,2,2,AUTO_CLASSIFIED,P3,KNU 한국어 일상 표현 사전 (Naver 오픈사전),"dictionary-style only, no nuance/example yet; korean accuracy not yet human-verified (separate axis from content strategy fit)"
jiraldopungnyeonida-01,,지랄도 풍년이다,ko,idiom,지랄도 풍년이다,P1,"MEANING (inferred from content structure, not real search data)",,,지랄도 풍년이다,A mocking remark about someone constantly making unreasonable arguments.,3,2,2,2,2,2,2,AUTO_CLASSIFIED,P3,KNU 한국어 일상 표현 사전 (Naver 오픈사전),"dictionary-style only, no nuance/example yet; korean accuracy not yet human-verified (separate axis from content strategy fit)"
eoneuanjeoniirago-01,,어느 안전이라고,ko,idiom,어느 안전이라고,P1,"MEANING (inferred from content structure, not real search data)",,,어느 안전이라고,"""How dare you [behave that way] in front of [an important person]"" — a rebuke.",3,2,2,2,2,2,2,AUTO_CLASSIFIED,P3,KNU 한국어 일상 표현 사전 (Naver 오픈사전),"dictionary-style only, no nuance/example yet; korean accuracy not yet human-verified (separate axis from content strategy fit)"
pandorauisangjareulyeolda-01,,판도라의 상자를 열다,ko,idiom,판도라의 상자를 열다,P1,"MEANING (inferred from content structure, not real search data)",,,판도라의 상자를 열다,"To open ""Pandora's box"" — trigger a matter that reveals many hidden problems.",3,2,2,2,2,2,2,AUTO_CLASSIFIED,P3,KNU 한국어 일상 표현 사전 (Naver 오픈사전),"dictionary-style only, no nuance/example yet; korean accuracy not yet human-verified (separate axis from content strategy fit)"
vneungeosdohaeruitteurida-01,,V-는 것도 하루 이틀이다,ko,idiom,V-는 것도 하루 이틀이다,P1,"MEANING (inferred from content structure, not real search data)",,,V-는 것도 하루 이틀이다,"""Even a repeated behavior only stays tolerable for so long"" — patience runs out eventually.",3,2,2,2,2,2,2,AUTO_CLASSIFIED,P3,KNU 한국어 일상 표현 사전 (Naver 오픈사전),"dictionary-style only, no nuance/example yet; korean accuracy not yet human-verified (separate axis from content strategy fit)"
gutjugeodo-01,,곧 죽어도,ko,idiom,곧 죽어도,P1,"MEANING (inferred from content structure, not real search data)",,,곧 죽어도,"""Even at the cost of dying"" — insisting on something no matter what.",3,2,2,2,2,2,2,AUTO_CLASSIFIED,P3,KNU 한국어 일상 표현 사전 (Naver 오픈사전),"dictionary-style only, no nuance/example yet; korean accuracy not yet human-verified (separate axis from content strategy fit)"
myeongmaegikkeunkida-01,,명맥이 끊기다,ko,idiom,명맥이 끊기다,P1,"MEANING (inferred from content structure, not real search data)",,,명맥이 끊기다,For the last remaining thread of something's continuation to be cut off.,3,2,2,2,2,2,2,AUTO_CLASSIFIED,P3,KNU 한국어 일상 표현 사전 (Naver 오픈사전),"dictionary-style only, no nuance/example yet; korean accuracy not yet human-verified (separate axis from content strategy fit)"
degitonghada-01,,뎩이 통하다,ko,idiom,뎩이 통하다,P1,"MEANING (inferred from content structure, not real search data)",,,뎩이 통하다,For two people to be compatible in mindset/temperament.,3,2,2,2,2,2,2,AUTO_CLASSIFIED,P3,KNU 한국어 일상 표현 사전 (Naver 오픈사전),"dictionary-style only, no nuance/example yet; korean accuracy not yet human-verified (separate axis from content strategy fit)"
chamna-01,,참 나,ko,idiom,참 나,P1,"MEANING (inferred from content structure, not real search data)",,,참 나,An exclamation of exasperation.,3,2,2,2,2,2,2,AUTO_CLASSIFIED,P3,KNU 한국어 일상 표현 사전 (Naver 오픈사전),"dictionary-style only, no nuance/example yet; korean accuracy not yet human-verified (separate axis from content strategy fit)"
malhaemwohae-01,,말해 뭐 해,ko,idiom,말해 뭐 해,P1,"MEANING (inferred from content structure, not real search data)",,,말해 뭐 해,"""There's no point saying it"" — something is so obviously true it needs no comment.",3,2,2,2,2,2,2,AUTO_CLASSIFIED,P3,KNU 한국어 일상 표현 사전 (Naver 오픈사전),"dictionary-style only, no nuance/example yet; korean accuracy not yet human-verified (separate axis from content strategy fit)"
heogongeseomaemdolda-01,,허공에서 맴돌다,ko,idiom,허공에서 맴돌다,P1,"MEANING (inferred from content structure, not real search data)",,,허공에서 맴돌다,For a thought to keep circling without leading anywhere.,3,2,2,2,2,2,2,AUTO_CLASSIFIED,P3,KNU 한국어 일상 표현 사전 (Naver 오픈사전),"dictionary-style only, no nuance/example yet; korean accuracy not yet human-verified (separate axis from content strategy fit)"
nuihyangyeon-01,,N의 향연,ko,idiom,N의 향연,P1,"MEANING (inferred from content structure, not real search data)",,,N의 향연,"""A feast of N"" — a place/thing overflowing with N.",3,2,2,2,2,2,2,AUTO_CLASSIFIED,P3,KNU 한국어 일상 표현 사전 (Naver 오픈사전),"dictionary-style only, no nuance/example yet; korean accuracy not yet human-verified (separate axis from content strategy fit)"
ilmyeonsikdoeopda-01,,일면식도 없다,ko,idiom,일면식도 없다,P1,"MEANING (inferred from content structure, not real search data)",,,일면식도 없다,To have never even met someone before.,3,2,2,2,2,2,2,AUTO_CLASSIFIED,P3,KNU 한국어 일상 표현 사전 (Naver 오픈사전),"dictionary-style only, no nuance/example yet; korean accuracy not yet human-verified (separate axis from content strategy fit)"
seoronigilda-01,,서론이 길다,ko,idiom,서론이 길다,P1,"MEANING (inferred from content structure, not real search data)",,,서론이 길다,To take a long-winded introduction before getting to the point.,3,2,2,2,2,2,2,AUTO_CLASSIFIED,P3,KNU 한국어 일상 표현 사전 (Naver 오픈사전),"dictionary-style only, no nuance/example yet; korean accuracy not yet human-verified (separate axis from content strategy fit)"
byeongeunsomuneulnaera-01,,병은 소문을 내라,ko,idiom,병은 소문을 내라,P1,"MEANING (inferred from content structure, not real search data)",,,병은 소문을 내라,Sharing a problem with others often brings helpful advice or information.,3,2,2,2,2,2,2,AUTO_CLASSIFIED,P3,KNU 한국어 일상 표현 사전 (Naver 오픈사전),"dictionary-style only, no nuance/example yet; korean accuracy not yet human-verified (separate axis from content strategy fit)"
anjungeeopda-01,,안중에 없다,ko,idiom,안중에 없다,P1,"MEANING (inferred from content structure, not real search data)",,,안중에 없다,To have no interest in or regard for something.,3,2,2,2,2,2,2,AUTO_CLASSIFIED,P3,KNU 한국어 일상 표현 사전 (Naver 오픈사전),"dictionary-style only, no nuance/example yet; korean accuracy not yet human-verified (separate axis from content strategy fit)"
supororadoraganda-01,,수포로 돌아가다,ko,idiom,수포로 돌아가다,P1,"MEANING (inferred from content structure, not real search data)",,,수포로 돌아가다,"For an effort to come to nothing, wasted entirely.",3,2,2,2,2,2,2,AUTO_CLASSIFIED,P3,KNU 한국어 일상 표현 사전 (Naver 오픈사전),"dictionary-style only, no nuance/example yet; korean accuracy not yet human-verified (separate axis from content strategy fit)"
ttukbureojida-01,,뚝 부러지다,ko,idiom,뚝 부러지다,P1,"MEANING (inferred from content structure, not real search data)",,,뚝 부러지다,"To be firmly decisive, without any hesitation or exception.",3,2,2,2,2,2,2,AUTO_CLASSIFIED,P3,KNU 한국어 일상 표현 사전 (Naver 오픈사전),"dictionary-style only, no nuance/example yet; korean accuracy not yet human-verified (separate axis from content strategy fit)"
bonronbuteomalhada-01,,본론부터 말하다,ko,idiom,본론부터 말하다,P1,"MEANING (inferred from content structure, not real search data)",,,본론부터 말하다,To get straight to the main point.,3,2,2,2,2,2,2,AUTO_CLASSIFIED,P3,KNU 한국어 일상 표현 사전 (Naver 오픈사전),"dictionary-style only, no nuance/example yet; korean accuracy not yet human-verified (separate axis from content strategy fit)"
eopneungeotppaegodaitda-01,,없는 것 빼고 다 있다,ko,idiom,없는 것 빼고 다 있다,P1,"MEANING (inferred from content structure, not real search data)",,,없는 것 빼고 다 있다,To have everything one could possibly need.,3,2,2,2,2,2,2,AUTO_CLASSIFIED,P3,KNU 한국어 일상 표현 사전 (Naver 오픈사전),"dictionary-style only, no nuance/example yet; korean accuracy not yet human-verified (separate axis from content strategy fit)"
gyereultada-01,,계(를) 타다,ko,idiom,계(를) 타다,P1,"MEANING (inferred from content structure, not real search data)",,,계(를) 타다,To have things work out well through good luck.,3,2,2,2,2,2,2,AUTO_CLASSIFIED,P3,KNU 한국어 일상 표현 사전 (Naver 오픈사전),"dictionary-style only, no nuance/example yet; korean accuracy not yet human-verified (separate axis from content strategy fit)"
jangsaharuiteuhana-01,,장사 하루 이틀 하나,ko,idiom,장사 하루 이틀 하나,P1,"MEANING (inferred from content structure, not real search data)",,,장사 하루 이틀 하나,Criticizing someone who acts unlike their usual experience/standard suggests.,3,2,2,2,2,2,2,AUTO_CLASSIFIED,P3,KNU 한국어 일상 표현 사전 (Naver 오픈사전),"dictionary-style only, no nuance/example yet; korean accuracy not yet human-verified (separate axis from content strategy fit)"
naigamyeotgaende-01,,나이가 몇 갠데,ko,idiom,나이가 몇 갠데,P1,"MEANING (inferred from content structure, not real search data)",,,나이가 몇 갠데,Criticizing someone for behavior unbefitting their age.,3,2,2,2,2,2,2,AUTO_CLASSIFIED,P3,KNU 한국어 일상 표현 사전 (Naver 오픈사전),"dictionary-style only, no nuance/example yet; korean accuracy not yet human-verified (separate axis from content strategy fit)"
heotbaljil-01,,헛발질,ko,idiom,헛발질,P1,"MEANING (inferred from content structure, not real search data)",,,헛발질,A wasted or misguided effort due to bad judgment.,3,2,2,2,2,2,2,AUTO_CLASSIFIED,P3,KNU 한국어 일상 표현 사전 (Naver 오픈사전),"dictionary-style only, no nuance/example yet; korean accuracy not yet human-verified (separate axis from content strategy fit)"
ppomppom-01,,뽐뿜,ko,idiom,뽐뿜,P1,"MEANING (inferred from content structure, not real search data)",,,뽐뿜,The sensation of overflowing emotion or excitement.,3,2,2,2,2,2,2,AUTO_CLASSIFIED,P3,KNU 한국어 일상 표현 사전 (Naver 오픈사전),"dictionary-style only, no nuance/example yet; korean accuracy not yet human-verified (separate axis from content strategy fit)"
angkkoeopneunjjinppang-01,,앙꼬 없는 찐빵,ko,idiom,앙꼬 없는 찐빵,P1,"MEANING (inferred from content structure, not real search data)",,,앙꼬 없는 찐빵,"Something missing its essential core, like a bun without filling.",3,2,2,2,2,2,2,AUTO_CLASSIFIED,P3,KNU 한국어 일상 표현 사전 (Naver 오픈사전),"dictionary-style only, no nuance/example yet; korean accuracy not yet human-verified (separate axis from content strategy fit)"
gwiebakhida-01,,귀에 박히다,ko,idiom,귀에 박히다,P1,"MEANING (inferred from content structure, not real search data)",,,귀에 박히다,"For a word/sound to become deeply, firmly imprinted in memory.",3,2,2,2,2,2,2,AUTO_CLASSIFIED,P3,KNU 한국어 일상 표현 사전 (Naver 오픈사전),"dictionary-style only, no nuance/example yet; korean accuracy not yet human-verified (separate axis from content strategy fit)"
howhanmamabodamusseopda-01,,호환 마마보다 무섭다,ko,idiom,호환 마마보다 무섭다,P1,"MEANING (inferred from content structure, not real search data)",,,호환 마마보다 무섭다,Exaggerating that something is even more frightening than a historical plague.,3,2,2,2,2,2,2,AUTO_CLASSIFIED,P3,KNU 한국어 일상 표현 사전 (Naver 오픈사전),"dictionary-style only, no nuance/example yet; korean accuracy not yet human-verified (separate axis from content strategy fit)"
gimyeosa-01,,김 여사,ko,idiom,김 여사,P1,"MEANING (inferred from content structure, not real search data)",,,김 여사,"A derogatory term for a reckless/incompetent driver, often stereotyped.",3,2,2,2,2,2,2,AUTO_CLASSIFIED,P3,KNU 한국어 일상 표현 사전 (Naver 오픈사전),"dictionary-style only, no nuance/example yet; korean accuracy not yet human-verified (separate axis from content strategy fit)"
silnatgateunhuimang-01,,실낱같은 희망,ko,idiom,실낱같은 희망,P1,"MEANING (inferred from content structure, not real search data)",,,실낱같은 희망,"A very slim, fragile hope.",3,2,2,2,2,2,2,AUTO_CLASSIFIED,P3,KNU 한국어 일상 표현 사전 (Naver 오픈사전),"dictionary-style only, no nuance/example yet; korean accuracy not yet human-verified (separate axis from content strategy fit)"
hansuwi-01,,한 수 위,ko,idiom,한 수 위,P1,"MEANING (inferred from content structure, not real search data)",,,한 수 위,One level higher in skill/ability.,3,2,2,2,2,2,2,AUTO_CLASSIFIED,P3,KNU 한국어 일상 표현 사전 (Naver 오픈사전),"dictionary-style only, no nuance/example yet; korean accuracy not yet human-verified (separate axis from content strategy fit)"
gaepulteudeomeokneunsori-01,,개 풀 뜯어 먹는 소리,ko,idiom,개 풀 뜯어 먹는 소리,P1,"MEANING (inferred from content structure, not real search data)",,,개 풀 뜯어 먹는 소리,Nonsense — an absurd remark that makes no sense.,3,2,2,2,2,2,2,AUTO_CLASSIFIED,P3,KNU 한국어 일상 표현 사전 (Naver 오픈사전),"dictionary-style only, no nuance/example yet; korean accuracy not yet human-verified (separate axis from content strategy fit)"
naeduraani-01,,냅둘 아니,ko,idiom,냅둘 아니,P1,"MEANING (inferred from content structure, not real search data)",,,냅둘 아니,"""What do you mean by that"" — expressing confusion about an incomprehensible situation. (Reading uncertain.)",3,2,2,2,2,2,2,AUTO_CLASSIFIED,P3,KNU 한국어 일상 표현 사전 (Naver 오픈사전),"dictionary-style only, no nuance/example yet; korean accuracy not yet human-verified (separate axis from content strategy fit)"
jeongchijileulhada-01,,정치질(을) 하다,ko,idiom,정치질(을) 하다,P1,"MEANING (inferred from content structure, not real search data)",,,정치질(을) 하다,"To manipulate/incite people for personal gain, or to be needlessly divisive.",3,2,2,2,2,2,2,AUTO_CLASSIFIED,P3,KNU 한국어 일상 표현 사전 (Naver 오픈사전),"dictionary-style only, no nuance/example yet; korean accuracy not yet human-verified (separate axis from content strategy fit)"
ingireulguagahada-01,,인기를 구가하다,ko,idiom,인기를 구가하다,P1,"MEANING (inferred from content structure, not real search data)",,,인기를 구가하다,To enjoy widespread popularity.,3,2,2,2,2,2,2,AUTO_CLASSIFIED,P3,KNU 한국어 일상 표현 사전 (Naver 오픈사전),"dictionary-style only, no nuance/example yet; korean accuracy not yet human-verified (separate axis from content strategy fit)"
pandogadwijipida-01,,판도(가) 뒤집히다,ko,idiom,판도(가) 뒤집히다,P1,"MEANING (inferred from content structure, not real search data)",,,판도(가) 뒤집히다,For the existing structure of a situation to be completely overturned.,3,2,2,2,2,2,2,AUTO_CLASSIFIED,P3,KNU 한국어 일상 표현 사전 (Naver 오픈사전),"dictionary-style only, no nuance/example yet; korean accuracy not yet human-verified (separate axis from content strategy fit)"
gimyeongigoanimyeonanida-01,,기면 기고 아니면 아니다,ko,idiom,기면 기고 아니면 아니다,P1,"MEANING (inferred from content structure, not real search data)",,,기면 기고 아니면 아니다,"Insisting a matter should be judged clearly, right or wrong, with no ambiguity.",3,2,2,2,2,2,2,AUTO_CLASSIFIED,P3,KNU 한국어 일상 표현 사전 (Naver 오픈사전),"dictionary-style only, no nuance/example yet; korean accuracy not yet human-verified (separate axis from content strategy fit)"
nuneulsipeoreokettteuda-01,,눈을 시퍼렇게 뜰다,ko,idiom,눈을 시퍼렇게 뜰다,P1,"MEANING (inferred from content structure, not real search data)",,,눈을 시퍼렇게 뜰다,To stay wide awake and alert.,3,2,2,2,2,2,2,AUTO_CLASSIFIED,P3,KNU 한국어 일상 표현 사전 (Naver 오픈사전),"dictionary-style only, no nuance/example yet; korean accuracy not yet human-verified (separate axis from content strategy fit)"
juchusdoreulnota-01,,주춧돌(을) 놓다,ko,idiom,주춧돌(을) 놓다,P1,"MEANING (inferred from content structure, not real search data)",,,주춧돌(을) 놓다,To lay the foundation for something important.,3,2,2,2,2,2,2,AUTO_CLASSIFIED,P3,KNU 한국어 일상 표현 사전 (Naver 오픈사전),"dictionary-style only, no nuance/example yet; korean accuracy not yet human-verified (separate axis from content strategy fit)"
myeotnalmyeochil-01,,몇 날 며칠,ko,idiom,몇 날 며칠,P1,"MEANING (inferred from content structure, not real search data)",,,몇 날 며칠,"""For several days on end"" — an extended, ongoing period.",3,2,2,2,2,2,2,AUTO_CLASSIFIED,P3,KNU 한국어 일상 표현 사전 (Naver 오픈사전),"dictionary-style only, no nuance/example yet; korean accuracy not yet human-verified (separate axis from content strategy fit)"
byeonmyeonguiyeojigaeopda-01,,변명의 여지가 없다,ko,idiom,변명의 여지가 없다,P1,"MEANING (inferred from content structure, not real search data)",,,변명의 여지가 없다,To have no room for excuse — clearly and undeniably wrong.,3,2,2,2,2,2,2,AUTO_CLASSIFIED,P3,KNU 한국어 일상 표현 사전 (Naver 오픈사전),"dictionary-style only, no nuance/example yet; korean accuracy not yet human-verified (separate axis from content strategy fit)"
yeolgwaseongeuldahada-01,,열과 성을 다하다,ko,idiom,열과 성을 다하다,P1,"MEANING (inferred from content structure, not real search data)",,,열과 성을 다하다,To pour in full passion and sincerity.,3,2,2,2,2,2,2,AUTO_CLASSIFIED,P3,KNU 한국어 일상 표현 사전 (Naver 오픈사전),"dictionary-style only, no nuance/example yet; korean accuracy not yet human-verified (separate axis from content strategy fit)"
goseumdochisarang-01,,고슴도치 사랑,ko,idiom,고슴도치 사랑,P1,"MEANING (inferred from content structure, not real search data)",,,고슴도치 사랑,"A parent's love for their child, seen as beautiful no matter how it looks to others.",3,2,2,2,2,2,2,AUTO_CLASSIFIED,P3,KNU 한국어 일상 표현 사전 (Naver 오픈사전),"dictionary-style only, no nuance/example yet; korean accuracy not yet human-verified (separate axis from content strategy fit)"
dijiteolpunghwa-01,,디지털 풍화,ko,idiom,디지털 풍화,P1,"MEANING (inferred from content structure, not real search data)",,,디지털 풍화,The gradual disappearance/decay of old digital content over time.,3,2,2,2,2,2,2,AUTO_CLASSIFIED,P3,KNU 한국어 일상 표현 사전 (Naver 오픈사전),"dictionary-style only, no nuance/example yet; korean accuracy not yet human-verified (separate axis from content strategy fit)"
iltaipi-01,,일타이피,ko,idiom,일타이피,P1,"MEANING (inferred from content structure, not real search data)",,,일타이피,Achieving two benefits from a single action.,3,2,2,2,2,2,2,AUTO_CLASSIFIED,P3,KNU 한국어 일상 표현 사전 (Naver 오픈사전),"dictionary-style only, no nuance/example yet; korean accuracy not yet human-verified (separate axis from content strategy fit)"
jeollyega-eopda-01,,전례(가) 없다,ko,idiom,전례(가) 없다,P1,"MEANING (inferred from content structure, not real search data)",,,전례(가) 없다,To be unprecedented — there's no prior example.,3,2,2,2,2,2,2,AUTO_CLASSIFIED,P3,KNU 한국어 일상 표현 사전 (Naver 오픈사전),"dictionary-style only, no nuance/example yet; korean accuracy not yet human-verified (separate axis from content strategy fit)"
mulgae-naenoheunaigatda-01,,물가에 내놓은 아이 같다,ko,idiom,물가에 내놓은 아이 같다,P1,"MEANING (inferred from content structure, not real search data)",,,물가에 내놓은 아이 같다,"Being so worried about someone that you can't relax your guard, as if watching a child near water.",3,2,2,2,2,2,2,AUTO_CLASSIFIED,P3,KNU 한국어 일상 표현 사전 (Naver 오픈사전),"dictionary-style only, no nuance/example yet; korean accuracy not yet human-verified (separate axis from content strategy fit)"
hyejaseureopda-01,,혜자스럽다,ko,idiom,혜자스럽다,P1,"MEANING (inferred from content structure, not real search data)",,,혜자스럽다,To be a great value for its price.,3,2,2,2,2,2,2,AUTO_CLASSIFIED,P3,KNU 한국어 일상 표현 사전 (Naver 오픈사전),"dictionary-style only, no nuance/example yet; korean accuracy not yet human-verified (separate axis from content strategy fit)"
hanchi-01,,한 치,ko,idiom,한 치,P1,"MEANING (inferred from content structure, not real search data)",,,한 치,A very small quantity/margin.,3,2,2,2,2,2,2,AUTO_CLASSIFIED,P3,KNU 한국어 일상 표현 사전 (Naver 오픈사전),"dictionary-style only, no nuance/example yet; korean accuracy not yet human-verified (separate axis from content strategy fit)"
geuke-dadalda-01,,극에 달하다,ko,idiom,극에 달하다,P1,"MEANING (inferred from content structure, not real search data)",,,극에 달하다,For the progress/intensity of a matter to reach an extreme.,3,2,2,2,2,2,2,AUTO_CLASSIFIED,P3,KNU 한국어 일상 표현 사전 (Naver 오픈사전),"dictionary-style only, no nuance/example yet; korean accuracy not yet human-verified (separate axis from content strategy fit)"
seonghwangrie-kkeutnada-01,,성황리에 끝나다,ko,idiom,성황리에 끝나다,P1,"MEANING (inferred from content structure, not real search data)",,,성황리에 끝나다,"To end successfully, having drawn a large, enthusiastic turnout.",3,2,2,2,2,2,2,AUTO_CLASSIFIED,P3,KNU 한국어 일상 표현 사전 (Naver 오픈사전),"dictionary-style only, no nuance/example yet; korean accuracy not yet human-verified (separate axis from content strategy fit)"
geonsureuljapda-01,,건수(를) 잡다,ko,idiom,건수(를) 잡다,P1,"MEANING (inferred from content structure, not real search data)",,,건수(를) 잡다,To find a good opportunity/pretext to exploit.,3,2,2,2,2,2,2,AUTO_CLASSIFIED,P3,KNU 한국어 일상 표현 사전 (Naver 오픈사전),"dictionary-style only, no nuance/example yet; korean accuracy not yet human-verified (separate axis from content strategy fit)"
byeonhwagureuldeonjida-01,,변화구(를) 던지다,ko,idiom,변화구(를) 던지다,P1,"MEANING (inferred from content structure, not real search data)",,,변화구(를) 던지다,"Figuratively, to take an unconventional approach different from the usual method.",3,2,2,2,2,2,2,AUTO_CLASSIFIED,P3,KNU 한국어 일상 표현 사전 (Naver 오픈사전),"dictionary-style only, no nuance/example yet; korean accuracy not yet human-verified (separate axis from content strategy fit)"
iryeoginada-01,,이력이 나다,ko,idiom,이력이 나다,P1,"MEANING (inferred from content structure, not real search data)",,,이력이 나다,To become highly practiced/skilled at something through repeated experience.,3,2,2,2,2,2,2,AUTO_CLASSIFIED,P3,KNU 한국어 일상 표현 사전 (Naver 오픈사전),"dictionary-style only, no nuance/example yet; korean accuracy not yet human-verified (separate axis from content strategy fit)"
gonyaseutobinya-01,,고냐 스톱이냐,ko,idiom,고냐 스톱이냐,P1,"MEANING (inferred from content structure, not real search data)",,,고냐 스톱이냐,Deciding whether to continue with something or stop it.,3,2,2,2,2,2,2,AUTO_CLASSIFIED,P3,KNU 한국어 일상 표현 사전 (Naver 오픈사전),"dictionary-style only, no nuance/example yet; korean accuracy not yet human-verified (separate axis from content strategy fit)"
balpaneuroSamda-01,,발판(으로) 삼다,ko,idiom,발판(으로) 삼다,P1,"MEANING (inferred from content structure, not real search data)",,,발판(으로) 삼다,To use something as a stepping stone toward a bigger goal.,3,2,2,2,2,2,2,AUTO_CLASSIFIED,P3,KNU 한국어 일상 표현 사전 (Naver 오픈사전),"dictionary-style only, no nuance/example yet; korean accuracy not yet human-verified (separate axis from content strategy fit)"
bissagegulda-01,,비싸게 굴다,ko,idiom,비싸게 굴다,P1,"MEANING (inferred from content structure, not real search data)",,,비싸게 굴다,"To act aloof, not easily giving in to others' requests.",3,2,2,2,2,2,2,AUTO_CLASSIFIED,P3,KNU 한국어 일상 표현 사전 (Naver 오픈사전),"dictionary-style only, no nuance/example yet; korean accuracy not yet human-verified (separate axis from content strategy fit)"
gilgilinal-ttwida-01,,길길이 날뛰다,ko,idiom,길길이 날뛰다,P1,"MEANING (inferred from content structure, not real search data)",,,길길이 날뛰다,"To react with extremely fierce, uncontrolled anger.",3,2,2,2,2,2,2,AUTO_CLASSIFIED,P3,KNU 한국어 일상 표현 사전 (Naver 오픈사전),"dictionary-style only, no nuance/example yet; korean accuracy not yet human-verified (separate axis from content strategy fit)"
dadoenbabejaeppurigi-01,,다 된 밥에 재 뿌리기,ko,idiom,다 된 밥에 재 뿌리기,P1,"MEANING (inferred from content structure, not real search data)",,,다 된 밥에 재 뿌리기,"To ruin something at the very last moment, right before it's finished.",3,2,2,2,2,2,2,AUTO_CLASSIFIED,P3,KNU 한국어 일상 표현 사전 (Naver 오픈사전),"dictionary-style only, no nuance/example yet; korean accuracy not yet human-verified (separate axis from content strategy fit)"
akeowaakeosae-01,,악어와 악어새,ko,idiom,악어와 악어새,P1,"MEANING (inferred from content structure, not real search data)",,,악어와 악어새,"A mutually beneficial relationship, like a crocodile and its cleaner bird.",3,2,2,2,2,2,2,AUTO_CLASSIFIED,P3,KNU 한국어 일상 표현 사전 (Naver 오픈사전),"dictionary-style only, no nuance/example yet; korean accuracy not yet human-verified (separate axis from content strategy fit)"
eojjeolsueopda-01,,어쩔 수 없다,ko,idiom,어쩔 수 없다,P1,"MEANING (inferred from content structure, not real search data)",,,어쩔 수 없다,"""There's no other way"" — the situation leaves no alternative.",3,2,2,2,2,2,2,AUTO_CLASSIFIED,P3,KNU 한국어 일상 표현 사전 (Naver 오픈사전),"dictionary-style only, no nuance/example yet; korean accuracy not yet human-verified (separate axis from content strategy fit)"
pinteuganagada-01,,핀트가 나가다,ko,idiom,핀트가 나가다,P1,"MEANING (inferred from content structure, not real search data)",,,핀트가 나가다,For words/behavior to be mismatched with the actual situation.,3,2,2,2,2,2,2,AUTO_CLASSIFIED,P3,KNU 한국어 일상 표현 사전 (Naver 오픈사전),"dictionary-style only, no nuance/example yet; korean accuracy not yet human-verified (separate axis from content strategy fit)"
peureimeulssuiuda-01,,프레임(을) 씌우다,ko,idiom,프레임(을) 씌우다,P1,"MEANING (inferred from content structure, not real search data)",,,프레임(을) 씌우다,"To frame a person or situation in a specific, often unfair, light.",3,2,2,2,2,2,2,AUTO_CLASSIFIED,P3,KNU 한국어 일상 표현 사전 (Naver 오픈사전),"dictionary-style only, no nuance/example yet; korean accuracy not yet human-verified (separate axis from content strategy fit)"
tongeulppopda-01,,통(을) 뽑다,ko,idiom,통(을) 뽑다,P1,"MEANING (inferred from content structure, not real search data)",,,통(을) 뽑다,"Informally, to gather up scattered things and dispose of them all together.",3,2,2,2,2,2,2,AUTO_CLASSIFIED,P3,KNU 한국어 일상 표현 사전 (Naver 오픈사전),"dictionary-style only, no nuance/example yet; korean accuracy not yet human-verified (separate axis from content strategy fit)"
jwidomotmeokda-01,,쥐도 못 먹다,ko,idiom,쥐도 못 먹다,P1,"MEANING (inferred from content structure, not real search data)",,,쥐도 못 먹다,To leave something too messy/carelessly placed for anyone to make use of.,3,2,2,2,2,2,2,AUTO_CLASSIFIED,P3,KNU 한국어 일상 표현 사전 (Naver 오픈사전),"dictionary-style only, no nuance/example yet; korean accuracy not yet human-verified (separate axis from content strategy fit)"
jiraldobyeongida-01,,지랄도 병이다,ko,idiom,지랄도 병이다,P1,"MEANING (inferred from content structure, not real search data)",,,지랄도 병이다,A criticism of someone constantly making unreasonable claims.,3,2,2,2,2,2,2,AUTO_CLASSIFIED,P3,KNU 한국어 일상 표현 사전 (Naver 오픈사전),"dictionary-style only, no nuance/example yet; korean accuracy not yet human-verified (separate axis from content strategy fit)"
deutdeonjungbangaunsori-01,,듣던 중 반가운 소리,ko,idiom,듣던 중 반가운 소리,P1,"MEANING (inferred from content structure, not real search data)",,,듣던 중 반가운 소리,"""That's good news to hear"" among various things one has heard.",3,2,2,2,2,2,2,AUTO_CLASSIFIED,P3,KNU 한국어 일상 표현 사전 (Naver 오픈사전),"dictionary-style only, no nuance/example yet; korean accuracy not yet human-verified (separate axis from content strategy fit)"
uneulttiuda-01,,운(을) 띄우다,ko,idiom,운(을) 띄우다,P1,"MEANING (inferred from content structure, not real search data)",,,운(을) 띄우다,To bring up a topic in order to start a conversation about it.,3,2,2,2,2,2,2,AUTO_CLASSIFIED,P3,KNU 한국어 일상 표현 사전 (Naver 오픈사전),"dictionary-style only, no nuance/example yet; korean accuracy not yet human-verified (separate axis from content strategy fit)"
gakjapda-01,,각 잡다,ko,idiom,각 잡다,P1,"MEANING (inferred from content structure, not real search data)",,,각 잡다,To take a matter seriously and approach it with full focus.,3,2,2,2,2,2,2,AUTO_CLASSIFIED,P3,KNU 한국어 일상 표현 사전 (Naver 오픈사전),"dictionary-style only, no nuance/example yet; korean accuracy not yet human-verified (separate axis from content strategy fit)"
sugailhida-01,,수가 읽히다,ko,idiom,수가 읽히다,P1,"MEANING (inferred from content structure, not real search data)",,,수가 읽히다,For someone's plan/scheme to be seen through in advance.,3,2,2,2,2,2,2,AUTO_CLASSIFIED,P3,KNU 한국어 일상 표현 사전 (Naver 오픈사전),"dictionary-style only, no nuance/example yet; korean accuracy not yet human-verified (separate axis from content strategy fit)"
chueogeulmeokgosalda-01,,추억(을) 먹고 살다,ko,idiom,추억(을) 먹고 살다,P1,"MEANING (inferred from content structure, not real search data)",,,추억(을) 먹고 살다,To draw strength/comfort from past cherished memories.,3,2,2,2,2,2,2,AUTO_CLASSIFIED,P3,KNU 한국어 일상 표현 사전 (Naver 오픈사전),"dictionary-style only, no nuance/example yet; korean accuracy not yet human-verified (separate axis from content strategy fit)"
inmulinada-01,,인물(이) 나다,ko,idiom,인물(이) 나다,P1,"MEANING (inferred from content structure, not real search data)",,,인물(이) 나다,To have exceptionally good looks.,3,2,2,2,2,2,2,AUTO_CLASSIFIED,P3,KNU 한국어 일상 표현 사전 (Naver 오픈사전),"dictionary-style only, no nuance/example yet; korean accuracy not yet human-verified (separate axis from content strategy fit)"
jungsimeuljapda-01,,중심(을) 잡다,ko,idiom,중심(을) 잡다,P1,"MEANING (inferred from content structure, not real search data)",,,중심(을) 잡다,To keep one's balance/composure without being swayed by circumstances.,3,2,2,2,2,2,2,AUTO_CLASSIFIED,P3,KNU 한국어 일상 표현 사전 (Naver 오픈사전),"dictionary-style only, no nuance/example yet; korean accuracy not yet human-verified (separate axis from content strategy fit)"
mwonuneneunmwomanboinda-01,,뭐 눈에는 뭐만 보이다,ko,idiom,뭐 눈에는 뭐만 보이다,P1,"MEANING (inferred from content structure, not real search data)",,,뭐 눈에는 뭐만 보이다,"""You only see what you're already looking for"" — a jab at someone's biased perspective.",3,2,2,2,2,2,2,AUTO_CLASSIFIED,P3,KNU 한국어 일상 표현 사전 (Naver 오픈사전),"dictionary-style only, no nuance/example yet; korean accuracy not yet human-verified (separate axis from content strategy fit)"
jangjokuibaljeon-01,,장족의 발전,ko,idiom,장족의 발전,P1,"MEANING (inferred from content structure, not real search data)",,,장족의 발전,Remarkably rapid progress.,3,2,2,2,2,2,2,AUTO_CLASSIFIED,P3,KNU 한국어 일상 표현 사전 (Naver 오픈사전),"dictionary-style only, no nuance/example yet; korean accuracy not yet human-verified (separate axis from content strategy fit)"
neoksarijota-01,,넉살(이) 좋다,ko,idiom,넉살(이) 좋다,P1,"MEANING (inferred from content structure, not real search data)",,,넉살(이) 좋다,To be able to treat others warmly and boldly without shyness.,3,2,2,2,2,2,2,AUTO_CLASSIFIED,P3,KNU 한국어 일상 표현 사전 (Naver 오픈사전),"dictionary-style only, no nuance/example yet; korean accuracy not yet human-verified (separate axis from content strategy fit)"
heukhwahada-01,,흑화하다,ko,idiom,흑화하다,P1,"MEANING (inferred from content structure, not real search data)",,,흑화하다,For a character's personality (in drama/film) to darken and turn malicious.,3,2,2,2,2,2,2,AUTO_CLASSIFIED,P3,KNU 한국어 일상 표현 사전 (Naver 오픈사전),"dictionary-style only, no nuance/example yet; korean accuracy not yet human-verified (separate axis from content strategy fit)"
baramjalnalIeopda-01,,바람 잘 날(이) 없다,ko,idiom,바람 잘 날(이) 없다,P1,"MEANING (inferred from content structure, not real search data)",,,바람 잘 날(이) 없다,There's rarely a peaceful day without some problem or worry arising.,3,2,2,2,2,2,2,AUTO_CLASSIFIED,P3,KNU 한국어 일상 표현 사전 (Naver 오픈사전),"dictionary-style only, no nuance/example yet; korean accuracy not yet human-verified (separate axis from content strategy fit)"
yeomchibulguhada-01,,염치 불구하다,ko,idiom,염치 불구하다,P1,"MEANING (inferred from content structure, not real search data)",,,염치 불구하다,"To act without regard for shame, disregarding social norms.",3,2,2,2,2,2,2,AUTO_CLASSIFIED,P3,KNU 한국어 일상 표현 사전 (Naver 오픈사전),"dictionary-style only, no nuance/example yet; korean accuracy not yet human-verified (separate axis from content strategy fit)"
degida-01,,뎩이다,ko,idiom,뎩이다,P1,"MEANING (inferred from content structure, not real search data)",,,뎩이다,(Vulgar) to be struck/hit by someone.,3,2,2,2,2,2,2,AUTO_CLASSIFIED,P3,KNU 한국어 일상 표현 사전 (Naver 오픈사전),"dictionary-style only, no nuance/example yet; korean accuracy not yet human-verified (separate axis from content strategy fit)"
deunjarineunmollado-nanjarineunanda-01,,든 자리는 몰라도 난 자리는 안다,ko,idiom,든 자리는 몰라도 난 자리는 안다,P1,"MEANING (inferred from content structure, not real search data)",,,든 자리는 몰라도 난 자리는 안다,"You don't notice someone's presence while they're there, but you deeply feel their absence once they're gone.",3,2,2,2,2,2,2,AUTO_CLASSIFIED,P3,KNU 한국어 일상 표현 사전 (Naver 오픈사전),"dictionary-style only, no nuance/example yet; korean accuracy not yet human-verified (separate axis from content strategy fit)"
gandoseulgaedodappaejuda-01,,간도 쓸개도 다 빼 주다,ko,idiom,간도 쓸개도 다 빼 주다,P1,"MEANING (inferred from content structure, not real search data)",,,간도 쓸개도 다 빼 주다,To give absolutely everything one has for someone.,3,2,2,2,2,2,2,AUTO_CLASSIFIED,P3,KNU 한국어 일상 표현 사전 (Naver 오픈사전),"dictionary-style only, no nuance/example yet; korean accuracy not yet human-verified (separate axis from content strategy fit)"
geotjapeulsueopda-01,,걷잡을 수 없다,ko,idiom,걷잡을 수 없다,P1,"MEANING (inferred from content structure, not real search data)",,,걷잡을 수 없다,For a matter to spiral out of control once a certain momentum is reached.,3,2,2,2,2,2,2,AUTO_CLASSIFIED,P3,KNU 한국어 일상 표현 사전 (Naver 오픈사전),"dictionary-style only, no nuance/example yet; korean accuracy not yet human-verified (separate axis from content strategy fit)"
neuldalgebatda-01,,N을 달게 받다,ko,idiom,N을 달게 받다,P1,"MEANING (inferred from content structure, not real search data)",,,N을 달게 받다,To willingly and humbly accept a deserved consequence (like punishment).,3,2,2,2,2,2,2,AUTO_CLASSIFIED,P3,KNU 한국어 일상 표현 사전 (Naver 오픈사전),"dictionary-style only, no nuance/example yet; korean accuracy not yet human-verified (separate axis from content strategy fit)"
kkaesogeumnaemsaeganada-01,,깨소금 냄새(가) 나다,ko,idiom,깨소금 냄새(가) 나다,P1,"MEANING (inferred from content structure, not real search data)",,,깨소금 냄새(가) 나다,"Figuratively, describes newlyweds' sweet, loving atmosphere.",3,2,2,2,2,2,2,AUTO_CLASSIFIED,P3,KNU 한국어 일상 표현 사전 (Naver 오픈사전),"dictionary-style only, no nuance/example yet; korean accuracy not yet human-verified (separate axis from content strategy fit)"
jeopdaeyongmenteu-01,,접대용 멘트,ko,idiom,접대용 멘트,P1,"MEANING (inferred from content structure, not real search data)",,,접대용 멘트,"A polite, insincere remark said just to please someone.",3,2,2,2,2,2,2,AUTO_CLASSIFIED,P3,KNU 한국어 일상 표현 사전 (Naver 오픈사전),"dictionary-style only, no nuance/example yet; korean accuracy not yet human-verified (separate axis from content strategy fit)"
gaseumesamuchida-01,,가슴에 사무치다,ko,idiom,가슴에 사무치다,P1,"MEANING (inferred from content structure, not real search data)",,,가슴에 사무치다,For deep sorrow or longing to pierce one's heart profoundly.,3,2,2,2,2,2,2,AUTO_CLASSIFIED,P3,KNU 한국어 일상 표현 사전 (Naver 오픈사전),"dictionary-style only, no nuance/example yet; korean accuracy not yet human-verified (separate axis from content strategy fit)"
degieulitda-01,,뎩(을) 잇다,ko,idiom,뎩(을) 잇다,P1,"MEANING (inferred from content structure, not real search data)",,,뎩(을) 잇다,For the flow of a conversation/matter to keep continuing without breaking.,3,2,2,2,2,2,2,AUTO_CLASSIFIED,P3,KNU 한국어 일상 표현 사전 (Naver 오픈사전),"dictionary-style only, no nuance/example yet; korean accuracy not yet human-verified (separate axis from content strategy fit)"
kkambakireulkyeogodeureooda-01,,깜빡이(를) 켜고 들어오다,ko,idiom,깜빡이(를) 켜고 들어오다,P1,"MEANING (inferred from content structure, not real search data)",,,깜빡이(를) 켜고 들어오다,To give someone a heads-up in advance about what's coming next.,3,2,2,2,2,2,2,AUTO_CLASSIFIED,P3,KNU 한국어 일상 표현 사전 (Naver 오픈사전),"dictionary-style only, no nuance/example yet; korean accuracy not yet human-verified (separate axis from content strategy fit)"
pogineunbaechuselttaenassseudanda-01,,포기는 배추 셀 때나 쓰다,ko,idiom,포기는 배추 셀 때나 쓰다,P1,"MEANING (inferred from content structure, not real search data)",,,포기는 배추 셀 때나 쓰다,"A wordplay urging someone never to give up, punning on 포기 (giving up / a head of cabbage).",3,2,2,2,2,2,2,AUTO_CLASSIFIED,P3,KNU 한국어 일상 표현 사전 (Naver 오픈사전),"dictionary-style only, no nuance/example yet; korean accuracy not yet human-verified (separate axis from content strategy fit)"
mutmaereulttaerida-01,,뭇매(를) 때리다,ko,idiom,뭇매(를) 때리다,P1,"MEANING (inferred from content structure, not real search data)",,,뭇매(를) 때리다,For many people to criticize someone all at once.,3,2,2,2,2,2,2,AUTO_CLASSIFIED,P3,KNU 한국어 일상 표현 사전 (Naver 오픈사전),"dictionary-style only, no nuance/example yet; korean accuracy not yet human-verified (separate axis from content strategy fit)"
ibitada-01,,입(이) 타다,ko,idiom,입(이) 타다,P1,"MEANING (inferred from content structure, not real search data)",,,입(이) 타다,For one's mouth to feel parched/dry.,3,2,2,2,2,2,2,AUTO_CLASSIFIED,P3,KNU 한국어 일상 표현 사전 (Naver 오픈사전),"dictionary-style only, no nuance/example yet; korean accuracy not yet human-verified (separate axis from content strategy fit)"
gaseongbi-01,,가성비,ko,neologism,가성비,P3,"MEANING (inferred from content structure, not real search data)",,,가성비,"""Price-to-performance ratio"" — the value/benefit gained relative to what something costs.",4,2,2,2,4,2,2,AUTO_CLASSIFIED,P3,Wikipedia: 대한민국의 인터넷 신조어 목록,"dictionary-style only, no nuance/example yet; korean accuracy not yet human-verified (separate axis from content strategy fit)"
gasimbi-01,,가심비,ko,neologism,가심비,P3,"MEANING (inferred from content structure, not real search data)",,,가심비,"""Price-to-heart ratio"" — the psychological satisfaction gained relative to cost, as opposed to pure practical value.",4,2,2,2,4,2,2,AUTO_CLASSIFIED,P3,Wikipedia: 대한민국의 인터넷 신조어 목록,"dictionary-style only, no nuance/example yet; korean accuracy not yet human-verified (separate axis from content strategy fit)"
gajeua-01,,가즈아,ko,neologism,가즈아,P3,"MEANING (inferred from content structure, not real search data)",,,가즈아,"An exclamation of hopeful excitement, typically shouted during gambling or investing (""let's go!!"").",4,2,2,2,4,2,2,AUTO_CLASSIFIED,P3,Wikipedia: 대한민국의 인터넷 신조어 목록,"dictionary-style only, no nuance/example yet; korean accuracy not yet human-verified (separate axis from content strategy fit)"
gak-suffix-01,,-각,ko,neologism,-각,P3,"MEANING (inferred from content structure, not real search data)",,,-각,"A suffix attached to a noun meaning ""looks like [that] is likely/coming"" — signals a probability or situation forming.",4,2,2,2,4,2,2,AUTO_CLASSIFIED,P3,Wikipedia: 대한민국의 인터넷 신조어 목록,"dictionary-style only, no nuance/example yet; korean accuracy not yet human-verified (separate axis from content strategy fit)"
gap-01,,갑,ko,neologism,갑,P3,"MEANING (inferred from content structure, not real search data)",,,갑,"The best/top person, thing, or phenomenon in a given field.",4,2,2,2,4,2,2,AUTO_CLASSIFIED,P3,Wikipedia: 대한민국의 인터넷 신조어 목록,"dictionary-style only, no nuance/example yet; korean accuracy not yet human-verified (separate axis from content strategy fit)"
gaptuktwi-01,,갑툭튀,ko,neologism,갑툭튀,P3,"MEANING (inferred from content structure, not real search data)",,,갑툭튀,"Short for ""suddenly popping out of nowhere.""",4,2,2,2,4,2,2,AUTO_CLASSIFIED,P3,Wikipedia: 대한민국의 인터넷 신조어 목록,"dictionary-style only, no nuance/example yet; korean accuracy not yet human-verified (separate axis from content strategy fit)"
gangtoe-01,,강퇴,ko,neologism,강퇴,P3,"MEANING (inferred from content structure, not real search data)",,,강퇴,"Short for ""forced expulsion"" — being kicked out of a chat room, game, or (informally) school.",4,2,2,2,4,2,2,AUTO_CLASSIFIED,P3,Wikipedia: 대한민국의 인터넷 신조어 목록,"dictionary-style only, no nuance/example yet; korean accuracy not yet human-verified (separate axis from content strategy fit)"
gaedeurib-01,,개드립,ko,neologism,개드립,P3,"MEANING (inferred from content structure, not real search data)",,,개드립,"Saying something absurd or insincere, not meant to be taken as fact.",4,2,2,2,4,2,2,AUTO_CLASSIFIED,P3,Wikipedia: 대한민국의 인터넷 신조어 목록,"dictionary-style only, no nuance/example yet; korean accuracy not yet human-verified (separate axis from content strategy fit)"
gaeideuk-01,,개이득,ko,neologism,개이득,P3,"MEANING (inferred from content structure, not real search data)",,,개이득,"""Huge gain/profit"" — a very favorable, lucky outcome.",4,2,2,2,4,2,2,AUTO_CLASSIFIED,P3,Wikipedia: 대한민국의 인터넷 신조어 목록,"dictionary-style only, no nuance/example yet; korean accuracy not yet human-verified (separate axis from content strategy fit)"
gaepittalpi-01,,개피/딸피,ko,neologism,개피/딸피,P3,"MEANING (inferred from content structure, not real search data)",,,개피/딸피,"In games, a situation where an enemy has taken damage but hasn't died yet, left with very little health.",4,2,2,2,4,2,2,AUTO_CLASSIFIED,P3,Wikipedia: 대한민국의 인터넷 신조어 목록,"dictionary-style only, no nuance/example yet; korean accuracy not yet human-verified (separate axis from content strategy fit)"
gaeng-01,,갱,ko,neologism,갱,P3,"MEANING (inferred from content structure, not real search data)",,,갱,"A sudden, surprise ambush/attack (from English ""gank,"" via gaming culture).",4,2,2,2,4,2,2,AUTO_CLASSIFIED,P3,Wikipedia: 대한민국의 인터넷 신조어 목록,"dictionary-style only, no nuance/example yet; korean accuracy not yet human-verified (separate axis from content strategy fit)"
gwangubbeong-01,,광우뻥,ko,neologism,광우뻥,P3,"MEANING (inferred from content structure, not real search data)",,,광우뻥,A dismissive term mocking the 2008 mad-cow-disease (광우병) import controversy as exaggerated fearmongering.,4,2,2,2,4,2,2,AUTO_CLASSIFIED,P3,Wikipedia: 대한민국의 인터넷 신조어 목록,"dictionary-style only, no nuance/example yet; korean accuracy not yet human-verified (separate axis from content strategy fit)"
gwangkeul-01,,광클,ko,neologism,광클,P3,"MEANING (inferred from content structure, not real search data)",,,광클,"Frantically, rapidly clicking a mouse button as fast as possible.",4,2,2,2,4,2,2,AUTO_CLASSIFIED,P3,Wikipedia: 대한민국의 인터넷 신조어 목록,"dictionary-style only, no nuance/example yet; korean accuracy not yet human-verified (separate axis from content strategy fit)"
gukppong-01,,국뽕,ko,neologism,국뽕,P3,"MEANING (inferred from content structure, not real search data)",,,국뽕,"Excessive national pride, likened to being ""high"" on patriotism.",4,2,2,2,4,2,2,AUTO_CLASSIFIED,P3,Wikipedia: 대한민국의 인터넷 신조어 목록,"dictionary-style only, no nuance/example yet; korean accuracy not yet human-verified (separate axis from content strategy fit)"
geukdaeno-01,,극대노,ko,neologism,극대노,P3,"MEANING (inferred from content structure, not real search data)",,,극대노,"A blend of ""extreme"" and ""rage (怒)"" — being furiously angry.",4,2,2,2,4,2,2,AUTO_CLASSIFIED,P3,Wikipedia: 대한민국의 인터넷 신조어 목록,"dictionary-style only, no nuance/example yet; korean accuracy not yet human-verified (separate axis from content strategy fit)"
geupsikche-01,,급식체,ko,neologism,급식체,P3,"MEANING (inferred from content structure, not real search data)",,,급식체,A speech style/slang popular among Korean teenagers (named after school-lunch-age students).,4,2,2,2,4,2,2,AUTO_CLASSIFIED,P3,Wikipedia: 대한민국의 인터넷 신조어 목록,"dictionary-style only, no nuance/example yet; korean accuracy not yet human-verified (separate axis from content strategy fit)"
geupsikchung-01,,급식충,ko,neologism,급식충,P3,"MEANING (inferred from content structure, not real search data)",,,급식충,"A derogatory term for school-lunch-age teenagers, mocking their behavior.",5,4,4,4,4,4,4,NEEDS_REVIEW,P2,Wikipedia: 대한민국의 인터넷 신조어 목록,"SENSITIVE/DEROGATORY TERM - needs_native_review + editorial judgment call before any content use, do not rush to production regardless of score below; korean accuracy not yet human-verified (separate axis from content strategy fit)"
gireogi-01,,기레기,ko,neologism,기레기,P3,"MEANING (inferred from content structure, not real search data)",,,기레기,"A blend of ""reporter (기자)"" and ""trash (쓰레기)"" — a derogatory term for journalists seen as dishonest or sensationalist.",5,4,4,4,4,4,4,NEEDS_REVIEW,P2,Wikipedia: 대한민국의 인터넷 신조어 목록,"SENSITIVE/DEROGATORY TERM - needs_native_review + editorial judgment call before any content use, do not rush to production regardless of score below; korean accuracy not yet human-verified (separate axis from content strategy fit)"
kka-suffix-01,,-까,ko,neologism,-까,P3,"MEANING (inferred from content structure, not real search data)",,,-까,"Short for ""까다"" (to bash) — a suffix meaning someone opposes or badmouths a given thing.",4,2,2,2,4,2,2,AUTO_CLASSIFIED,P3,Wikipedia: 대한민국의 인터넷 신조어 목록,"dictionary-style only, no nuance/example yet; korean accuracy not yet human-verified (separate axis from content strategy fit)"
kkilkkippappa-01,,낄끼빠빠,ko,neologism,낄끼빠빠,P3,"MEANING (inferred from content structure, not real search data)",,,낄끼빠빠,"Short for ""join in when it's your place to, step back when it's not"" — read the room.",4,2,2,2,4,2,2,AUTO_CLASSIFIED,P3,Wikipedia: 대한민국의 인터넷 신조어 목록,"dictionary-style only, no nuance/example yet; korean accuracy not yet human-verified (separate axis from content strategy fit)"
nana-suffix-01,,나나,ko,neologism,나나,P3,"MEANING (inferred from content structure, not real search data)",,,나나,"Like ""박박,"" a repeated syllable tacked onto the end of ""존나"" (an intensifier) for emphasis/style.",4,2,2,2,4,2,2,AUTO_CLASSIFIED,P3,Wikipedia: 대한민국의 인터넷 신조어 목록,"dictionary-style only, no nuance/example yet; korean accuracy not yet human-verified (separate axis from content strategy fit)"
namsachin-01,,남사친,ko,neologism,남사친,P3,"MEANING (inferred from content structure, not real search data)",,,남사친,"Short for ""male person friend"" — a close male friend with no romantic involvement.",4,2,2,2,4,2,2,AUTO_CLASSIFIED,P3,Wikipedia: 대한민국의 인터넷 신조어 목록,"dictionary-style only, no nuance/example yet; korean accuracy not yet human-verified (separate axis from content strategy fit)"
neopeu-01,,너프,ko,neologism,너프,P3,"MEANING (inferred from content structure, not real search data)",,,너프,"""Nerf"" — a weakening/reduction, usually of a character's power in a game.",4,2,2,2,4,2,2,AUTO_CLASSIFIED,P3,Wikipedia: 대한민국의 인터넷 신조어 목록,"dictionary-style only, no nuance/example yet; korean accuracy not yet human-verified (separate axis from content strategy fit)"
neomsabyeok-01,,넘사벽,ko,neologism,넘사벽,P3,"MEANING (inferred from content structure, not real search data)",,,넘사벽,"Short for ""a wall too high to cross into another dimension"" — an insurmountable gap in ability.",4,2,2,2,4,2,2,AUTO_CLASSIFIED,P3,Wikipedia: 대한민국의 인터넷 신조어 목록,"dictionary-style only, no nuance/example yet; korean accuracy not yet human-verified (separate axis from content strategy fit)"
noejeol-01,,뇌절,ko,neologism,뇌절,P3,"MEANING (inferred from content structure, not real search data)",,,뇌절,Repeating the same joke/action so much that it stops being funny and starts annoying people.,4,2,2,2,4,2,2,AUTO_CLASSIFIED,P3,Wikipedia: 대한민국의 인터넷 신조어 목록,"dictionary-style only, no nuance/example yet; korean accuracy not yet human-verified (separate axis from content strategy fit)"
noepisyeol-01,,뇌피셜,ko,neologism,뇌피셜,P3,"MEANING (inferred from content structure, not real search data)",,,뇌피셜,"A blend of ""brain"" and ""official"" — a claim treated as fact purely because the speaker believes it, with no real evidence.",4,2,2,2,4,2,2,AUTO_CLASSIFIED,P3,Wikipedia: 대한민국의 인터넷 신조어 목록,"dictionary-style only, no nuance/example yet; korean accuracy not yet human-verified (separate axis from content strategy fit)"
nugagichimsorireul-naeeosseo-01,,누가 기침소리를 내었어,ko,neologism,누가 기침소리를 내었어,P3,"MEANING (inferred from content structure, not real search data)",,,누가 기침소리를 내었어,"A catchphrase from the historical drama ""Taejo Wang-geon,"" used jokingly to scold minor interruptions.",4,2,2,2,4,2,2,AUTO_CLASSIFIED,P3,Wikipedia: 대한민국의 인터넷 신조어 목록,"dictionary-style only, no nuance/example yet; korean accuracy not yet human-verified (separate axis from content strategy fit)"
nyuteuro-01,,뉴트로,ko,neologism,뉴트로,P3,"MEANING (inferred from content structure, not real search data)",,,뉴트로,"""New-tro"" — a retro-revival trend popular since the late 2010s, blending old and new styles.",4,2,2,2,4,2,2,AUTO_CLASSIFIED,P3,Wikipedia: 대한민국의 인터넷 신조어 목록,"dictionary-style only, no nuance/example yet; korean accuracy not yet human-verified (separate axis from content strategy fit)"
dagul-01,,다굴,ko,neologism,다굴,P3,"MEANING (inferred from content structure, not real search data)",,,다굴,Several people ganging up to attack one person (derived from 다구리).,4,2,2,2,4,2,2,AUTO_CLASSIFIED,P3,Wikipedia: 대한민국의 인터넷 신조어 목록,"dictionary-style only, no nuance/example yet; korean accuracy not yet human-verified (separate axis from content strategy fit)"
danjjan-01,,단짠,ko,neologism,단짠,P3,"MEANING (inferred from content structure, not real search data)",,,단짠,"Food that has both sweet and salty flavors — ""sweet-salty.""",4,2,2,2,4,2,2,AUTO_CLASSIFIED,P3,Wikipedia: 대한민국의 인터넷 신조어 목록,"dictionary-style only, no nuance/example yet; korean accuracy not yet human-verified (separate axis from content strategy fit)"
daekkae-prefix-01,,대깨-,ko,neologism,대깨-,P3,"MEANING (inferred from content structure, not real search data)",,,대깨-,"A prefix labeling someone (or a group) as a blind, uncritical loyalist of a figure/cause.",5,4,4,4,4,4,4,AUTO_CLASSIFIED,P1,Wikipedia: 대한민국의 인터넷 신조어 목록,korean accuracy not yet human-verified (separate axis from content strategy fit)
deokdeokhu-01,,덕/덕후,ko,neologism,덕/덕후,P3,"MEANING (inferred from content structure, not real search data)",,,덕/덕후,"Someone deeply, intensely devoted to a particular hobby or interest — an ""otaku""-style fan.",4,2,2,2,4,2,2,AUTO_CLASSIFIED,P3,Wikipedia: 대한민국의 인터넷 신조어 목록,"dictionary-style only, no nuance/example yet; korean accuracy not yet human-verified (separate axis from content strategy fit)"
duchang-01,,두창,ko,neologism,두창,P3,"MEANING (inferred from content structure, not real search data)",,,두창,"Slang derived from ""monkeypox (원숭이두창).""",4,2,2,2,4,2,2,AUTO_CLASSIFIED,P3,Wikipedia: 대한민국의 인터넷 신조어 목록,"dictionary-style only, no nuance/example yet; korean accuracy not yet human-verified (separate axis from content strategy fit)"
deutbojap-01,,듣보잡,ko,neologism,듣보잡,P3,"MEANING (inferred from content structure, not real search data)",,,듣보잡,"Short for ""never heard of it, never seen it, worthless"" — something/someone completely obscure and unremarkable.",4,2,2,2,4,2,2,AUTO_CLASSIFIED,P3,Wikipedia: 대한민국의 인터넷 신조어 목록,"dictionary-style only, no nuance/example yet; korean accuracy not yet human-verified (separate axis from content strategy fit)"
ttalbabo-01,,딸바보,ko,neologism,딸바보,P3,"MEANING (inferred from content structure, not real search data)",,,딸바보,"Short for ""a fool who dotes only on his daughter"" — an affectionately doting father.",4,2,2,2,4,2,2,AUTO_CLASSIFIED,P3,Wikipedia: 대한민국의 인터넷 신조어 목록,"dictionary-style only, no nuance/example yet; korean accuracy not yet human-verified (separate axis from content strategy fit)"
ttudda-01,,뚜따,ko,neologism,뚜따,P3,"MEANING (inferred from content structure, not real search data)",,,뚜따,Removing the lid-shaped heat spreader from a CPU (a PC-hardware modding term).,4,2,2,2,4,2,2,AUTO_CLASSIFIED,P3,Wikipedia: 대한민국의 인터넷 신조어 목록,"dictionary-style only, no nuance/example yet; korean accuracy not yet human-verified (separate axis from content strategy fit)"
deuktem-01,,득템,ko,neologism,득템,P3,"MEANING (inferred from content structure, not real search data)",,,득템,"Obtaining a great item, especially in a game.",4,2,2,2,4,2,2,AUTO_CLASSIFIED,P3,Wikipedia: 대한민국의 인터넷 신조어 목록,"dictionary-style only, no nuance/example yet; korean accuracy not yet human-verified (separate axis from content strategy fit)"
lomlkk-01,,ㄹㅇㅋㅋ,ko,neologism,ㄹㅇㅋㅋ,P3,"MEANING (inferred from content structure, not real search data)",,,ㄹㅇㅋㅋ,"The initial consonants of ""레알ㅋㅋ"" (""for real lol"") — used to affirm something enthusiastically.",4,2,2,2,4,2,2,AUTO_CLASSIFIED,P3,Wikipedia: 대한민국의 인터넷 신조어 목록,"dictionary-style only, no nuance/example yet; korean accuracy not yet human-verified (separate axis from content strategy fit)"
ratteneun-marya-01,,라떼는 말이야,ko,neologism,라떼는 말이야,P3,"MEANING (inferred from content structure, not real search data)",,,라떼는 말이야,"""Back in my day..."" — mocking older generations for reminiscing about the past (""라떼"" puns on ""나 때,"" ""my time"").",4,2,2,2,4,2,2,AUTO_CLASSIFIED,P3,Wikipedia: 대한민국의 인터넷 신조어 목록,"dictionary-style only, no nuance/example yet; korean accuracy not yet human-verified (separate axis from content strategy fit)"
regeno-01,,레게노,ko,neologism,레게노,P3,"MEANING (inferred from content structure, not real search data)",,,레게노,"Originated from a streamer mispronouncing ""legend (레전드)"" — now used jokingly to mean something legendary.",4,2,2,2,4,2,2,AUTO_CLASSIFIED,P3,Wikipedia: 대한민국의 인터넷 신조어 목록,"dictionary-style only, no nuance/example yet; korean accuracy not yet human-verified (separate axis from content strategy fit)"
real-01,,레알,ko,neologism,레알,P3,"MEANING (inferred from content structure, not real search data)",,,레알,"""For real"" — an emphatic way of saying something is true.",4,2,2,2,4,2,2,AUTO_CLASSIFIED,P3,Wikipedia: 대한민국의 인터넷 신조어 목록,"dictionary-style only, no nuance/example yet; korean accuracy not yet human-verified (separate axis from content strategy fit)"
lopan-01,,로판,ko,neologism,로판,P3,"MEANING (inferred from content structure, not real search data)",,,로판,"Short for ""romance fantasy,"" a popular web-novel genre.",4,2,2,2,4,2,2,AUTO_CLASSIFIED,P3,Wikipedia: 대한민국의 인터넷 신조어 목록,"dictionary-style only, no nuance/example yet; korean accuracy not yet human-verified (separate axis from content strategy fit)"
mneor-01,,ㅁㄴㅇㄹ,ko,neologism,ㅁㄴㅇㄹ,P3,"MEANING (inferred from content structure, not real search data)",,,ㅁㄴㅇㄹ,"Random consecutive keyboard letters typed to mean ""I have no thoughts/I'm blanking.""",4,2,2,2,4,2,2,AUTO_CLASSIFIED,P3,Wikipedia: 대한민국의 인터넷 신조어 목록,"dictionary-style only, no nuance/example yet; korean accuracy not yet human-verified (separate axis from content strategy fit)"
maltal-01,,말딸,ko,neologism,말딸,P3,"MEANING (inferred from content structure, not real search data)",,,말딸,"A nickname for the game ""Uma Musume: Pretty Derby.""",4,2,2,2,4,2,2,AUTO_CLASSIFIED,P3,Wikipedia: 대한민국의 인터넷 신조어 목록,"dictionary-style only, no nuance/example yet; korean accuracy not yet human-verified (separate axis from content strategy fit)"
mamchung-01,,맘충,ko,neologism,맘충,P3,"MEANING (inferred from content structure, not real search data)",,,맘충,A derogatory term for mothers seen as inconsiderately prioritizing only their own children in public.,5,4,4,4,4,4,4,NEEDS_REVIEW,P2,Wikipedia: 대한민국의 인터넷 신조어 목록,"SENSITIVE/DEROGATORY TERM - needs_native_review + editorial judgment call before any content use, do not rush to production regardless of score below; korean accuracy not yet human-verified (separate axis from content strategy fit)"
meokbang-01,,먹방,ko,neologism,먹방,P3,"MEANING (inferred from content structure, not real search data)",,,먹방,"Short for ""eating broadcast"" — a video/stream of someone eating, often a large amount.",4,2,2,2,4,2,2,AUTO_CLASSIFIED,P3,Wikipedia: 대한민국의 인터넷 신조어 목록,"dictionary-style only, no nuance/example yet; korean accuracy not yet human-verified (separate axis from content strategy fit)"
momjjang-01,,몸짱,ko,neologism,몸짱,P3,"MEANING (inferred from content structure, not real search data)",,,몸짱,"Someone with an impressively fit, toned physique.",4,2,2,2,4,2,2,AUTO_CLASSIFIED,P3,Wikipedia: 대한민국의 인터넷 신조어 목록,"dictionary-style only, no nuance/example yet; korean accuracy not yet human-verified (separate axis from content strategy fit)"
mingaut-suffix-01,,-밍아웃,ko,neologism,-밍아웃,P3,"MEANING (inferred from content structure, not real search data)",,,-밍아웃,"A suffix (from ""coming out"") meaning to openly reveal a certain trait, taste, or affiliation about oneself.",4,2,2,2,4,2,2,AUTO_CLASSIFIED,P3,Wikipedia: 대한민국의 인터넷 신조어 목록,"dictionary-style only, no nuance/example yet; korean accuracy not yet human-verified (separate axis from content strategy fit)"
museun129-meoseon129-01,,무슨 129/머선 129,ko,neologism,무슨 129/머선 129,P3,"MEANING (inferred from content structure, not real search data)",,,무슨 129/머선 129,"A playful twist on the Gyeongsang-dialect pronunciation of ""무슨 일이고"" (""what's going on?"").",4,2,2,2,4,2,2,AUTO_CLASSIFIED,P3,Wikipedia: 대한민국의 인터넷 신조어 목록,"dictionary-style only, no nuance/example yet; korean accuracy not yet human-verified (separate axis from content strategy fit)"
meoktwi-01,,먹튀,ko,neologism,먹튀,P3,"MEANING (inferred from content structure, not real search data)",,,먹튀,"Short for ""eat and run"" — taking a benefit and then disappearing without fulfilling an obligation.",4,2,2,2,4,2,2,AUTO_CLASSIFIED,P3,Wikipedia: 대한민국의 인터넷 신조어 목록,"dictionary-style only, no nuance/example yet; korean accuracy not yet human-verified (separate axis from content strategy fit)"
munjjin-01,,문찐,ko,neologism,문찐,P3,"MEANING (inferred from content structure, not real search data)",,,문찐,"Short for ""culturally clueless"" — someone out of touch with current cultural trends.",4,2,2,2,4,2,2,AUTO_CLASSIFIED,P3,Wikipedia: 대한민국의 인터넷 신조어 목록,"dictionary-style only, no nuance/example yet; korean accuracy not yet human-verified (separate axis from content strategy fit)"
mildang-01,,밀당,ko,neologism,밀당,P3,"MEANING (inferred from content structure, not real search data)",,,밀당,"Short for ""push and pull"" — the back-and-forth dynamic of playing hard to get in early dating.",4,2,2,2,4,2,2,AUTO_CLASSIFIED,P3,Wikipedia: 대한민국의 인터넷 신조어 목록,"dictionary-style only, no nuance/example yet; korean accuracy not yet human-verified (separate axis from content strategy fit)"
beokachung-01,,버카충,ko,neologism,버카충,P3,"MEANING (inferred from content structure, not real search data)",,,버카충,"Short for ""topping up a bus (transit) card.""",4,2,2,2,4,2,2,AUTO_CLASSIFIED,P3,Wikipedia: 대한민국의 인터넷 신조어 목록,"dictionary-style only, no nuance/example yet; korean accuracy not yet human-verified (separate axis from content strategy fit)"
byeorakgeoji-01,,벼락거지,ko,neologism,벼락거지,P3,"MEANING (inferred from content structure, not real search data)",,,벼락거지,"""Overnight pauper"" — someone who feels suddenly poor by comparison after real-estate/asset prices spike around them.",4,2,2,2,4,2,2,AUTO_CLASSIFIED,P3,Wikipedia: 대한민국의 인터넷 신조어 목록,"dictionary-style only, no nuance/example yet; korean accuracy not yet human-verified (separate axis from content strategy fit)"
byeongmat-01,,병맛,ko,neologism,병맛,P3,"MEANING (inferred from content structure, not real search data)",,,병맛,"Short for ""nonsensical/absurd flavor"" — describes something so ridiculous it's amusingly bad.",4,2,2,2,4,2,2,AUTO_CLASSIFIED,P3,Wikipedia: 대한민국의 인터넷 신조어 목록,"dictionary-style only, no nuance/example yet; korean accuracy not yet human-verified (separate axis from content strategy fit)"
bonkae-01,,본캐,ko,neologism,본캐,P3,"MEANING (inferred from content structure, not real search data)",,,본캐,"Short for ""main character"" — a person's primary game character or, more broadly, primary public persona.",4,2,2,2,4,2,2,AUTO_CLASSIFIED,P3,Wikipedia: 대한민국의 인터넷 신조어 목록,"dictionary-style only, no nuance/example yet; korean accuracy not yet human-verified (separate axis from content strategy fit)"
bulgeum-01,,불금,ko,neologism,불금,P3,"MEANING (inferred from content structure, not real search data)",,,불금,"Short for ""burning Friday"" — Friday night as prime time to go out and have fun.",4,2,2,2,4,2,2,AUTO_CLASSIFIED,P3,Wikipedia: 대한민국의 인터넷 신조어 목록,"dictionary-style only, no nuance/example yet; korean accuracy not yet human-verified (separate axis from content strategy fit)"
byuk-01,,뷁,ko,neologism,뷁,P3,"MEANING (inferred from content structure, not real search data)",,,뷁,A catch-all exclamation expressing general displeasure or negativity.,4,2,2,2,4,2,2,AUTO_CLASSIFIED,P3,Wikipedia: 대한민국의 인터넷 신조어 목록,"dictionary-style only, no nuance/example yet; korean accuracy not yet human-verified (separate axis from content strategy fit)"
beugeum-01,,브금,ko,neologism,브금,P3,"MEANING (inferred from content structure, not real search data)",,,브금,"Shorthand for ""background music (BGM).""",4,2,2,2,4,2,2,AUTO_CLASSIFIED,P3,Wikipedia: 대한민국의 인터넷 신조어 목록,"dictionary-style only, no nuance/example yet; korean accuracy not yet human-verified (separate axis from content strategy fit)"
ppa-suffix-01,,-빠,ko,neologism,-빠,P3,"MEANING (inferred from content structure, not real search data)",,,-빠,A suffix (mildly derogatory) for an overzealous fan of someone/something.,4,2,2,2,4,2,2,AUTO_CLASSIFIED,P3,Wikipedia: 대한민국의 인터넷 신조어 목록,"dictionary-style only, no nuance/example yet; korean accuracy not yet human-verified (separate axis from content strategy fit)"
ppangkkuttongkku-01,,빵꾸똥꾸,ko,neologism,빵꾸똥꾸,P3,"MEANING (inferred from content structure, not real search data)",,,빵꾸똥꾸,"A nonsense catchphrase from an MBC sitcom, used playfully.",4,2,2,2,4,2,2,AUTO_CLASSIFIED,P3,Wikipedia: 대한민국의 인터넷 신조어 목록,"dictionary-style only, no nuance/example yet; korean accuracy not yet human-verified (separate axis from content strategy fit)"
ppangsyeoteul-01,,빵셔틀,ko,neologism,빵셔틀,P3,"MEANING (inferred from content structure, not real search data)",,,빵셔틀,A student bullied into fetching snacks/bread for classmates from the school store.,5,4,4,4,4,4,4,AUTO_CLASSIFIED,P1,Wikipedia: 대한민국의 인터넷 신조어 목록,korean accuracy not yet human-verified (separate axis from content strategy fit)
samo-suffix-01,,-사모,ko,neologism,-사모,P3,"MEANING (inferred from content structure, not real search data)",,,-사모,"Short for ""a group of people who love [someone/something]"" — a fan club suffix.",4,2,2,2,4,2,2,AUTO_CLASSIFIED,P3,Wikipedia: 대한민국의 인터넷 신조어 목록,"dictionary-style only, no nuance/example yet; korean accuracy not yet human-verified (separate axis from content strategy fit)"
seongjinguk-01,,성진국,ko,neologism,성진국,P3,"MEANING (inferred from content structure, not real search data)",,,성진국,"A sarcastic nickname for Japan, mocking its highly developed adult-entertainment industry.",5,4,4,4,4,4,4,NEEDS_REVIEW,P2,Wikipedia: 대한민국의 인터넷 신조어 목록,"SENSITIVE/DEROGATORY TERM - needs_native_review + editorial judgment call before any content use, do not rush to production regardless of score below; korean accuracy not yet human-verified (separate axis from content strategy fit)"
syapjwi-01,,샵쥐,ko,neologism,샵쥐,P3,"MEANING (inferred from content structure, not real search data)",,,샵쥐,Slang for one's father-in-law (from a pun on 시아버지).,4,2,2,2,4,2,2,AUTO_CLASSIFIED,P3,Wikipedia: 대한민국의 인터넷 신조어 목록,"dictionary-style only, no nuance/example yet; korean accuracy not yet human-verified (separate axis from content strategy fit)"
seomin-koseupurae-01,,서민 코스프레,ko,neologism,서민 코스프레,P3,"MEANING (inferred from content structure, not real search data)",,,서민 코스프레,"""Commoner cosplay"" — mocking politicians who perform relatability to ordinary citizens for show.",4,2,2,2,4,2,2,AUTO_CLASSIFIED,P3,Wikipedia: 대한민국의 인터넷 신조어 목록,"dictionary-style only, no nuance/example yet; korean accuracy not yet human-verified (separate axis from content strategy fit)"
seoseodo-01,,서서도,ko,neologism,서서도,P3,"MEANING (inferred from content structure, not real search data)",,,서서도,"Short for ""let's help each other out.""",4,2,2,2,4,2,2,AUTO_CLASSIFIED,P3,Wikipedia: 대한민국의 인터넷 신조어 목록,"dictionary-style only, no nuance/example yet; korean accuracy not yet human-verified (separate axis from content strategy fit)"
selka-01,,셀카,ko,neologism,셀카,P3,"MEANING (inferred from content structure, not real search data)",,,셀카,"A blend of ""self"" and ""camera"" — a selfie.",4,2,2,2,4,2,2,AUTO_CLASSIFIED,P3,Wikipedia: 대한민국의 인터넷 신조어 목록,"dictionary-style only, no nuance/example yet; korean accuracy not yet human-verified (separate axis from content strategy fit)"
seupek-01,,스펙,ko,neologism,스펙,P3,"MEANING (inferred from content structure, not real search data)",,,스펙,"One's combined credentials — school, GPA, English scores, etc.",4,2,2,2,4,2,2,AUTO_CLASSIFIED,P3,Wikipedia: 대한민국의 인터넷 신조어 목록,"dictionary-style only, no nuance/example yet; korean accuracy not yet human-verified (separate axis from content strategy fit)"
seungjeom-japangi-01,,승점 자판기,ko,neologism,승점 자판기,P3,"MEANING (inferred from content structure, not real search data)",,,승점 자판기,"""A points vending machine"" — a team so weak that beating them is treated as an automatic win.",4,2,2,2,4,2,2,AUTO_CLASSIFIED,P3,Wikipedia: 대한민국의 인터넷 신조어 목록,"dictionary-style only, no nuance/example yet; korean accuracy not yet human-verified (separate axis from content strategy fit)"
sibalbiyong-01,,시발비용,ko,neologism,시발비용,P3,"MEANING (inferred from content structure, not real search data)",,,시발비용,"""[Expletive] expenses"" — impulsive small purchases made to relieve stress.",5,4,4,4,4,4,4,AUTO_CLASSIFIED,P1,Wikipedia: 대한민국의 인터넷 신조어 목록,korean accuracy not yet human-verified (separate axis from content strategy fit)
sseom-01,,썸,ko,neologism,썸,P3,"MEANING (inferred from content structure, not real search data)",,,썸,"The ambiguous, not-yet-official romantic phase before officially dating someone.",4,2,2,2,4,2,2,AUTO_CLASSIFIED,P3,Wikipedia: 대한민국의 인터넷 신조어 목록,"dictionary-style only, no nuance/example yet; korean accuracy not yet human-verified (separate axis from content strategy fit)"
akpeul-01,,악플,ko,neologism,악플,P3,"MEANING (inferred from content structure, not real search data)",,,악플,"A hostile, malicious online comment.",4,2,2,2,4,2,2,AUTO_CLASSIFIED,P3,Wikipedia: 대한민국의 인터넷 신조어 목록,"dictionary-style only, no nuance/example yet; korean accuracy not yet human-verified (separate axis from content strategy fit)"
eorarapseuta-01,,어라랍스타??,ko,neologism,어라랍스타??,P3,"MEANING (inferred from content structure, not real search data)",,,어라랍스타??,"A trendy nonsense phrase popular among social ""insiders.""",4,2,2,2,4,2,2,AUTO_CLASSIFIED,P3,Wikipedia: 대한민국의 인터넷 신조어 목록,"dictionary-style only, no nuance/example yet; korean accuracy not yet human-verified (separate axis from content strategy fit)"
ekbak-01,,엑박,ko,neologism,엑박,P3,"MEANING (inferred from content structure, not real search data)",,,엑박,"The ""X"" box that appears when an image fails to load.",4,2,2,2,4,2,2,AUTO_CLASSIFIED,P3,Wikipedia: 대한민국의 인터넷 신조어 목록,"dictionary-style only, no nuance/example yet; korean accuracy not yet human-verified (separate axis from content strategy fit)"
yeosachin-01,,여사친,ko,neologism,여사친,P3,"MEANING (inferred from content structure, not real search data)",,,여사친,"Short for ""female person friend"" — a close female friend with no romantic involvement.",4,2,2,2,4,2,2,AUTO_CLASSIFIED,P3,Wikipedia: 대한민국의 인터넷 신조어 목록,"dictionary-style only, no nuance/example yet; korean accuracy not yet human-verified (separate axis from content strategy fit)"
yeolpok-01,,열폭,ko,neologism,열폭,P3,"MEANING (inferred from content structure, not real search data)",,,열폭,"Short for ""an inferiority-complex explosion"" — an outburst driven by jealousy/insecurity.",4,2,2,2,4,2,2,AUTO_CLASSIFIED,P3,Wikipedia: 대한민국의 인터넷 신조어 목록,"dictionary-style only, no nuance/example yet; korean accuracy not yet human-verified (separate axis from content strategy fit)"
oegyeeo-01,,외계어,ko,neologism,외계어,P3,"MEANING (inferred from content structure, not real search data)",,,외계어,"""Alien language"" — heavily distorted internet-chat spelling that's hard for outsiders to read.",4,2,2,2,4,2,2,AUTO_CLASSIFIED,P3,Wikipedia: 대한민국의 인터넷 신조어 목록,"dictionary-style only, no nuance/example yet; korean accuracy not yet human-verified (separate axis from content strategy fit)"
yongja-01,,용자,ko,neologism,용자,P3,"MEANING (inferred from content structure, not real search data)",,,용자,"Short for ""a person of courage"" — someone bold enough to do something risky or unwise.",4,2,2,2,4,2,2,AUTO_CLASSIFIED,P3,Wikipedia: 대한민국의 인터넷 신조어 목록,"dictionary-style only, no nuance/example yet; korean accuracy not yet human-verified (separate axis from content strategy fit)"
utpeuda-01,,웃프다,ko,neologism,웃프다,P3,"MEANING (inferred from content structure, not real search data)",,,웃프다,"A blend of ""funny"" and ""sad"" — something that's comedic on the surface but sad underneath.",4,2,2,2,4,2,2,AUTO_CLASSIFIED,P3,Wikipedia: 대한민국의 인터넷 신조어 목록,"dictionary-style only, no nuance/example yet; korean accuracy not yet human-verified (separate axis from content strategy fit)"
umjjal-01,,움짤,ko,neologism,움짤,P3,"MEANING (inferred from content structure, not real search data)",,,움짤,"Short for ""moving 짤방 (image macro)"" — a GIF.",4,2,2,2,4,2,2,AUTO_CLASSIFIED,P3,Wikipedia: 대한민국의 인터넷 신조어 목록,"dictionary-style only, no nuance/example yet; korean accuracy not yet human-verified (separate axis from content strategy fit)"
wolgeuprupang-01,,월급루팡,ko,neologism,월급루팡,P3,"MEANING (inferred from content structure, not real search data)",,,월급루팡,"""Payday looter"" — an employee who collects a salary while contributing little real work.",4,2,2,2,4,2,2,AUTO_CLASSIFIED,P3,Wikipedia: 대한민국의 인터넷 신조어 목록,"dictionary-style only, no nuance/example yet; korean accuracy not yet human-verified (separate axis from content strategy fit)"
uimunui-1seung-01,,의문의 1승,ko,neologism,의문의 1승,P3,"MEANING (inferred from content structure, not real search data)",,,의문의 1승,"""A mysterious victory"" — unintentionally coming out ahead in a situation.",4,2,2,2,4,2,2,AUTO_CLASSIFIED,P3,Wikipedia: 대한민국의 인터넷 신조어 목록,"dictionary-style only, no nuance/example yet; korean accuracy not yet human-verified (separate axis from content strategy fit)"
imwobyeong-01,,이뭐병,ko,neologism,이뭐병,P3,"MEANING (inferred from content structure, not real search data)",,,이뭐병,Short for an exclamation of disbelief at something absurd or offensive.,4,2,2,2,4,2,2,AUTO_CLASSIFIED,P3,Wikipedia: 대한민국의 인터넷 신조어 목록,"dictionary-style only, no nuance/example yet; korean accuracy not yet human-verified (separate axis from content strategy fit)"
isaengmang-01,,이생망,ko,neologism,이생망,P3,"MEANING (inferred from content structure, not real search data)",,,이생망,"Short for ""this life is ruined"" — a dramatic, often joking, expression of despair.",4,2,2,2,4,2,2,AUTO_CLASSIFIED,P3,Wikipedia: 대한민국의 인터넷 신조어 목록,"dictionary-style only, no nuance/example yet; korean accuracy not yet human-verified (separate axis from content strategy fit)"
iljin-01,,일진,ko,neologism,일진,P3,"MEANING (inferred from content structure, not real search data)",,,일진,A student known for bullying/school violence.,5,4,4,4,4,4,4,AUTO_CLASSIFIED,P1,Wikipedia: 대한민국의 인터넷 신조어 목록,korean accuracy not yet human-verified (separate axis from content strategy fit)
ilko-01,,일코,ko,neologism,일코,P3,"MEANING (inferred from content structure, not real search data)",,,일코,"Short for ""posing as an ordinary person"" — hiding one's fandom/hobby identity in public.",4,2,2,2,4,2,2,AUTO_CLASSIFIED,P3,Wikipedia: 대한민국의 인터넷 신조어 목록,"dictionary-style only, no nuance/example yet; korean accuracy not yet human-verified (separate axis from content strategy fit)"
jss-01,,ㅈㅅ,ko,neologism,ㅈㅅ,P3,"MEANING (inferred from content structure, not real search data)",,,ㅈㅅ,"The initial consonants of ""죄송"" (""sorry"").",4,2,2,2,4,2,2,AUTO_CLASSIFIED,P3,Wikipedia: 대한민국의 인터넷 신조어 목록,"dictionary-style only, no nuance/example yet; korean accuracy not yet human-verified (separate axis from content strategy fit)"
jarani-01,,자라니,ko,neologism,자라니,P3,"MEANING (inferred from content structure, not real search data)",,,자라니,"A blend of ""bicycle"" and ""고라니 (roe deer)"" — mocking reckless cyclists who dart into traffic.",4,2,2,2,4,2,2,AUTO_CLASSIFIED,P3,Wikipedia: 대한민국의 인터넷 신조어 목록,"dictionary-style only, no nuance/example yet; korean accuracy not yet human-verified (separate axis from content strategy fit)"
jaemmini-01,,잼민이,ko,neologism,잼민이,P3,"MEANING (inferred from content structure, not real search data)",,,잼민이,"A derogatory term for young, immature elementary schoolers acting out online.",5,4,4,4,4,4,4,NEEDS_REVIEW,P2,Wikipedia: 대한민국의 인터넷 신조어 목록,"SENSITIVE/DEROGATORY TERM - needs_native_review + editorial judgment call before any content use, do not rush to production regardless of score below; korean accuracy not yet human-verified (separate axis from content strategy fit)"
jonmat-01,,존맛,ko,neologism,존맛,P3,"MEANING (inferred from content structure, not real search data)",,,존맛,"Extremely delicious (from an intensifier + ""taste"").",4,2,2,2,4,2,2,AUTO_CLASSIFIED,P3,Wikipedia: 대한민국의 인터넷 신조어 목록,"dictionary-style only, no nuance/example yet; korean accuracy not yet human-verified (separate axis from content strategy fit)"
jolbu-01,,졸부,ko,neologism,졸부,P3,"MEANING (inferred from content structure, not real search data)",,,졸부,"Short for ""someone who suddenly became rich"" — nouveau riche, often used with a hint of disdain.",4,2,2,2,4,2,2,AUTO_CLASSIFIED,P3,Wikipedia: 대한민국의 인터넷 신조어 목록,"dictionary-style only, no nuance/example yet; korean accuracy not yet human-verified (separate axis from content strategy fit)"
joeungabongga-01,,좋은가봉가,ko,neologism,좋은가봉가,P3,"MEANING (inferred from content structure, not real search data)",,,좋은가봉가,"A catchphrase from a 2013 MBC variety show, used playfully.",4,2,2,2,4,2,2,AUTO_CLASSIFIED,P3,Wikipedia: 대한민국의 인터넷 신조어 목록,"dictionary-style only, no nuance/example yet; korean accuracy not yet human-verified (separate axis from content strategy fit)"
jeul-01,,즐,ko,neologism,즐,P3,"MEANING (inferred from content structure, not real search data)",,,즐,"""즐"" flipped upside down reads like ""엌"" — used as a dismissive, negative sign-off.",4,2,2,2,4,2,2,AUTO_CLASSIFIED,P3,Wikipedia: 대한민국의 인터넷 신조어 목록,"dictionary-style only, no nuance/example yet; korean accuracy not yet human-verified (separate axis from content strategy fit)"
jireumsin-01,,지름신,ko,neologism,지름신,P3,"MEANING (inferred from content structure, not real search data)",,,지름신,"The ""impulse-buy god"" — a figurative force that makes you want to buy things you don't need.",4,2,2,2,4,2,2,AUTO_CLASSIFIED,P3,Wikipedia: 대한민국의 인터넷 신조어 목록,"dictionary-style only, no nuance/example yet; korean accuracy not yet human-verified (separate axis from content strategy fit)"
jimotmi-01,,지못미,ko,neologism,지못미,P3,"MEANING (inferred from content structure, not real search data)",,,지못미,"Short for ""sorry I couldn't protect you.""",4,2,2,2,4,2,2,AUTO_CLASSIFIED,P3,Wikipedia: 대한민국의 인터넷 신조어 목록,"dictionary-style only, no nuance/example yet; korean accuracy not yet human-verified (separate axis from content strategy fit)"
jinjichung-01,,진지충,ko,neologism,진지충,P3,"MEANING (inferred from content structure, not real search data)",,,진지충,A mocking term for someone who can't read the room and takes everything too seriously.,5,4,4,4,4,4,4,NEEDS_REVIEW,P2,Wikipedia: 대한민국의 인터넷 신조어 목록,"SENSITIVE/DEROGATORY TERM - needs_native_review + editorial judgment call before any content use, do not rush to production regardless of score below; korean accuracy not yet human-verified (separate axis from content strategy fit)"
jjalbang-01,,짤방,ko,neologism,짤방,P3,"MEANING (inferred from content structure, not real search data)",,,짤방,"Short for ""a photo posted to avoid a thread being deleted"" — an image macro/meme picture.",4,2,2,2,4,2,2,AUTO_CLASSIFIED,P3,Wikipedia: 대한민국의 인터넷 신조어 목록,"dictionary-style only, no nuance/example yet; korean accuracy not yet human-verified (separate axis from content strategy fit)"
jjang-01,,짱,ko,neologism,짱,P3,"MEANING (inferred from content structure, not real search data)",,,짱,"A suffix/exclamation meaning ""the best.""",4,2,2,2,4,2,2,AUTO_CLASSIFIED,P3,Wikipedia: 대한민국의 인터넷 신조어 목록,"dictionary-style only, no nuance/example yet; korean accuracy not yet human-verified (separate axis from content strategy fit)"
changnyeol-01,,창렬,ko,neologism,창렬,P3,"MEANING (inferred from content structure, not real search data)",,,창렬,Describes a product whose quality is disappointingly poor relative to its appearance/price.,4,2,2,2,4,2,2,AUTO_CLASSIFIED,P3,Wikipedia: 대한민국의 인터넷 신조어 목록,"dictionary-style only, no nuance/example yet; korean accuracy not yet human-verified (separate axis from content strategy fit)"
chineunim-01,,치느님,ko,neologism,치느님,P3,"MEANING (inferred from content structure, not real search data)",,,치느님,"A affectionate, joking deification of Korean fried chicken (""chicken-god"").",4,2,2,2,4,2,2,AUTO_CLASSIFIED,P3,Wikipedia: 대한민국의 인터넷 신조어 목록,"dictionary-style only, no nuance/example yet; korean accuracy not yet human-verified (separate axis from content strategy fit)"
chimaek-01,,치맥,ko,neologism,치맥,P3,"MEANING (inferred from content structure, not real search data)",,,치맥,"Short for ""chicken and beer (맥주)"" — the classic Korean fried-chicken-and-beer combo.",4,2,2,2,4,2,2,AUTO_CLASSIFIED,P3,Wikipedia: 대한민국의 인터넷 신조어 목록,"dictionary-style only, no nuance/example yet; korean accuracy not yet human-verified (separate axis from content strategy fit)"
kk-01,,ㅋㅋ,ko,neologism,ㅋㅋ,P3,"MEANING (inferred from content structure, not real search data)",,,ㅋㅋ,"Consonants representing laughter, like ""haha"" or ""lol.""",4,2,2,2,4,2,2,AUTO_CLASSIFIED,P3,Wikipedia: 대한민국의 인터넷 신조어 목록,"dictionary-style only, no nuance/example yet; korean accuracy not yet human-verified (separate axis from content strategy fit)"
kagongjok-01,,카공족,ko,neologism,카공족,P3,"MEANING (inferred from content structure, not real search data)",,,카공족,"Short for ""the café-studying tribe"" — people who study for long hours at cafés.",4,2,2,2,4,2,2,AUTO_CLASSIFIED,P3,Wikipedia: 대한민국의 인터넷 신조어 목록,"dictionary-style only, no nuance/example yet; korean accuracy not yet human-verified (separate axis from content strategy fit)"
kae-prefix-01,,캐-,ko,neologism,캐-,P3,"MEANING (inferred from content structure, not real search data)",,,캐-,"An intensifying prefix, a harder-sounding variant of ""개-.""",4,2,2,2,4,2,2,AUTO_CLASSIFIED,P3,Wikipedia: 대한민국의 인터넷 신조어 목록,"dictionary-style only, no nuance/example yet; korean accuracy not yet human-verified (separate axis from content strategy fit)"
kaeri-hadeukaeri-01,,캐리/하드캐리,ko,neologism,캐리/하드캐리,P3,"MEANING (inferred from content structure, not real search data)",,,캐리/하드캐리,"""Carry/hard carry"" — single-handedly leading a team to victory through standout performance.",4,2,2,2,4,2,2,AUTO_CLASSIFIED,P3,Wikipedia: 대한민국의 인터넷 신조어 목록,"dictionary-style only, no nuance/example yet; korean accuracy not yet human-verified (separate axis from content strategy fit)"
keodam-01,,커담,ko,neologism,커담,P3,"MEANING (inferred from content structure, not real search data)",,,커담,"Short for ""coffee and cigarettes.""",4,2,2,2,4,2,2,AUTO_CLASSIFIED,P3,Wikipedia: 대한민국의 인터넷 신조어 목록,"dictionary-style only, no nuance/example yet; korean accuracy not yet human-verified (separate axis from content strategy fit)"
kechyapgobaek-01,,케찹고백,ko,neologism,케찹고백,P3,"MEANING (inferred from content structure, not real search data)",,,케찹고백,"A ""ketchup confession"" — an offhand admission of something minor, said almost in passing.",4,2,2,2,4,2,2,AUTO_CLASSIFIED,P3,Wikipedia: 대한민국의 인터넷 신조어 목록,"dictionary-style only, no nuance/example yet; korean accuracy not yet human-verified (separate axis from content strategy fit)"
koreongtang-01,,코렁탕,ko,neologism,코렁탕,P3,"MEANING (inferred from content structure, not real search data)",,,코렁탕,"A crude, invented term for a fictional torture method involving force-feeding soup through the nose.",4,2,2,2,4,2,2,AUTO_CLASSIFIED,P3,Wikipedia: 대한민국의 인터넷 신조어 목록,"dictionary-style only, no nuance/example yet; korean accuracy not yet human-verified (separate axis from content strategy fit)"
kongnain-01,,콩라인,ko,neologism,콩라인,P3,"MEANING (inferred from content structure, not real search data)",,,콩라인,"""Bean line"" — a jokey label for someone who's perpetually the runner-up, never first place.",4,2,2,2,4,2,2,AUTO_CLASSIFIED,P3,Wikipedia: 대한민국의 인터넷 신조어 목록,"dictionary-style only, no nuance/example yet; korean accuracy not yet human-verified (separate axis from content strategy fit)"
kukurupppong-01,,쿠쿠루삥뽕,ko,neologism,쿠쿠루삥뽕,P3,"MEANING (inferred from content structure, not real search data)",,,쿠쿠루삥뽕,"A nonsense phrase that originated from a Twitch donation message, used as a joke.",4,2,2,2,4,2,2,AUTO_CLASSIFIED,P3,Wikipedia: 대한민국의 인터넷 신조어 목록,"dictionary-style only, no nuance/example yet; korean accuracy not yet human-verified (separate axis from content strategy fit)"
king-01,,킹,ko,neologism,킹,P3,"MEANING (inferred from content structure, not real search data)",,,킹,"Used as an intensifier, similar to ""king-sized"" or ""royally.""",4,2,2,2,4,2,2,AUTO_CLASSIFIED,P3,Wikipedia: 대한민국의 인터넷 신조어 목록,"dictionary-style only, no nuance/example yet; korean accuracy not yet human-verified (separate axis from content strategy fit)"
kingwangjjang-01,,킹왕짱,ko,neologism,킹왕짱,P3,"MEANING (inferred from content structure, not real search data)",,,킹왕짱,"""The best of the best"" — an exaggerated superlative.",4,2,2,2,4,2,2,AUTO_CLASSIFIED,P3,Wikipedia: 대한민국의 인터넷 신조어 목록,"dictionary-style only, no nuance/example yet; korean accuracy not yet human-verified (separate axis from content strategy fit)"
tangjinjaem-01,,탕진잼,ko,neologism,탕진잼,P3,"MEANING (inferred from content structure, not real search data)",,,탕진잼,"A blend of ""blowing your money"" and ""fun"" — the small thrill of splurging.",4,2,2,2,4,2,2,AUTO_CLASSIFIED,P3,Wikipedia: 대한민국의 인터넷 신조어 목록,"dictionary-style only, no nuance/example yet; korean accuracy not yet human-verified (separate axis from content strategy fit)"
teongjang-01,,텅장,ko,neologism,텅장,P3,"MEANING (inferred from content structure, not real search data)",,,텅장,"Short for ""an empty bank account"" — being broke right after payday.",4,2,2,2,4,2,2,AUTO_CLASSIFIED,P3,Wikipedia: 대한민국의 인터넷 신조어 목록,"dictionary-style only, no nuance/example yet; korean accuracy not yet human-verified (separate axis from content strategy fit)"
tekeuteuri-01,,테크트리,ko,neologism,테크트리,P3,"MEANING (inferred from content structure, not real search data)",,,테크트리,"""Tech tree"" — the sequence, steps, or plan for accomplishing something (from strategy games).",4,2,2,2,4,2,2,AUTO_CLASSIFIED,P3,Wikipedia: 대한민국의 인터넷 신조어 목록,"dictionary-style only, no nuance/example yet; korean accuracy not yet human-verified (separate axis from content strategy fit)"
twida-01,,튀다,ko,neologism,튀다,P3,"MEANING (inferred from content structure, not real search data)",,,튀다,To flee/run away from a situation.,4,2,2,2,4,2,2,AUTO_CLASSIFIED,P3,Wikipedia: 대한민국의 인터넷 신조어 목록,"dictionary-style only, no nuance/example yet; korean accuracy not yet human-verified (separate axis from content strategy fit)"
teulttakteulttakchung-01,,틀딱/틀딱충,ko,neologism,틀딱/틀딱충,P3,"MEANING (inferred from content structure, not real search data)",,,틀딱/틀딱충,A derogatory term mocking elderly people (referencing the clacking sound of dentures).,5,4,4,4,4,4,4,NEEDS_REVIEW,P2,Wikipedia: 대한민국의 인터넷 신조어 목록,"SENSITIVE/DEROGATORY TERM - needs_native_review + editorial judgment call before any content use, do not rush to production regardless of score below; korean accuracy not yet human-verified (separate axis from content strategy fit)"
ppongppongnam-01,,퐁퐁남,ko,neologism,퐁퐁남,P3,"MEANING (inferred from content structure, not real search data)",,,퐁퐁남,A term for a man caught in an exploitative relationship with a manipulative partner who takes advantage of him.,5,4,4,4,4,4,4,AUTO_CLASSIFIED,P1,Wikipedia: 대한민국의 인터넷 신조어 목록,korean accuracy not yet human-verified (separate axis from content strategy fit)
hannamhannamchung-01,,한남/한남충,ko,neologism,한남/한남충,P3,"MEANING (inferred from content structure, not real search data)",,,한남/한남충,"A derogatory term for Korean men, mocking perceived toxic-masculine behavior.",5,4,4,4,4,4,4,NEEDS_REVIEW,P2,Wikipedia: 대한민국의 인터넷 신조어 목록,"SENSITIVE/DEROGATORY TERM - needs_native_review + editorial judgment call before any content use, do not rush to production regardless of score below; korean accuracy not yet human-verified (separate axis from content strategy fit)"
haewoejikgu-01,,해외직구,ko,neologism,해외직구,P3,"MEANING (inferred from content structure, not real search data)",,,해외직구,Buying goods directly from overseas retailers via the internet.,4,2,2,2,4,2,2,AUTO_CLASSIFIED,P3,Wikipedia: 대한민국의 인터넷 신조어 목록,"dictionary-style only, no nuance/example yet; korean accuracy not yet human-verified (separate axis from content strategy fit)"
haek-prefix-01,,핵-,ko,neologism,핵-,P3,"MEANING (inferred from content structure, not real search data)",,,핵-,"An intensifying prefix (""nuclear-"") meaning something is extremely strong/high-degree.",4,2,2,2,4,2,2,AUTO_CLASSIFIED,P3,Wikipedia: 대한민국의 인터넷 신조어 목록,"dictionary-style only, no nuance/example yet; korean accuracy not yet human-verified (separate axis from content strategy fit)"
hyeonpi-01,,현피,ko,neologism,현피,P3,"MEANING (inferred from content structure, not real search data)",,,현피,"Short for ""real-life PvP"" — people who fought online meeting up to physically fight in person.",4,2,2,2,4,2,2,AUTO_CLASSIFIED,P3,Wikipedia: 대한민국의 인터넷 신조어 목록,"dictionary-style only, no nuance/example yet; korean accuracy not yet human-verified (separate axis from content strategy fit)"
hyeoljungmarangongdo-01,,혈중 마라 농도,ko,neologism,혈중 마라 농도,P3,"MEANING (inferred from content structure, not real search data)",,,혈중 마라 농도,"""Blood mala concentration"" — a joking way of describing how often someone has recently eaten mala (Sichuan spicy) food.",4,2,2,2,4,2,2,AUTO_CLASSIFIED,P3,Wikipedia: 대한민국의 인터넷 신조어 목록,"dictionary-style only, no nuance/example yet; korean accuracy not yet human-verified (separate axis from content strategy fit)"
hongdaebyeong-01,,홍대병,ko,neologism,홍대병,P3,"MEANING (inferred from content structure, not real search data)",,,홍대병,"""Hongdae disease"" — mocking people who perform an edgy, artsy ""hipster"" persona associated with Seoul's Hongdae district.",4,2,2,2,4,2,2,AUTO_CLASSIFIED,P3,Wikipedia: 대한민국의 인터넷 신조어 목록,"dictionary-style only, no nuance/example yet; korean accuracy not yet human-verified (separate axis from content strategy fit)"
heuksujeo-01,,흙수저,ko,neologism,흙수저,P3,"MEANING (inferred from content structure, not real search data)",,,흙수저,"""Dirt spoon"" — someone born into a family without the means to support them financially (opposite of a ""golden spoon"").",4,2,2,2,4,2,2,AUTO_CLASSIFIED,P3,Wikipedia: 대한민국의 인터넷 신조어 목록,"dictionary-style only, no nuance/example yet; korean accuracy not yet human-verified (separate axis from content strategy fit)"
heumjolmu-01,,흠좀무,ko,neologism,흠좀무,P3,"MEANING (inferred from content structure, not real search data)",,,흠좀무,An exclamation of disbelief used for a story that seems too incredible to be true.,4,2,2,2,4,2,2,AUTO_CLASSIFIED,P3,Wikipedia: 대한민국의 인터넷 신조어 목록,"dictionary-style only, no nuance/example yet; korean accuracy not yet human-verified (separate axis from content strategy fit)"
ildo-01,,1도,ko,neologism,1도,P3,"MEANING (inferred from content structure, not real search data)",,,1도,"""Not one bit"" — an emphatic ""not at all,"" playing on ""1도 없다"" (not even a single degree).",4,2,2,2,4,2,2,AUTO_CLASSIFIED,P3,Wikipedia: 대한민국의 인터넷 신조어 목록,"dictionary-style only, no nuance/example yet; korean accuracy not yet human-verified (separate axis from content strategy fit)"
ubd-01,,UBD,ko,neologism,UBD,P3,"MEANING (inferred from content structure, not real search data)",,,UBD,"A unit used to count a specific group of roughly 170,000 people (context-specific fandom usage).",5,4,4,4,4,4,4,AUTO_CLASSIFIED,P1,Wikipedia: 대한민국의 인터넷 신조어 목록,korean accuracy not yet human-verified (separate axis from content strategy fit)
gallachigi-01,,갈라치기,ko,neologism,갈라치기,P3,"MEANING (inferred from content structure, not real search data)",,,갈라치기,"Using standard vocabulary (""dividing"") to specifically mean deliberately splitting a group to weaken their solidarity.",4,2,2,2,4,2,2,AUTO_CLASSIFIED,P3,Wikipedia: 대한민국의 인터넷 신조어 목록,"dictionary-style only, no nuance/example yet; korean accuracy not yet human-verified (separate axis from content strategy fit)"
goguma-02,,고구마,ko,neologism,고구마,P3,"MEANING (inferred from content structure, not real search data)",,,고구마,"Using the everyday word for ""sweet potato"" to mean a stifling, frustrating situation (the opposite of a refreshing ""cider"" moment).",4,2,2,2,4,2,2,AUTO_CLASSIFIED,P3,Wikipedia: 대한민국의 인터넷 신조어 목록,"dictionary-style only, no nuance/example yet; korean accuracy not yet human-verified (separate axis from content strategy fit)"
beongae-01,,번개,ko,neologism,번개,P3,"MEANING (inferred from content structure, not real search data)",,,번개,"Using the word for ""lightning"" to mean an impromptu meetup arranged spontaneously after chatting online.",4,2,2,2,4,2,2,AUTO_CLASSIFIED,P3,Wikipedia: 대한민국의 인터넷 신조어 목록,"dictionary-style only, no nuance/example yet; korean accuracy not yet human-verified (separate axis from content strategy fit)"
bimilbeonho-01,,비밀번호,ko,neologism,비밀번호,P3,"MEANING (inferred from content structure, not real search data)",,,비밀번호,"Using the word for ""password"" to mean a sports team's long losing/rebuilding slump.",4,2,2,2,4,2,2,AUTO_CLASSIFIED,P3,Wikipedia: 대한민국의 인터넷 신조어 목록,"dictionary-style only, no nuance/example yet; korean accuracy not yet human-verified (separate axis from content strategy fit)"
saida-01,,사이다,ko,neologism,사이다,P3,"MEANING (inferred from content structure, not real search data)",,,사이다,"Using the word for the soft drink ""cider"" to mean a satisfying, cathartic turn of events (the opposite of frustrating ""고구마"").",4,2,2,2,4,2,2,AUTO_CLASSIFIED,P3,Wikipedia: 대한민국의 인터넷 신조어 목록,"dictionary-style only, no nuance/example yet; korean accuracy not yet human-verified (separate axis from content strategy fit)"
wanjeon-01,,완전,ko,neologism,완전,P3,"MEANING (inferred from content structure, not real search data)",,,완전,"Using the word ""complete/total"" as a casual intensifier meaning ""very/super.""",4,2,2,2,4,2,2,AUTO_CLASSIFIED,P3,Wikipedia: 대한민국의 인터넷 신조어 목록,"dictionary-style only, no nuance/example yet; korean accuracy not yet human-verified (separate axis from content strategy fit)"
injeung-01,,인증,ko,neologism,인증,P3,"MEANING (inferred from content structure, not real search data)",,,인증,"Using the formal word for ""verification/certification"" to mean posting proof of something personal online.",4,2,2,2,4,2,2,AUTO_CLASSIFIED,P3,Wikipedia: 대한민국의 인터넷 신조어 목록,"dictionary-style only, no nuance/example yet; korean accuracy not yet human-verified (separate axis from content strategy fit)"
kadeukaepteo-01,,카드캡터,ko,neologism,카드캡터,P3,"MEANING (inferred from content structure, not real search data)",,,카드캡터,"Punning on the anime ""Cardcaptor"" to mean a soccer player who frequently collects yellow/red cards.",4,2,2,2,4,2,2,AUTO_CLASSIFIED,P3,Wikipedia: 대한민국의 인터넷 신조어 목록,"dictionary-style only, no nuance/example yet; korean accuracy not yet human-verified (separate axis from content strategy fit)"
gamdasal-01,,감다살,ko,neologism,감다살,P3,"MEANING (inferred from content structure, not real search data)",,,감다살,"Short for ""the sense/vibe is totally alive"" — said when someone has really good taste or instincts.",4,2,2,2,4,2,2,AUTO_CLASSIFIED,P3,아시아투데이/네이트뉴스: [카드뉴스] 2026 상반기 신조어 총정리,"dictionary-style only, no nuance/example yet; korean accuracy not yet human-verified (separate axis from content strategy fit)"
gamdadwi-01,,감다뒤,ko,neologism,감다뒤,P3,"MEANING (inferred from content structure, not real search data)",,,감다뒤,"Short for ""the sense/vibe totally died"" — said when someone has no taste or poor instincts (the opposite of 감다살).",4,2,2,2,4,2,2,AUTO_CLASSIFIED,P3,아시아투데이/네이트뉴스: [카드뉴스] 2026 상반기 신조어 총정리,"dictionary-style only, no nuance/example yet; korean accuracy not yet human-verified (separate axis from content strategy fit)"
gidaekeon-01,,기대컨,ko,neologism,기대컨,P3,"MEANING (inferred from content structure, not real search data)",,,기대컨,"Short for ""expectation control"" — deliberately lowering your expectations in advance to soften potential disappointment.",4,2,2,2,4,2,2,AUTO_CLASSIFIED,P3,아시아투데이/네이트뉴스: [카드뉴스] 2026 상반기 신조어 총정리,"dictionary-style only, no nuance/example yet; korean accuracy not yet human-verified (separate axis from content strategy fit)"
donggyeolgeonjo-01,,동결건조,ko,neologism,동결건조,P3,"MEANING (inferred from content structure, not real search data)",,,동결건조,"Literally ""freeze-dried"" — used to mean wanting to freeze a moment and keep it forever, unchanged.",4,2,2,2,4,2,2,AUTO_CLASSIFIED,P3,아시아투데이/네이트뉴스: [카드뉴스] 2026 상반기 신조어 총정리,"dictionary-style only, no nuance/example yet; korean accuracy not yet human-verified (separate axis from content strategy fit)"
syagal-01,,샤갈,ko,neologism,샤갈,P3,"MEANING (inferred from content structure, not real search data)",,,샤갈,"A softened, non-vulgar exclamation used in place of actual profanity.",4,2,2,2,4,2,2,AUTO_CLASSIFIED,P3,아시아투데이/네이트뉴스: [카드뉴스] 2026 상반기 신조어 총정리,"dictionary-style only, no nuance/example yet; korean accuracy not yet human-verified (separate axis from content strategy fit)"
ajaseu-01,,아자스,ko,neologism,아자스,P3,"MEANING (inferred from content structure, not real search data)",,,아자스,"Short for the Japanese ""arigatou gozaimasu"" (thank you very much).",4,2,2,2,4,2,2,AUTO_CLASSIFIED,P3,아시아투데이/네이트뉴스: [카드뉴스] 2026 상반기 신조어 총정리,"dictionary-style only, no nuance/example yet; korean accuracy not yet human-verified (separate axis from content strategy fit)"
mengomengo-01,,멘고멘고,ko,neologism,멘고멘고,P3,"MEANING (inferred from content structure, not real search data)",,,멘고멘고,"Derived from the Japanese ""gomen"" (sorry) — a cutesy way of apologizing.",4,2,2,2,4,2,2,AUTO_CLASSIFIED,P3,아시아투데이/네이트뉴스: [카드뉴스] 2026 상반기 신조어 총정리,"dictionary-style only, no nuance/example yet; korean accuracy not yet human-verified (separate axis from content strategy fit)"
yaho-suffix-01,,~야호,ko,neologism,~야호,P3,"MEANING (inferred from content structure, not real search data)",,,~야호,"A casual greeting tacked onto words, popularized by ""gyaru"" fashion/culture.",4,2,2,2,4,2,2,AUTO_CLASSIFIED,P3,아시아투데이/네이트뉴스: [카드뉴스] 2026 상반기 신조어 총정리,"dictionary-style only, no nuance/example yet; korean accuracy not yet human-verified (separate axis from content strategy fit)"
yareu-01,,야르,ko,neologism,야르,P3,"MEANING (inferred from content structure, not real search data)",,,야르,An exclamation of excitement/happiness.,4,2,2,2,4,2,2,AUTO_CLASSIFIED,P3,아시아투데이/네이트뉴스: [카드뉴스] 2026 상반기 신조어 총정리,"dictionary-style only, no nuance/example yet; korean accuracy not yet human-verified (separate axis from content strategy fit)"
kkyareu-01,,꺄르,ko,neologism,꺄르,P3,"MEANING (inferred from content structure, not real search data)",,,꺄르,"An exclamation of excitement, blending ""꺅"" (a squeal) with ""야르.""",4,2,2,2,4,2,2,AUTO_CLASSIFIED,P3,아시아투데이/네이트뉴스: [카드뉴스] 2026 상반기 신조어 총정리,"dictionary-style only, no nuance/example yet; korean accuracy not yet human-verified (separate axis from content strategy fit)"
hallelyaru-01,,할렐야루,ko,neologism,할렐야루,P3,"MEANING (inferred from content structure, not real search data)",,,할렐야루,"An even more intense version of ""야르""/""꺄르,"" blending ""할렐루야"" (hallelujah) with ""야르.""",4,2,2,2,4,2,2,AUTO_CLASSIFIED,P3,아시아투데이/네이트뉴스: [카드뉴스] 2026 상반기 신조어 총정리,"dictionary-style only, no nuance/example yet; korean accuracy not yet human-verified (separate axis from content strategy fit)"
gaseumegukbapssotem-01,,가슴에 국밥 쏟음,ko,neologism,가슴에 국밥 쏟음,P3,"MEANING (inferred from content structure, not real search data)",,,가슴에 국밥 쏟음,"""Spilled gukbap on my chest"" — describes feeling a sudden rush of warmth from something heartwarming or touching.",4,2,2,2,4,2,2,AUTO_CLASSIFIED,P3,아시아투데이/네이트뉴스: [카드뉴스] 2026 상반기 신조어 총정리,"dictionary-style only, no nuance/example yet; korean accuracy not yet human-verified (separate axis from content strategy fit)"
bamti-01,,밤티,ko,neologism,밤티,P3,"MEANING (inferred from content structure, not real search data)",,,밤티,"Describes something unappealing, unfashionable, or unattractive.",4,2,2,2,4,2,2,AUTO_CLASSIFIED,P3,아시아투데이/네이트뉴스: [카드뉴스] 2026 상반기 신조어 총정리,"dictionary-style only, no nuance/example yet; korean accuracy not yet human-verified (separate axis from content strategy fit)"
deureongseun-01,,드렁슨,ko,neologism,드렁슨,P3,"MEANING (inferred from content structure, not real search data)",,,드렁슨,"A playful term for a snoring sound, adding ""슨"" to the onomatopoeia.",4,2,2,2,4,2,2,AUTO_CLASSIFIED,P3,아시아투데이/네이트뉴스: [카드뉴스] 2026 상반기 신조어 총정리,"dictionary-style only, no nuance/example yet; korean accuracy not yet human-verified (separate axis from content strategy fit)"
jinjiseukan-01,,진지스칸,ko,neologism,진지스칸,P3,"MEANING (inferred from content structure, not real search data)",,,진지스칸,Someone who stays overly serious even when everyone else is keeping things light.,4,2,2,2,4,2,2,AUTO_CLASSIFIED,P3,아시아투데이/네이트뉴스: [카드뉴스] 2026 상반기 신조어 총정리,"dictionary-style only, no nuance/example yet; korean accuracy not yet human-verified (separate axis from content strategy fit)"
hanjigamdoanom-01,,~한지 감도 안 옴,ko,neologism,~한지 감도 안 옴,P3,"MEANING (inferred from content structure, not real search data)",,,~한지 감도 안 옴,Added after a verb to emphasize just how much/intensely that action applies.,4,2,2,2,4,2,2,AUTO_CLASSIFIED,P3,아시아투데이/네이트뉴스: [카드뉴스] 2026 상반기 신조어 총정리,"dictionary-style only, no nuance/example yet; korean accuracy not yet human-verified (separate axis from content strategy fit)"
yeongkeukeu-01,,영크크,ko,neologism,영크크,P3,"MEANING (inferred from content structure, not real search data)",,,영크크,"Short for ""Young Creator Crew"" — describes a young, trendy, of-the-moment sensibility.",4,2,2,2,4,2,2,AUTO_CLASSIFIED,P3,아시아투데이/네이트뉴스: [카드뉴스] 2026 상반기 신조어 총정리,"dictionary-style only, no nuance/example yet; korean accuracy not yet human-verified (separate axis from content strategy fit)"
neukkeukeu-01,,늙크크,ko,neologism,늙크크,P3,"MEANING (inferred from content structure, not real search data)",,,늙크크,"The opposite of ""영크크"" — an old-fashioned, outdated sensibility (""영포티"" energy).",4,2,2,2,4,2,2,AUTO_CLASSIFIED,P3,아시아투데이/네이트뉴스: [카드뉴스] 2026 상반기 신조어 총정리,"dictionary-style only, no nuance/example yet; korean accuracy not yet human-verified (separate axis from content strategy fit)"
tonmangjinchang-01,,톤망진창,ko,neologism,톤망진창,P3,"MEANING (inferred from content structure, not real search data)",,,톤망진창,Describes makeup or an outfit whose color tones clash badly and don't suit the person.,4,2,2,2,4,2,2,AUTO_CLASSIFIED,P3,아시아투데이/네이트뉴스: [카드뉴스] 2026 상반기 신조어 총정리,"dictionary-style only, no nuance/example yet; korean accuracy not yet human-verified (separate axis from content strategy fit)"
jumeokjaro-01,,주먹자로,ko,neologism,주먹자로,P3,"MEANING (inferred from content structure, not real search data)",,,주먹자로,"A joking ""diet"" of punching your own stomach because you can't afford the weight-loss drug Mounjaro (마운자로).",4,2,2,2,4,2,2,AUTO_CLASSIFIED,P3,아시아투데이/네이트뉴스: [카드뉴스] 2026 상반기 신조어 총정리,"dictionary-style only, no nuance/example yet; korean accuracy not yet human-verified (separate axis from content strategy fit)"
jemmini-01,,젬민이,ko,neologism,젬민이,P3,"MEANING (inferred from content structure, not real search data)",,,젬민이,Someone who relies on the AI Gemini for absolutely everything.,4,2,2,2,4,2,2,AUTO_CLASSIFIED,P3,아시아투데이/네이트뉴스: [카드뉴스] 2026 상반기 신조어 총정리,"dictionary-style only, no nuance/example yet; korean accuracy not yet human-verified (separate axis from content strategy fit)"
menhera-01,,멘헤라,ko,neologism,멘헤라,P3,"MEANING (inferred from content structure, not real search data)",,,멘헤라,"Someone with intense emotional neediness and possessiveness in relationships (from Japanese ""menhera,"" mental-health-related slang).",4,2,2,2,4,2,2,AUTO_CLASSIFIED,P3,아시아투데이/네이트뉴스: [카드뉴스] 2026 상반기 신조어 총정리,"dictionary-style only, no nuance/example yet; korean accuracy not yet human-verified (separate axis from content strategy fit)"
temuinnagan-01,,테무인간,ko,neologism,테무인간,P3,"MEANING (inferred from content structure, not real search data)",,,테무인간,"""A Temu person"" — someone who looks fine on the surface but is cheaply/poorly made underneath, referencing the discount shopping app Temu.",4,2,2,2,4,2,2,AUTO_CLASSIFIED,P3,아시아투데이/네이트뉴스: [카드뉴스] 2026 상반기 신조어 총정리,"dictionary-style only, no nuance/example yet; korean accuracy not yet human-verified (separate axis from content strategy fit)"
gikanobo-01,,기카노보,ko,neologism,기카노보,P3,"MEANING (inferred from content structure, not real search data)",,,기카노보,"Short for ""basic camera, no retouching"" — meaning a completely unedited, original photo.",4,2,2,2,4,2,2,AUTO_CLASSIFIED,P3,아시아투데이/네이트뉴스: [카드뉴스] 2026 상반기 신조어 총정리,"dictionary-style only, no nuance/example yet; korean accuracy not yet human-verified (separate axis from content strategy fit)"
alppano-01,,알빠노,ko,neologism,알빠노,P3,"MEANING (inferred from content structure, not real search data)",,,알빠노,"Short for ""내 알 바 아님"" — ""not my problem / none of my business.""",5,4,4,4,4,4,4,AUTO_CLASSIFIED,P1,Reddit r/Korean community discussion,korean accuracy not yet human-verified (separate axis from content strategy fit)
bulso-01,,불소,ko,neologism,불소,P3,"MEANING (inferred from content structure, not real search data)",,,불소,"Short for ""불타는 소통"" (""burning communication"") — used mainly by elementary-school-age kids to mean wanting to actively chat/interact and become close friends online.",5,4,4,4,4,4,4,AUTO_CLASSIFIED,P1,Reddit r/Korean community discussion,korean accuracy not yet human-verified (separate axis from content strategy fit)
geunjagam-01,,근자감,ko,neologism,근자감,P3,"MEANING (inferred from content structure, not real search data)",,,근자감,"Short for ""groundless confidence"" — being confident about something with no real basis for it.",4,2,2,2,4,2,2,AUTO_CLASSIFIED,P3,Reddit r/Korean community discussion,"dictionary-style only, no nuance/example yet; korean accuracy not yet human-verified (separate axis from content strategy fit)"
kkadonam-01,,까도남,ko,neologism,까도남,P3,"MEANING (inferred from content structure, not real search data)",,,까도남,"A blend meaning ""a prickly, aloof, city-polished guy"" — a cool, slightly cold urban-type man.",4,2,2,2,4,2,2,AUTO_CLASSIFIED,P3,Reddit r/Korean community discussion,"dictionary-style only, no nuance/example yet; korean accuracy not yet human-verified (separate axis from content strategy fit)"
kaelbak-01,,캘박,ko,neologism,캘박,P3,"MEANING (inferred from content structure, not real search data)",,,캘박,"Short for ""calendar taxidermy (캘린더 박제)"" — pinning an appointment onto your calendar so firmly that the date won't be changed no matter what.",4,2,2,2,4,2,2,AUTO_CLASSIFIED,P3,Reddit r/Korean community discussion,"dictionary-style only, no nuance/example yet; korean accuracy not yet human-verified (separate axis from content strategy fit)"
sem-suffix-01,,-셈,ko,neologism,-셈,P3,"MEANING (inferred from content structure, not real search data)",,,-셈,"A blunt, casual internet-speak imperative ending (from a shortened ""-세요"") — e.g. ""가셈"" (go), ""하셈"" (do it), ""자셈"" (go to sleep). Reads as half-polite, half-rude, and has an old-school gamer/messageboard feel by now.",5,4,4,4,4,4,4,AUTO_CLASSIFIED,P1,Reddit r/Korean community discussion,korean accuracy not yet human-verified (separate axis from content strategy fit)
bihaenggitaeuda-01,,비행기 태우다,ko,idiom,비행기 태우다,P1,"MEANING (inferred from content structure, not real search data)",,,비행기 태우다,"""To put someone on a plane"" — to flatter or hype someone up excessively, buttering them up with over-the-top praise.",3,2,2,2,2,2,2,AUTO_CLASSIFIED,P3,Reddit r/Korean community discussion,"dictionary-style only, no nuance/example yet; korean accuracy not yet human-verified (separate axis from content strategy fit)"
eogiyadiya-01,,어기야디야,ko,idiom,어기야디야,P1,"MEANING (inferred from content structure, not real search data)",,,어기야디야,"A traditional Korean work-song chant/exclamation, used in folk songs (especially boatmen's and labor songs) to keep rhythm and build camaraderie during hard physical work — roughly equivalent to ""heave-ho.""",4,4,4,4,2,4,4,AUTO_CLASSIFIED,P2,Reddit r/Korean community discussion,korean accuracy not yet human-verified (separate axis from content strategy fit)
ttaemchyon-01,,땜쵼,ko,neologism,땜쵼,P3,"MEANING (inferred from content structure, not real search data)",,,땜쵼,"A cutesy, baby-talk (aegyo) distortion of ""삼촌"" (uncle) — 삼촌 → 땜쵼.",5,4,4,4,4,4,4,AUTO_CLASSIFIED,P1,Reddit r/Korean community discussion,korean accuracy not yet human-verified (separate axis from content strategy fit)
oppa-01,,오빠,ko,nuance,오빠,P2,"NUANCE (inferred from content structure, not real search data)",,,오빠,"What a younger woman calls an older man she feels close to — could be her actual older brother, a close guy friend, a boyfriend, or a favorite male celebrity. The word itself doesn't imply romance; it signals familiarity and the relationship between speakers.",5,5,5,5,4,5,5,AUTO_CLASSIFIED,P1,Piece of K-ode (Curios&co.),korean accuracy not yet human-verified (separate axis from content strategy fit)
sunbaehubae-01,,선배/후배,ko,nuance,선배/후배,P2,"NUANCE (inferred from content structure, not real search data)",,,선배/후배,"""Senior/junior"" — a 선배 came before you at the same school, workplace, team, or organization; a 후배 came after. It's more than a timeline: the label carries expectations of respect, guidance, and looking out for each other.",5,5,5,5,4,5,5,AUTO_CLASSIFIED,P1,Piece of K-ode (Curios&co.),korean accuracy not yet human-verified (separate axis from content strategy fit)
ssiireumya-01,,씨/이름/야,ko,nuance,씨/이름/야,P2,"NUANCE (inferred from content structure, not real search data)",,,씨/이름/야,"How you address someone's name signals distance. ""민수 씨"" keeps things polite; ""민수야"" feels familiar and personal; bare ""민수"" can feel intimate, blunt, or confrontational; and ""야"" drops the distance almost entirely — friendly among close friends, potentially rude from the wrong person.",5,5,5,5,4,5,5,AUTO_CLASSIFIED,P1,Piece of K-ode (Curios&co.),korean accuracy not yet human-verified (separate axis from content strategy fit)
jondaenmalbanmal-01,,존댓말 vs. 반말,ko,nuance,존댓말 vs. 반말,P2,"NUANCE (inferred from content structure, not real search data)",,,존댓말 vs. 반말,Formal Korean (존댓말) and casual Korean (반말) can express exactly the same idea but don't sound the same — the choice reflects politeness and the relationship between speakers.,5,5,5,5,4,5,5,AUTO_CLASSIFIED,P1,Piece of K-ode (Curios&co.),korean accuracy not yet human-verified (separate axis from content strategy fit)
yayaayaneo-01,,야!/야아~/야! 너!,ko,nuance,야!/야아~/야! 너!,P2,"NUANCE (inferred from content structure, not real search data)",,,야!/야아~/야! 너!,"The default, rank-less way to call out to someone your own age or younger. Short and sharp ""야!"" is a genuine call-out or warning. Drawn out into ""야아~,"" it softens into a whiny, wheedling favor-asking tone. Stacked as ""야! 너!"" it escalates into a furious, pointed confrontation.",5,5,5,5,4,5,5,AUTO_CLASSIFIED,P1,Piece of K-ode (Curios&co.),korean accuracy not yet human-verified (separate axis from content strategy fit)
ajusshiajumma-01,,아저씨/아줌마,ko,nuance,아저씨/아줌마,P2,"NUANCE (inferred from content structure, not real search data)",,,아저씨/아줌마,"Can be a neutral way to flag down a stranger — or a rude one implying ""you look old."" Which one it is depends entirely on tone and context.",5,5,5,5,4,5,5,AUTO_CLASSIFIED,P1,Piece of K-ode (Curios&co.),korean accuracy not yet human-verified (separate axis from content strategy fit)
jondaenmalbanmalmix-01,,존댓말 +반말,ko,nuance,존댓말 +반말,P2,"NUANCE (inferred from content structure, not real search data)",,,존댓말 +반말,"Polite and casual speech aren't always all-or-nothing — a speaker can keep -요 for politeness while slipping into casual speech for a joke, complaint, or emotional moment.",5,5,5,5,4,5,5,AUTO_CLASSIFIED,P1,Piece of K-ode (Curios&co.),korean accuracy not yet human-verified (separate axis from content strategy fit)
ilkssipanilkssip-01,,읽씹/안읽씹,ko,nuance,읽씹/안읽씹,P2,"NUANCE (inferred from content structure, not real search data)",,,읽씹/안읽씹,"Built from 읽다 (""to read"") + 씹다 (slang ""to blow off/ignore"") — reading a message and pointedly not replying, a small passive-aggressive power move. 안읽씹, leaving a message unread on purpose, is its colder cousin: the other person doesn't even get the satisfaction of a ""read"" marker.",5,5,5,5,4,5,5,AUTO_CLASSIFIED,P1,Piece of K-ode (Curios&co.),korean accuracy not yet human-verified (separate axis from content strategy fit)
yovsda-01,,-요 vs.-다,ko,nuance,-요 vs.-다,P2,"NUANCE (inferred from content structure, not real search data)",,,-요 vs.-다,"The ending of a Korean sentence shapes its tone. Sentences ending in -요 feel polite and conversational. Sentences ending in -다 can sound either formal/authoritative (news, narration, announcements) or blunt/casual banmal between close friends — context decides which.",5,5,5,5,4,5,5,AUTO_CLASSIFIED,P1,Piece of K-ode (Curios&co.),korean accuracy not yet human-verified (separate axis from content strategy fit)
timjangnim-01,,팀장님,ko,nuance,팀장님,P2,"NUANCE (inferred from content structure, not real search data)",,,팀장님,"In Korean workplaces, people address each other by job title, not first name. Saying ""팀장님"" (Team Lead) or ""사장님"" (CEO) isn't unusually formal — it's simply the normal, polite way to speak, and the title also signals where someone fits in the hierarchy.",5,4,4,4,4,4,4,AUTO_CLASSIFIED,P1,Piece of K-ode (Curios&co.),korean accuracy not yet human-verified (separate axis from content strategy fit)
neodangsineopsi-01,,너/당신 없이 말하기,ko,nuance,너/당신 없이 말하기,P2,"NUANCE (inferred from content structure, not real search data)",,,너/당신 없이 말하기,"Korean often drops ""you"" once the listener is clear from context. Saying 너 or 당신 directly can sound too blunt, confrontational, or unnatural in many everyday situations — Koreans simply omit the pronoun, or use a title instead.",5,5,5,5,4,5,5,AUTO_CLASSIFIED,P1,Piece of K-ode (Curios&co.),korean accuracy not yet human-verified (separate axis from content strategy fit)
aigo-01,,아이고,ko,nuance,아이고,P2,"NUANCE (inferred from content structure, not real search data)",,,아이고,"One of Korean's most versatile interjections — it can express pain, sympathy, frustration, relief, or affectionate exasperation, all with the same word. The meaning comes less from the word itself than from how it's said.",5,3,3,3,4,3,3,AUTO_CLASSIFIED,P2,Piece of K-ode (Curios&co.),korean accuracy not yet human-verified (separate axis from content strategy fit)
heol-01,,헐,ko,nuance,헐,P2,"NUANCE (inferred from content structure, not real search data)",,,헐,"A quick reaction to surprise or disbelief. 헐! sounds genuinely shocked, 헐~ feels unimpressed or mildly sarcastic, and 허얼? expresses confused disbelief — especially common among younger speakers, much like ""OMG"" or ""no way"" in English.",5,5,5,5,4,5,5,AUTO_CLASSIFIED,P1,Piece of K-ode (Curios&co.),korean accuracy not yet human-verified (separate axis from content strategy fit)
kgaesu-01,,ㅋ 개수,ko,nuance,ㅋ 개수,P2,"NUANCE (inferred from content structure, not real search data)",,,ㅋ 개수,"In Korean texting, the number of ㅋ's tells you how hard someone is laughing — and sometimes whether they're laughing at all. A lone ㅋ can feel dry or sarcastic; ㅋㅋ is a light laugh; ㅋㅋㅋ is the most common casual laugh; a long string means genuinely laughing hard.",5,4,4,4,4,4,4,AUTO_CLASSIFIED,P1,Piece of K-ode (Curios&co.),korean accuracy not yet human-verified (separate axis from content strategy fit)
aniconversationstarter-01,,아니,ko,nuance,아니,P2,"NUANCE (inferred from content structure, not real search data)",,,아니,"One of the most common conversation starters in everyday Korean — used the way English speakers say ""well,"" ""actually,"" or ""I mean,"" not to disagree but to ease into what's coming next.",5,5,5,5,4,5,5,AUTO_CLASSIFIED,P1,Piece of K-ode (Curios&co.),korean accuracy not yet human-verified (separate axis from content strategy fit)
hhhsemicolon-01,,ㅎ/ㅎㅎ/;;,ko,nuance,ㅎ/ㅎㅎ/;;,P2,"NUANCE (inferred from content structure, not real search data)",,,ㅎ/ㅎㅎ/;;,"Tiny symbols that carry emotion rather than words: a single ㅎ can feel awkward, dry, or half-hearted; ㅎㅎ or ㅎㅎㅎ sounds warm and friendly; "";;"" isn't laughter at all — it signals awkwardness, disbelief, or not knowing what to say.",5,5,5,5,4,5,5,AUTO_CLASSIFIED,P1,Piece of K-ode (Curios&co.),korean accuracy not yet human-verified (separate axis from content strategy fit)
jeong-01,,정,ko,nuance,정,P2,"NUANCE (inferred from content structure, not real search data)",,,정,"The quiet attachment that grows simply from sharing time together — more than affection but not quite love, more than loyalty but not exactly friendship. It builds little by little until leaving someone or something feels unexpectedly difficult.",5,5,5,5,4,5,5,AUTO_CLASSIFIED,P1,Piece of K-ode (Curios&co.),korean accuracy not yet human-verified (separate axis from content strategy fit)
nunchi-01,,눈치,ko,nuance,눈치,P2,"NUANCE (inferred from content structure, not real search data)",,,눈치,"The ability to notice unspoken feelings, read the atmosphere, and adjust your behavior without anyone saying a word — not just knowing what's happening, but knowing what to do next.",5,5,5,5,4,5,5,AUTO_CLASSIFIED,P1,Piece of K-ode (Curios&co.),korean accuracy not yet human-verified (separate axis from content strategy fit)
nenepnenepnengnem-01,,네/넵/네넵/넹/넴,ko,nuance,네/넵/네넵/넹/넴,P2,"NUANCE (inferred from content structure, not real search data)",,,네/넵/네넵/넹/넴,"All five mean ""yes,"" but they don't sound the same. 네 is the safest, neutral choice almost anywhere; 넵! is crisp and upbeat, common when replying quickly to a boss or coworker; 네넵! sounds extra enthusiastic; 넹~/넴~ feel relaxed and a little cute, better suited to friends or close coworkers.",5,4,4,4,4,4,4,AUTO_CLASSIFIED,P1,Piece of K-ode (Curios&co.),korean accuracy not yet human-verified (separate axis from content strategy fit)
seounhada-01,,서운하다,ko,nuance,서운하다,P2,"NUANCE (inferred from content structure, not real search data)",,,서운하다,"The feeling you get when someone you care about doesn't meet a small expectation you had of them — not exactly angry or heartbroken, just quietly hurt because you expected a little more.",5,5,5,5,4,5,5,AUTO_CLASSIFIED,P1,Piece of K-ode (Curios&co.),korean accuracy not yet human-verified (separate axis from content strategy fit)
paiting-01,,파이팅,ko,nuance,파이팅,P2,"NUANCE (inferred from content structure, not real search data)",,,파이팅,"A uniquely Korean way to cheer someone on — depending on the situation it can mean ""you can do it!,"" ""you got this!,"" ""go for it!,"" or simply ""good luck!"" Variant spellings 화이팅 and the playful 홧팅 are also common.",5,5,5,5,4,5,5,AUTO_CLASSIFIED,P1,Piece of K-ode (Curios&co.),korean accuracy not yet human-verified (separate axis from content strategy fit)
jalhanda-01,,잘~한다,ko,nuance,잘~한다,P2,"NUANCE (inferred from content structure, not real search data)",,,잘~한다,"Said with a bright tone, 잘한다! is genuine praise (""well done!""). Stretched out sarcastically after a mistake — 잘~한다… — the exact same words flip to mean the opposite.",5,5,5,5,4,5,5,AUTO_CLASSIFIED,P1,Piece of K-ode (Curios&co.),korean accuracy not yet human-verified (separate axis from content strategy fit)
geurae-01,,그래~/그래?/그래…,ko,nuance,그래~/그래?/그래…,P2,"NUANCE (inferred from content structure, not real search data)",,,그래~/그래?/그래…,"The same word, three very different vibes: 그래~ with a soft, drawn-out tone sounds like ""okayyy... sure""; 그래? with a rising tone means ""really?""; and 그래… with a flat, trailing tone sounds resigned, disappointed, or simply low-energy.",5,3,3,3,4,3,3,AUTO_CLASSIFIED,P2,Piece of K-ode (Curios&co.),korean accuracy not yet human-verified (separate axis from content strategy fit)
dwaesseo-01,,됐어,ko,nuance,됐어,P2,"NUANCE (inferred from content structure, not real search data)",,,됐어,"Literally from 되다 (""to become/work/be okay""), but in everyday use it can mean ""it's okay,"" ""no thanks,"" ""never mind,"" ""forget it,"" or ""I'll do it myself"" — sometimes gentle, sometimes annoyed, and sometimes all you need to end a conversation.",5,5,5,5,4,5,5,AUTO_CLASSIFIED,P1,Piece of K-ode (Curios&co.),korean accuracy not yet human-verified (separate axis from content strategy fit)
aegyomaltu-01,,애교 말투(~용/~잉),ko,nuance,애교 말투(~용/~잉),P2,"NUANCE (inferred from content structure, not real search data)",,,애교 말투(~용/~잉),"Playful speech endings (~용, ~잉) used to sound extra sweet, silly, or affectionate. They aren't standard grammar — they're a way of styling speech, often paired with a cute voice, stretched vowels, and a rising pitch.",5,5,5,5,4,5,5,AUTO_CLASSIFIED,P1,Piece of K-ode (Curios&co.),korean accuracy not yet human-verified (separate axis from content strategy fit)
gae-prefix-02,,개-,ko,nuance,개-,P2,"NUANCE (inferred from content structure, not real search data)",,,개-,"A very casual slang intensifier that turns the volume way up on an adjective — ""freaking,"" ""insanely,"" or ""hella."" Powerful but blunt and informal; great with close friends, definitely not for a boss or formal situation.",5,3,3,3,4,3,3,AUTO_CLASSIFIED,P2,Piece of K-ode (Curios&co.),korean accuracy not yet human-verified (separate axis from content strategy fit)
aniya-humble-01,,아니야~,ko,nuance,아니야~,P2,"NUANCE (inferred from content structure, not real search data)",,,아니야~,"Korean compliments are often met with a little humility ritual — instead of simply saying ""thank you,"" someone might brush it off with ""아유, 아니야~"" or explain it away with ""운이 좋았어"" (I just got lucky).",5,5,5,5,4,5,5,AUTO_CLASSIFIED,P1,Piece of K-ode (Curios&co.),korean accuracy not yet human-verified (separate axis from content strategy fit)
jjeoreo-01,,쩔어,ko,nuance,쩔어,P2,"NUANCE (inferred from content structure, not real search data)",,,쩔어,"Casual slang for an intense reaction — depending on context it can mean ""freaking awesome,"" ""insane,"" ""sick,"" or even ""brutal."" Not a formal expression; the kind of word you'll hear among friends, online, or in K-pop and dramas.",5,5,5,5,4,5,5,AUTO_CLASSIFIED,P1,Piece of K-ode (Curios&co.),korean accuracy not yet human-verified (separate axis from content strategy fit)
babhanbeonmeokja-01,,밥 한번 먹자,ko,nuance,밥 한번 먹자,P2,"NUANCE (inferred from content structure, not real search data)",,,밥 한번 먹자,"Sometimes a real invitation to grab a meal together. But it can also just be a warm way to end a conversation — closer to ""we should catch up sometime"" — and you can't tell which just from the words.",5,5,5,5,4,5,5,AUTO_CLASSIFIED,P1,Piece of K-ode (Curios&co.),korean accuracy not yet human-verified (separate axis from content strategy fit)
hyung-01,,형/형님,ko,nuance,형/형님,P2,"NUANCE (inferred from content structure, not real search data)",,,형/형님,"How a man addresses an older man he's close to — an older brother, or an older male friend/senior he respects. 형님 is the more formal/respectful version, often heard in historical dramas or among gangs in crime dramas.",5,4,4,4,4,4,4,AUTO_CLASSIFIED,P1,r/KDRAMA community wiki glossary,korean accuracy not yet human-verified (separate axis from content strategy fit)
nuna-01,,누나/누님,ko,nuance,누나/누님,P2,"NUANCE (inferred from content structure, not real search data)",,,누나/누님,"How a man addresses an older woman he's close to — his actual older sister, or a woman he admires/respects. 누님 is the more formal, respectful version.",5,4,4,4,4,4,4,AUTO_CLASSIFIED,P1,r/KDRAMA community wiki glossary,korean accuracy not yet human-verified (separate axis from content strategy fit)
eonni-01,,언니,ko,nuance,언니,P2,"NUANCE (inferred from content structure, not real search data)",,,언니,"How a woman addresses an older woman she's close to — her actual older sister, or a woman she admires/respects (including a female friend, senior, or salesperson at a shop).",5,4,4,4,4,4,4,AUTO_CLASSIFIED,P1,r/KDRAMA community wiki glossary,korean accuracy not yet human-verified (separate axis from content strategy fit)
maknae-01,,막내,ko,nuance,막내,P2,"NUANCE (inferred from content structure, not real search data)",,,막내,"The youngest member of a family, team, or group — in K-pop, it's the group's youngest idol; in a family, the youngest child.",5,4,4,4,4,4,4,AUTO_CLASSIFIED,P1,r/KDRAMA community wiki glossary,korean accuracy not yet human-verified (separate axis from content strategy fit)
jagi-01,,자기,ko,nuance,자기,P2,"NUANCE (inferred from content structure, not real search data)",,,자기,"Literally means ""oneself,"" but used between romantic partners as an affectionate term of endearment, roughly like ""babe"" or ""honey.""",5,3,3,3,4,3,3,AUTO_CLASSIFIED,P2,r/KDRAMA community wiki glossary,"dictionary-style only, no nuance/example yet; korean accuracy not yet human-verified (separate axis from content strategy fit)"
yeobo-01,,여보,ko,nuance,여보,P2,"NUANCE (inferred from content structure, not real search data)",,,여보,"A term of endearment used between married couples to address each other — closer to ""honey"" or ""dear"" than a name.",5,3,3,3,4,3,3,AUTO_CLASSIFIED,P2,r/KDRAMA community wiki glossary,"dictionary-style only, no nuance/example yet; korean accuracy not yet human-verified (separate axis from content strategy fit)"
ramyeonmeokgogallae-01,,라면 먹고 갈래?,ko,nuance,라면 먹고 갈래?,P2,"NUANCE (inferred from content structure, not real search data)",,,라면 먹고 갈래?,"Literally ""want to have ramen before you go?"" — a famous line from Korean film/drama used as a suggestive invitation for someone to stay over, roughly equivalent to ""Netflix and chill?""",5,4,4,4,4,4,4,AUTO_CLASSIFIED,P1,r/KDRAMA community wiki glossary,korean accuracy not yet human-verified (separate axis from content strategy fit)
skinship-01,,스킨십,ko,nuance,스킨십,P2,"NUANCE (inferred from content structure, not real search data)",,,스킨십,"A Konglish term (""skin"" + ""-ship"") for physical touch between people — holding hands, hugging, etc. Can be romantic, but also used for platonic affection between friends or family.",5,4,4,4,4,4,4,AUTO_CLASSIFIED,P1,r/KDRAMA community wiki glossary,korean accuracy not yet human-verified (separate axis from content strategy fit)
hoesik-01,,회식,ko,nuance,회식,P2,"NUANCE (inferred from content structure, not real search data)",,,회식,"A company dinner (often followed by drinks) that Korean coworkers attend together — technically optional, but often treated as an expected part of office culture.",5,4,4,4,4,4,4,AUTO_CLASSIFIED,P1,r/KDRAMA community wiki glossary,korean accuracy not yet human-verified (separate axis from content strategy fit)
makjangdrama-01,,막장 드라마,ko,nuance,막장 드라마,P2,"NUANCE (inferred from content structure, not real search data)",,,막장 드라마,"A drama genre known for outrageously over-the-top plots — amnesia, secret siblings, birth secrets, and slap-worthy scandals piled on top of each other, often mocked as unrealistic even by fans who can't stop watching.",5,4,4,4,4,4,4,AUTO_CLASSIFIED,P1,r/KDRAMA community wiki glossary,korean accuracy not yet human-verified (separate axis from content strategy fit)
menbung-01,,멘붕,ko,nuance,멘붕,P2,"NUANCE (inferred from content structure, not real search data)",,,멘붕,"Short for ""멘탈 붕괴"" (mental collapse) — ""mind blown,"" or more literally, a total mental breakdown from shock, stress, or being overwhelmed.",5,3,3,3,4,3,3,AUTO_CLASSIFIED,P2,r/KDRAMA community wiki glossary,"dictionary-style only, no nuance/example yet; korean accuracy not yet human-verified (separate axis from content strategy fit)"
omoomona-01,,어머/어머나,ko,nuance,어머/어머나,P2,"NUANCE (inferred from content structure, not real search data)",,,어머/어머나,"An exclamation of surprise, usually pleasant — like running into someone unexpectedly, or seeing something delightful. Traditionally associated more with women's speech, though used more broadly today.",5,4,4,4,4,4,4,AUTO_CLASSIFIED,P1,r/KDRAMA community wiki glossary,korean accuracy not yet human-verified (separate axis from content strategy fit)
kol-01,,콜,ko,nuance,콜,P2,"NUANCE (inferred from content structure, not real search data)",,,콜,"Konglish (from English ""call"") used to agree to something or accept a challenge/deal — like saying ""deal!"" or ""I'm in!""",5,3,3,3,4,3,3,AUTO_CLASSIFIED,P2,r/KDRAMA community wiki glossary,"dictionary-style only, no nuance/example yet; korean accuracy not yet human-verified (separate axis from content strategy fit)"
chaebol-01,,재벌,ko,nuance,재벌,P2,"NUANCE (inferred from content structure, not real search data)",,,재벌,"Refers to extremely wealthy, powerful family-owned business conglomerates in Korea (and by extension, the heirs born into them) — a recurring K-drama trope: the rich, cold chaebol heir who falls for an ordinary person.",5,3,3,3,4,3,3,AUTO_CLASSIFIED,P2,r/KDRAMA community wiki glossary,"dictionary-style only, no nuance/example yet; korean accuracy not yet human-verified (separate axis from content strategy fit)"
chemi-01,,케미,ko,nuance,케미,P2,"NUANCE (inferred from content structure, not real search data)",,,케미,"Short for ""chemistry"" — the on-screen (or real) rapport and spark between two people, whether romantic or platonic. Fans talk about a drama couple having ""good 케미.""",5,3,3,3,4,3,3,AUTO_CLASSIFIED,P2,r/KDRAMA community wiki glossary,"dictionary-style only, no nuance/example yet; korean accuracy not yet human-verified (separate axis from content strategy fit)"
geonbae-01,,건배,ko,nuance,건배,P2,"NUANCE (inferred from content structure, not real search data)",,,건배,"""Cheers!"" — said when raising a glass to drink together, whether the drink is alcoholic or not.",5,3,3,3,4,3,3,AUTO_CLASSIFIED,P2,r/KDRAMA community wiki glossary,"dictionary-style only, no nuance/example yet; korean accuracy not yet human-verified (separate axis from content strategy fit)"
gostop-01,,고스톱,ko,nuance,고스톱,P2,"NUANCE (inferred from content structure, not real search data)",,,고스톱,"A popular Korean card game played with small illustrated ""hwatu"" cards — often shown being played by family members (especially grandparents) during holidays, sometimes for small stakes.",5,3,3,3,4,3,3,AUTO_CLASSIFIED,P2,r/KDRAMA community wiki glossary,"dictionary-style only, no nuance/example yet; korean accuracy not yet human-verified (separate axis from content strategy fit)"
hagwon-01,,학원,ko,nuance,학원,P2,"NUANCE (inferred from content structure, not real search data)",,,학원,"A private after-school academy where students take extra lessons — academic subjects, but also music, art, taekwondo, etc. A defining feature of Korean students' packed schedules, frequently shown in school dramas.",5,3,3,3,4,3,3,AUTO_CLASSIFIED,P2,r/KDRAMA community wiki glossary,"dictionary-style only, no nuance/example yet; korean accuracy not yet human-verified (separate axis from content strategy fit)"
kkeojyeo-01,,꺼져,ko,nuance,꺼져,P2,"NUANCE (inferred from content structure, not real search data)",,,꺼져,"A blunt, rude way to tell someone to ""get lost"" or ""get away"" — the imperative form of 꺼지다 (to go out/be extinguished, like a flame).",5,4,4,4,4,4,4,AUTO_CLASSIFIED,P1,r/KDRAMA community wiki glossary,korean accuracy not yet human-verified (separate axis from content strategy fit)
makgeolli-01,,막걸리,ko,nuance,막걸리,P2,"NUANCE (inferred from content structure, not real search data)",,,막걸리,"A traditional Korean alcoholic drink made from fermented rice, milky-white and slightly sweet — often paired with Korean pancakes (전, jeon), especially on a rainy day.",5,3,3,3,4,3,3,AUTO_CLASSIFIED,P2,r/KDRAMA community wiki glossary,"dictionary-style only, no nuance/example yet; korean accuracy not yet human-verified (separate axis from content strategy fit)"
molka-01,,몰카,ko,nuance,몰카,P2,"NUANCE (inferred from content structure, not real search data)",,,몰카,"Short for ""몰래카메라"" (hidden camera) — can mean an innocent hidden-camera prank show, but has also become a serious social issue in Korea referring to illegal spy-cam filming.",5,4,4,4,4,4,4,AUTO_CLASSIFIED,P1,r/KDRAMA community wiki glossary,korean accuracy not yet human-verified (separate axis from content strategy fit)
oneshot-01,,원샷,ko,nuance,원샷,P2,"NUANCE (inferred from content structure, not real search data)",,,원샷,Downing an entire glass or shot of alcohol in one go — a common feature of Korean drinking culture and drinking games.,5,3,3,3,4,3,3,AUTO_CLASSIFIED,P2,r/KDRAMA community wiki glossary,"dictionary-style only, no nuance/example yet; korean accuracy not yet human-verified (separate axis from content strategy fit)"
pojangmacha-01,,포장마차,ko,nuance,포장마차,P2,"NUANCE (inferred from content structure, not real search data)",,,포장마차,"A street food tent/cart, often serving snacks and alcohol late into the night — sometimes translated as a ""pop-up bar."" A classic K-drama setting for late-night heart-to-heart conversations.",5,3,3,3,4,3,3,AUTO_CLASSIFIED,P2,r/KDRAMA community wiki glossary,"dictionary-style only, no nuance/example yet; korean accuracy not yet human-verified (separate axis from content strategy fit)"
sageuk-01,,사극,ko,nuance,사극,P2,"NUANCE (inferred from content structure, not real search data)",,,사극,"The genre name for historical dramas — stories set in Korea's past, often the Joseon dynasty, featuring period costumes, palace intrigue, and formal speech patterns.",5,3,3,3,4,3,3,AUTO_CLASSIFIED,P2,r/KDRAMA community wiki glossary,"dictionary-style only, no nuance/example yet; korean accuracy not yet human-verified (separate axis from content strategy fit)"
soju-01,,소주,ko,nuance,소주,P2,"NUANCE (inferred from content structure, not real search data)",,,소주,"Korea's iconic clear distilled liquor, typically sold in small green bottles — the default drink in countless K-drama scenes of celebration, heartbreak, or venting to a friend.",5,3,3,3,4,3,3,AUTO_CLASSIFIED,P2,r/KDRAMA community wiki glossary,"dictionary-style only, no nuance/example yet; korean accuracy not yet human-verified (separate axis from content strategy fit)"
somaek-01,,소맥,ko,nuance,소맥,P2,"NUANCE (inferred from content structure, not real search data)",,,소맥,"A mixed drink combining soju (소주) and beer (맥주) — a popular way to drink both at once, often mixed with a flourish at group gatherings.",5,3,3,3,4,3,3,AUTO_CLASSIFIED,P2,r/KDRAMA community wiki glossary,"dictionary-style only, no nuance/example yet; korean accuracy not yet human-verified (separate axis from content strategy fit)"
agassi-01,,아가씨,ko,nuance,아가씨,P2,"NUANCE (inferred from content structure, not real search data)",,,아가씨,"A term for a young, unmarried woman — roughly equivalent to ""miss."" In period dramas, often used for a young noblewoman; in modern contexts it can occasionally carry an old-fashioned or slightly loaded tone depending on who's using it.",5,3,3,3,4,3,3,AUTO_CLASSIFIED,P2,r/KDRAMA community wiki glossary,"dictionary-style only, no nuance/example yet; korean accuracy not yet human-verified (separate axis from content strategy fit)"
sagwapun-01,,사과,ko,nuance,사과,P2,"NUANCE (inferred from content structure, not real search data)",,,사과,"The word for ""apple"" is also the word for ""apology"" (사과 = both) — dramas sometimes play on this by having an immature character literally hand someone an apple instead of actually apologizing, to break the tension with a joke.",5,3,3,3,4,3,3,AUTO_CLASSIFIED,P2,r/KDRAMA community wiki glossary,"dictionary-style only, no nuance/example yet; korean accuracy not yet human-verified (separate axis from content strategy fit)"
arasseo-01,,알았어,ko,nuance,알았어,P2,"NUANCE (inferred from content structure, not real search data)",,,알았어,"Casual way of saying ""okay""/""got it"" — acknowledging that you heard and understood someone, from 알다 (""to know"").",5,3,3,3,4,3,3,AUTO_CLASSIFIED,P2,r/KDRAMA community wiki glossary,"dictionary-style only, no nuance/example yet; korean accuracy not yet human-verified (separate axis from content strategy fit)"
andwae-01,,안돼/안 돼,ko,nuance,안돼/안 돼,P2,"NUANCE (inferred from content structure, not real search data)",,,안돼/안 돼,"""No way!""/""don't!"" — a sharp, urgent way to say something shouldn't happen, often shouted in reaction to a shocking or upsetting moment.",5,3,3,3,4,3,3,AUTO_CLASSIFIED,P2,r/kpop community wiki glossary,"dictionary-style only, no nuance/example yet; korean accuracy not yet human-verified (separate axis from content strategy fit)"
byuntae-01,,변태,ko,nuance,변태,P2,"NUANCE (inferred from content structure, not real search data)",,,변태,"""Pervert"" — a term for someone with creepy or inappropriate romantic/sexual behavior, used both as a genuine accusation and as an exaggerated joke among friends.",5,3,3,3,4,3,3,AUTO_CLASSIFIED,P2,r/kpop community wiki glossary,"dictionary-style only, no nuance/example yet; korean accuracy not yet human-verified (separate axis from content strategy fit)"
daesang-01,,대상,ko,nuance,대상,P2,"NUANCE (inferred from content structure, not real search data)",,,대상,"The top ""grand prize"" awarded at year-end Korean entertainment award shows — the biggest honor of the night, above regular category awards.",5,4,4,4,4,4,4,AUTO_CLASSIFIED,P1,r/kpop community wiki glossary,korean accuracy not yet human-verified (separate axis from content strategy fit)
dugeundugeun-01,,두근두근,ko,nuance,두근두근,P2,"NUANCE (inferred from content structure, not real search data)",,,두근두근,"Onomatopoeia for a heart pounding — ""thump-thump"" — used to describe nervousness, excitement, or the fluttery feeling of a crush.",5,3,3,3,4,3,3,AUTO_CLASSIFIED,P2,r/kpop community wiki glossary,"dictionary-style only, no nuance/example yet; korean accuracy not yet human-verified (separate axis from content strategy fit)"
hallyu-01,,한류,ko,nuance,한류,P2,"NUANCE (inferred from content structure, not real search data)",,,한류,"""The Korean Wave"" — the global surge in popularity of Korean pop culture (music, dramas, film, food, beauty) since the late 1990s/2000s.",5,3,3,3,4,3,3,AUTO_CLASSIFIED,P2,r/kpop community wiki glossary,"dictionary-style only, no nuance/example yet; korean accuracy not yet human-verified (separate axis from content strategy fit)"
hanbok-01,,한복,ko,nuance,한복,P2,"NUANCE (inferred from content structure, not real search data)",,,한복,"Traditional Korean clothing, characterized by bold colors and flowing lines. Not everyday wear anymore, but commonly worn for holidays like Seollal and Chuseok, weddings, and historical dramas.",5,3,3,3,4,3,3,AUTO_CLASSIFIED,P2,r/kpop community wiki glossary,"dictionary-style only, no nuance/example yet; korean accuracy not yet human-verified (separate axis from content strategy fit)"
noraebang-01,,노래방,ko,nuance,노래방,P2,"NUANCE (inferred from content structure, not real search data)",,,노래방,"Literally ""singing room"" — a Korean karaoke room rented by a group of friends for private singing, distinct from the Japanese ""karaoke"" bar-style format.",5,3,3,3,4,3,3,AUTO_CLASSIFIED,P2,r/kpop community wiki glossary,"dictionary-style only, no nuance/example yet; korean accuracy not yet human-verified (separate axis from content strategy fit)"
nugu-01,,누구,ko,nuance,누구,P2,"NUANCE (inferred from content structure, not real search data)",,,누구,"Literally ""who,"" but adopted by English-speaking K-pop fandom to mean ""nobody[s]"" — used (often unkindly) for a lesser-known idol or group most fans haven't heard of.",5,4,4,4,4,4,4,AUTO_CLASSIFIED,P1,r/kpop community wiki glossary,korean accuracy not yet human-verified (separate axis from content strategy fit)
eoljjang-01,,얼짱,ko,nuance,얼짱,P2,"NUANCE (inferred from content structure, not real search data)",,,얼짱,"Short for ""best face"" (얼굴 + 짱) — someone considered extremely good-looking, especially someone who became locally famous online purely for their looks before any other achievement.",5,3,3,3,4,3,3,AUTO_CLASSIFIED,P2,r/kpop community wiki glossary,"dictionary-style only, no nuance/example yet; korean accuracy not yet human-verified (separate axis from content strategy fit)"
sajaegi-01,,사재기,ko,nuance,사재기,P2,"NUANCE (inferred from content structure, not real search data)",,,사재기,Chart manipulation — artificially inflating a song or album's digital chart rankings through bulk/bot purchases rather than genuine popularity. A recurring scandal topic in the K-pop industry.,5,3,3,3,4,3,3,AUTO_CLASSIFIED,P2,r/kpop community wiki glossary,"dictionary-style only, no nuance/example yet; korean accuracy not yet human-verified (separate axis from content strategy fit)"
sasaeng-01,,사생,ko,nuance,사생,P2,"NUANCE (inferred from content structure, not real search data)",,,사생,"Short for ""사생팬"" (sasaeng fan) — an obsessive fan who stalks, tracks, or invades the privacy of an idol, going far beyond normal fan behavior. A serious, well-documented problem in the K-pop industry, not just an exaggeration.",5,3,3,3,4,3,3,AUTO_CLASSIFIED,P2,r/kpop community wiki glossary,"dictionary-style only, no nuance/example yet; korean accuracy not yet human-verified (separate axis from content strategy fit)"
konglish-01,,콩글리시,ko,nuance,콩글리시,P2,"NUANCE (inferred from content structure, not real search data)",,,콩글리시,"""Korean English"" — English loanwords or phrases reshaped by Korean usage into something a native English speaker might not recognize (e.g. ""hand phone"" for cell phone, ""skinship,"" ""fighting"").",5,3,3,3,4,3,3,AUTO_CLASSIFIED,P2,r/kpop community wiki glossary,"dictionary-style only, no nuance/example yet; korean accuracy not yet human-verified (separate axis from content strategy fit)"
moobimoobimoobi-01,,무비 무비 무비,ko,neologism,무비 무비 무비,P4,"K_CONTENT (inferred from content structure, not real search data)",,,무비 무비 무비,"""Move it, move it, move it!"" — Yoo Jae-suk's rallying cry on Infinite Challenge (무한도전) whenever the members had to rush to their next mission, adapted from the English drill-sergeant line in Hollywood movies.",5,4,4,4,2,4,4,AUTO_CLASSIFIED,P1,Korean variety show (Infinite Challenge / Running Man) catchphrases,korean accuracy not yet human-verified (separate axis from content strategy fit)
bogoitna-01,,보고 있나?,ko,neologism,보고 있나?,P4,"K_CONTENT (inferred from content structure, not real search data)",,,보고 있나?,"""Are you watching [this]?"" — said with an arrogant, teasing tone, usually aimed at a celebrity or rival, as a running joke on Infinite Challenge. Went viral after member Gil publicly recruited actor Jo In-sung via Twitter using this exact phrase.",4,3,3,3,2,3,3,AUTO_CLASSIFIED,P2,Korean variety show (Infinite Challenge / Running Man) catchphrases,"dictionary-style only, no nuance/example yet; korean accuracy not yet human-verified (separate axis from content strategy fit)"
haengsyo-01,,행쇼,ko,neologism,행쇼,P4,"K_CONTENT (inferred from content structure, not real search data)",,,행쇼,"Short for ""행복하십쇼"" (""be happy!"") — an online expression G-Dragon brought to mainstream fame after using it in a 2012 Infinite Challenge skit (""무한상사"").",4,3,3,3,2,3,3,AUTO_CLASSIFIED,P2,Korean variety show (Infinite Challenge / Running Man) catchphrases,"dictionary-style only, no nuance/example yet; korean accuracy not yet human-verified (separate axis from content strategy fit)"
anianinde-01,,"아니, 아닌데?",ko,neologism,"아니, 아닌데?",P4,"K_CONTENT (inferred from content structure, not real search data)",,,"아니, 아닌데?","""No, that's not right?"" — Jung Hyung-don's signature stubborn denial on Infinite Challenge, used to comically contradict whatever was just said, even when he was clearly wrong.",4,3,3,3,2,3,3,AUTO_CLASSIFIED,P2,Korean variety show (Infinite Challenge / Running Man) catchphrases,"dictionary-style only, no nuance/example yet; korean accuracy not yet human-verified (separate axis from content strategy fit)"
sseyoche-01,,쎄요체,ko,neologism,쎄요체,P4,"K_CONTENT (inferred from content structure, not real search data)",,,쎄요체,"A deliberately garbled speech style built on Park Myung-soo's real mispronunciation of polite endings (saying ""-쎄요"" instead of the correct ""-세요"") — Yoo Jae-suk turned the slip-up into a running gag on Infinite Challenge, and it stuck as its own comedic ""speech style.""",4,3,3,3,2,3,3,AUTO_CLASSIFIED,P2,Korean variety show (Infinite Challenge / Running Man) catchphrases,"dictionary-style only, no nuance/example yet; korean accuracy not yet human-verified (separate axis from content strategy fit)"
muyaho-01,,무야호,ko,neologism,무야호,P4,"K_CONTENT (inferred from content structure, not real search data)",,,무야호,"A viral meme from a 2010 Infinite Challenge episode: when the members tried to get an elderly Korean-American man in Alaska to shout ""무한~ 도전!"" together with them, he got flustered and blurted out the nonsensical ""무야~ 호~!"" instead. The clip resurfaced in 2018-2019 and exploded into one of Korea's biggest internet memes of 2021.",5,4,4,4,2,4,4,AUTO_CLASSIFIED,P1,Korean variety show (Infinite Challenge / Running Man) catchphrases,korean accuracy not yet human-verified (separate axis from content strategy fit)
hiteudahiteu-01,,히트다 히트,ko,neologism,히트다 히트,P4,"K_CONTENT (inferred from content structure, not real search data)",,,히트다 히트,"""It's a hit, a hit!"" — an enthusiastic Infinite Challenge catchphrase declaring something a smash success, later revisited on the show itself in a segment debating which member actually originated it.",4,3,3,3,2,3,3,AUTO_CLASSIFIED,P2,Korean variety show (Infinite Challenge / Running Man) catchphrases,"dictionary-style only, no nuance/example yet; korean accuracy not yet human-verified (separate axis from content strategy fit)"
hyeongiwaegeogiseonawa-01,,형이 왜 거기서 나와,ko,neologism,형이 왜 거기서 나와,P4,"K_CONTENT (inferred from content structure, not real search data)",,,형이 왜 거기서 나와,"""Why are you coming out from over there, bro?"" — a catchphrase used whenever someone unexpectedly pops up in a completely unrelated scene or context, treated as a punchline for a surprise cameo or coincidence.",4,3,3,3,2,3,3,AUTO_CLASSIFIED,P2,Korean variety show (Infinite Challenge / Running Man) catchphrases,"dictionary-style only, no nuance/example yet; korean accuracy not yet human-verified (separate axis from content strategy fit)"
hongcheoleopneunhongcheoltim-01,,홍철 없는 홍철팀,ko,neologism,홍철 없는 홍철팀,P4,"K_CONTENT (inferred from content structure, not real search data)",,,홍철 없는 홍철팀,"""Team Hongchul, without Hongchul"" — describes an ironic situation where something named after or led by a particular person carries on without that person actually being there.",5,4,4,4,2,4,4,AUTO_CLASSIFIED,P1,Korean variety show (Infinite Challenge / Running Man) catchphrases,korean accuracy not yet human-verified (separate axis from content strategy fit)
sarangaboyeonghae-01,,사랑아 보영해,ko,neologism,사랑아 보영해,P4,"K_CONTENT (inferred from content structure, not real search data)",,,사랑아 보영해,"A playful catchphrase built by flipping the syllables of ""보영아 사랑해"" (""Boyoung, I love you"") into nonsense-sounding ""사랑아 보영해"" — the kind of syllable-swap wordplay that became a small trend of similarly reversed phrases on Infinite Challenge.",4,3,3,3,2,3,3,AUTO_CLASSIFIED,P2,Korean variety show (Infinite Challenge / Running Man) catchphrases,"dictionary-style only, no nuance/example yet; korean accuracy not yet human-verified (separate axis from content strategy fit)"
yaminjeongeum-01,,야민정음,ko,neologism,야민정음,P4,"K_CONTENT (inferred from content structure, not real search data)",,,야민정음,"Internet slang for deliberately misreading Hangul by swapping letters that look visually similar (e.g. 명 read as 띵, 대 read as 머) — an ironic pun on ""훈민정음,"" the name of the original Hangul writing system. Popular in memes and captions, including on variety shows.",5,4,4,4,2,4,4,AUTO_CLASSIFIED,P1,Korean variety show (Infinite Challenge / Running Man) catchphrases,korean accuracy not yet human-verified (separate axis from content strategy fit)
ireumpyotteutgi-01,,이름표 뜯기,ko,neologism,이름표 뜯기,P4,"K_CONTENT (inferred from content structure, not real search data)",,,이름표 뜯기,"""Name-tag ripping"" — Running Man's signature game mechanic: each player wears a name tag on their back, and ripping off an opponent's tag eliminates them. The last person with an intact name tag wins.",4,3,3,3,2,3,3,AUTO_CLASSIFIED,P2,Korean variety show (Infinite Challenge / Running Man) catchphrases,"dictionary-style only, no nuance/example yet; korean accuracy not yet human-verified (separate axis from content strategy fit)"
neungnyeokja-01,,능력자,ko,neologism,능력자,P4,"K_CONTENT (inferred from content structure, not real search data)",,,능력자,"Literally ""a person of ability,"" used admiringly for someone who's impressively capable at something — especially physical feats. Heavily associated with Running Man's Kim Jong-kook, often praised this way for his strength.",4,3,3,3,2,3,3,AUTO_CLASSIFIED,P2,Korean variety show (Infinite Challenge / Running Man) catchphrases,"dictionary-style only, no nuance/example yet; korean accuracy not yet human-verified (separate axis from content strategy fit)"
yuneunim-01,,유느님,ko,neologism,유느님,P4,"K_CONTENT (inferred from content structure, not real search data)",,,유느님,"A reverent nickname for MC Yoo Jae-suk, blending his surname ""유"" with an exaggerated, almost divine version of the honorific ""-님"" (""느님,"" echoing ""하느님,"" God) — recognizing his status as one of Korea's most respected and trusted entertainers.",4,3,3,3,2,3,3,AUTO_CLASSIFIED,P2,Korean variety show (Infinite Challenge / Running Man) catchphrases,"dictionary-style only, no nuance/example yet; korean accuracy not yet human-verified (separate axis from content strategy fit)"
baesinuiaikon-01,,배신의 아이콘,ko,neologism,배신의 아이콘,P4,"K_CONTENT (inferred from content structure, not real search data)",,,배신의 아이콘,"""Icon of betrayal"" — a teasing nickname given to a cast member (most famously Running Man's Lee Kwang-soo) known for flipping alliances or backstabbing teammates during team-based games, treated as an entertaining character trait rather than a real insult.",4,3,3,3,2,3,3,AUTO_CLASSIFIED,P2,Korean variety show (Infinite Challenge / Running Man) catchphrases,"dictionary-style only, no nuance/example yet; korean accuracy not yet human-verified (separate axis from content strategy fit)"
